Date,Symbol,No of Contracts Traded,Traded Quantity,Total Traded Value (Rs. In Crs.)
2016-01-01,BANKNIFTY,140382,4211460,7239.87
2016-01-01,NIFTY,859166,64437450,52040.85
2016-01-04,BANKNIFTY,376915,11307450,19188.74
2016-01-04,NIFTY,2546999,191024925,151788.40
2016-01-04,NIFTYIT,2,90,0.10
2016-01-05,BANKNIFTY,274156,8224680,13823.40
2016-01-05,NIFTY,1945485,145911375,115647.05
2016-01-05,NIFTYIT,3,135,0.15
2016-01-06,BANKNIFTY,302955,9088650,15233.04
2016-01-06,NIFTY,2131230,159842250,126551.65
2016-01-06,NIFTYIT,3,135,0.15
2016-01-07,BANKNIFTY,431137,12934110,21405.13
2016-01-07,NIFTY,3324174,249313050,193468.48
2016-01-07,NIFTYIT,1,45,0.05
2016-01-08,BANKNIFTY,261506,7845180,12937.49
2016-01-08,NIFTY,2128620,159646500,123457.97
2016-01-08,NIFTYIT,3,135,0.15
2016-01-11,BANKNIFTY,367361,11020830,17994.59
2016-01-11,NIFTY,2915990,218699250,167842.80
2016-01-11,NIFTYIT,2,90,0.10
2016-01-12,BANKNIFTY,408687,12260610,19871.51
2016-01-12,NIFTY,2248623,168646725,129159.72
2016-01-12,NIFTYIT,6,270,0.29
2016-01-13,BANKNIFTY,673671,20210130,32540.81
2016-01-13,NIFTY,4602985,345223875,264216.92
2016-01-13,NIFTYIT,10,450,0.49
2016-01-14,BANKNIFTY,538736,16162080,25794.78
2016-01-14,NIFTY,3695383,277153725,210863.63
2016-01-14,NIFTYIT,13,585,0.64
2016-01-15,BANKNIFTY,478077,14342310,22779.42
2016-01-15,NIFTY,3076885,230766375,175616.53
2016-01-18,BANKNIFTY,656715,19701450,30708.74
2016-01-18,NIFTY,3762926,282219450,213252.46
2016-01-19,BANKNIFTY,480675,14420250,22366.98
2016-01-19,NIFTY,3344312,250823400,188631.22
2016-01-20,BANKNIFTY,701177,21035310,32106.80
2016-01-20,NIFTY,4539581,340468575,252463.13
2016-01-21,BANKNIFTY,870596,26117880,39899.45
2016-01-21,NIFTY,5072788,380459100,281825.27
2016-01-21,NIFTYIT,2,90,0.10
2016-01-22,BANKNIFTY,894425,26832750,41693.70
2016-01-22,NIFTY,4348304,326122800,243098.31
2016-01-25,BANKNIFTY,683184,20495520,32019.67
2016-01-25,NIFTY,4313861,323539575,242342.89
2016-01-25,NIFTYIT,1,45,0.05
2016-01-27,BANKNIFTY,882265,26467950,41291.27
2016-01-27,NIFTY,4707751,353081325,264489.77
2016-01-28,BANKNIFTY,1311328,39339840,61371.01
2016-01-28,NIFTY,6336485,475236375,355671.54
2016-01-28,NIFTYIT,1,45,0.05
2016-01-29,BANKNIFTY,327412,9822360,15457.77
2016-01-29,NIFTY,1985236,148892700,113018.19
2016-02-01,BANKNIFTY,289371,8681130,13653.43
2016-02-01,NIFTY,1699044,127428300,97456.72
2016-02-01,NIFTYIT,1,45,0.05
2016-02-02,BANKNIFTY,588211,17646330,27524.26
2016-02-02,NIFTY,2625404,196905300,149850.08
2016-02-03,BANKNIFTY,471132,14133960,21623.98
2016-02-03,NIFTY,2452910,183968250,138190.30
2016-02-03,NIFTYIT,3,135,0.15
2016-02-04,BANKNIFTY,450484,13514520,20613.74
2016-02-04,NIFTY,2461897,184642275,139027.94
2016-02-04,NIFTYIT,1,45,0.05
2016-02-05,BANKNIFTY,457388,13721640,21136.20
2016-02-05,NIFTY,2629712,197228400,148889.62
2016-02-08,BANKNIFTY,485098,14552940,22575.43
2016-02-08,NIFTY,2499186,187438950,141675.72
2016-02-09,BANKNIFTY,456074,13682220,20797.59
2016-02-09,NIFTY,3002490,225186750,167872.49
2016-02-10,BANKNIFTY,564014,16920420,25607.63
2016-02-10,NIFTY,3489243,261693225,193583.82
2016-02-10,NIFTYIT,3,135,0.15
2016-02-11,BANKNIFTY,716931,21507930,31934.87
2016-02-11,NIFTY,4685411,351405825,256475.48
2016-02-12,BANKNIFTY,672766,20182980,29172.16
2016-02-12,NIFTY,4797520,359814000,257992.20
2016-02-15,BANKNIFTY,596897,17906910,26169.00
2016-02-15,NIFTY,3462157,259661775,187854.97
2016-02-16,BANKNIFTY,611628,18348840,26760.14
2016-02-16,NIFTY,4370868,327815100,237028.22
2016-02-16,NIFTYIT,2,90,0.10
2016-02-17,BANKNIFTY,796179,23885370,34112.60
2016-02-17,NIFTY,5061173,379587975,271487.97
2016-02-18,BANKNIFTY,686029,20580870,29686.88
2016-02-18,NIFTY,4484248,336318600,243484.68
2016-02-19,BANKNIFTY,650162,19504860,28144.21
2016-02-19,NIFTY,3836420,287731500,208359.69
2016-02-19,NIFTYIT,1,45,0.05
2016-02-22,BANKNIFTY,702309,21069270,30515.17
2016-02-22,NIFTY,3295316,247148700,179766.32
2016-02-23,BANKNIFTY,1151572,34547160,49350.02
2016-02-23,NIFTY,5680158,426011850,307806.86
2016-02-24,BANKNIFTY,1324623,39738690,55743.55
2016-02-24,NIFTY,7130259,534769425,381812.40
2016-02-25,BANKNIFTY,1590517,47715510,66490.93
2016-02-25,NIFTY,8009978,600748350,425146.92
2016-02-26,BANKNIFTY,296448,8893440,12765.31
2016-02-26,NIFTY,1747382,131053650,94375.02
2016-02-26,NIFTYIT,21,945,1.01
2016-02-29,BANKNIFTY,789855,23695650,33890.96
2016-02-29,NIFTY,5032173,377412975,269872.87
2016-03-01,BANKNIFTY,405888,12176640,17603.38
2016-03-01,NIFTY,3083761,231282075,166369.58
2016-03-02,BANKNIFTY,582910,17487300,26453.81
2016-03-02,NIFTY,2835307,212648025,157119.20
2016-03-03,BANKNIFTY,370206,11106180,16856.67
2016-03-03,NIFTY,2404289,180321675,133834.09
2016-03-03,NIFTYIT,3,135,0.15
2016-03-04,BANKNIFTY,511737,15352110,23565.23
2016-03-04,NIFTY,2425188,181889100,136148.57
2016-03-04,NIFTYIT,1,45,0.05
2016-03-08,BANKNIFTY,372398,11171940,17122.22
2016-03-08,NIFTY,2368152,177611400,133187.54
2016-03-09,BANKNIFTY,432049,12961470,19831.39
2016-03-09,NIFTY,2705763,202932225,151968.88
2016-03-09,NIFTYIT,1,45,0.05
2016-03-10,BANKNIFTY,395663,11869890,18214.49
2016-03-10,NIFTY,2775326,208149450,157181.69
2016-03-11,BANKNIFTY,502429,15072870,23168.54
2016-03-11,NIFTY,3278265,245869875,185365.99
2016-03-14,BANKNIFTY,365676,10970280,16903.25
2016-03-14,NIFTY,2351084,176331300,133552.69
2016-03-14,NIFTYIT,1,45,0.05
2016-03-15,BANKNIFTY,331083,9932490,15332.07
2016-03-15,NIFTY,2285931,171444825,129442.50
2016-03-16,BANKNIFTY,540283,16208490,25020.48
2016-03-16,NIFTY,2954324,221574300,166650.44
2016-03-16,NIFTYIT,9,405,0.45
2016-03-17,BANKNIFTY,652616,19578480,30589.79
2016-03-17,NIFTY,3488229,261617175,197910.96
2016-03-17,NIFTYIT,1,45,0.05
2016-03-18,BANKNIFTY,559289,16778670,26218.65
2016-03-18,NIFTY,3877729,290829675,219863.58
2016-03-21,BANKNIFTY,640942,19228260,30290.13
2016-03-21,NIFTY,3846873,288515475,220087.65
2016-03-22,BANKNIFTY,680344,20410320,32461.69
2016-03-22,NIFTY,3901256,292594200,225049.25
2016-03-23,BANKNIFTY,631701,18951030,30121.35
2016-03-23,NIFTY,3645059,273379425,210247.69
2016-03-23,NIFTYIT,4,180,0.20
2016-03-28,BANKNIFTY,855838,25675140,40709.71
2016-03-28,NIFTY,4208464,315634800,242987.59
2016-03-29,BANKNIFTY,889317,26679510,42128.51
2016-03-29,NIFTY,5213831,391037325,299735.20
2016-03-30,BANKNIFTY,1413608,42408240,67721.93
2016-03-30,NIFTY,5745720,430929000,332586.89
2016-03-31,BANKNIFTY,2026438,60793140,98445.15
2016-03-31,NIFTY,7298810,547410750,425255.75
2016-04-01,BANKNIFTY,225376,6761280,11009.42
2016-04-01,NIFTY,1936651,145248825,113118.54
2016-04-04,BANKNIFTY,240076,7202280,11816.39
2016-04-04,NIFTY,1346230,100967250,78891.73
2016-04-04,NIFTYIT,5,225,0.26
2016-04-05,BANKNIFTY,646396,19391880,31517.88
2016-04-05,NIFTY,3153055,236479125,184054.52
2016-04-05,NIFTYIT,1,45,0.05
2016-04-06,BANKNIFTY,318714,9561420,15300.01
2016-04-06,NIFTY,1981856,148639200,114816.16
2016-04-07,BANKNIFTY,472922,14187660,22664.97
2016-04-07,NIFTY,2490643,186798225,143568.53
2016-04-07,NIFTYIT,3,135,0.15
2016-04-08,BANKNIFTY,346257,10387710,16525.43
2016-04-08,NIFTY,1911621,143371575,109863.80
2016-04-11,BANKNIFTY,431372,12941160,20554.30
2016-04-11,NIFTY,2810977,210823275,161743.58
2016-04-12,BANKNIFTY,345082,10352460,16607.06
2016-04-12,NIFTY,2425524,181914300,140589.21
2016-04-13,BANKNIFTY,565781,16973430,27729.27
2016-04-13,NIFTY,3511150,263336250,206364.83
2016-04-13,NIFTYIT,1,45,0.05
2016-04-18,BANKNIFTY,406191,12185730,19920.73
2016-04-18,NIFTY,2687439,201557925,158834.51
2016-04-18,NIFTYIT,11,495,0.57
2016-04-20,BANKNIFTY,488832,14664960,23916.00
2016-04-20,NIFTY,3624462,271834650,215377.20
2016-04-21,BANKNIFTY,745723,22371690,37167.24
2016-04-21,NIFTY,3623925,271794375,215668.74
2016-04-22,BANKNIFTY,609882,18296460,30450.87
2016-04-22,NIFTY,3287849,246588675,195295.22
2016-04-25,BANKNIFTY,612137,18364110,30619.82
2016-04-25,NIFTY,4090367,306777525,242388.52
2016-04-26,BANKNIFTY,1013036,30391080,51067.98
2016-04-26,NIFTY,5686019,426451425,338106.46
2016-04-26,NIFTYIT,4,180,0.20
2016-04-27,BANKNIFTY,872969,26189070,44383.90
2016-04-27,NIFTY,4547023,341026725,272226.82
2016-04-28,BANKNIFTY,1941777,58253310,98372.71
2016-04-28,NIFTY,8992474,674435550,536382.29
2016-04-29,BANKNIFTY,316003,9480090,16087.49
2016-04-29,NIFTY,2340116,175508700,139023.71
2016-05-02,BANKNIFTY,239877,7196310,12146.91
2016-05-02,NIFTY,1699091,127431825,101026.11
2016-05-03,BANKNIFTY,331021,9930630,16718.35
2016-05-03,NIFTY,2965844,222438300,176348.55
2016-05-04,BANKNIFTY,271881,8156430,13614.90
2016-05-04,NIFTY,2084797,156359775,123136.79
2016-05-05,BANKNIFTY,268326,8049780,13408.13
2016-05-05,NIFTY,2119651,158973825,125089.36
2016-05-06,BANKNIFTY,241863,7255890,12065.24
2016-05-06,NIFTY,2090987,156824025,122885.94
2016-05-09,BANKNIFTY,329771,9893130,16546.15
2016-05-09,NIFTY,2555796,191684700,151246.08
2016-05-10,BANKNIFTY,294258,8827740,14905.31
2016-05-10,NIFTY,2047581,153568575,121478.31
2016-05-11,BANKNIFTY,501050,15031500,25426.89
2016-05-11,NIFTY,3342075,250655625,198130.03
2016-05-12,BANKNIFTY,350436,10513080,17911.59
2016-05-12,NIFTY,2662278,199670850,158191.33
2016-05-13,BANKNIFTY,469097,14072910,23777.91
2016-05-13,NIFTY,3402248,255168600,201238.68
2016-05-16,BANKNIFTY,497358,14920740,25034.50
2016-05-16,NIFTY,3126658,234499350,184935.98
2016-05-17,BANKNIFTY,407319,12219570,20731.98
2016-05-17,NIFTY,3009907,225743025,179168.45
2016-05-18,BANKNIFTY,444812,13344370,22490.30
2016-05-18,NIFTY,3437739,257830425,203934.94
2016-05-19,BANKNIFTY,466657,13999710,23597.40
2016-05-19,NIFTY,3933888,295041600,232969.36
2016-05-20,BANKNIFTY,559775,16793310,28088.27
2016-05-20,NIFTY,3883600,291270000,228878.95
2016-05-23,BANKNIFTY,793476,23804280,39599.90
2016-05-23,NIFTY,4640417,348031275,272986.30
2016-05-24,BANKNIFTY,794460,23833800,39451.24
2016-05-24,NIFTY,4107978,308098350,240283.45
2016-05-25,BANKNIFTY,1303142,39094800,65807.45
2016-05-25,NIFTY,6812043,510903225,403125.75
2016-05-26,BANKNIFTY,1810532,54316290,92762.44
2016-05-26,NIFTY,8123251,609243825,486799.28
2016-05-27,BANKNIFTY,261758,7853040,13775.76
2016-05-27,NIFTY,2157110,161783250,132352.17
2016-05-30,BANKNIFTY,249991,7499810,13175.56
2016-05-30,NIFTY,1541653,115623975,94741.26
2016-05-31,BANKNIFTY,354030,10622450,18675.04
2016-05-31,NIFTY,1563317,117248775,96422.81
2016-06-01,BANKNIFTY,701684,21054260,36979.72
2016-06-01,NIFTY,1380068,103505100,85132.99
2016-06-02,BANKNIFTY,1657649,49730330,87053.97
2016-06-02,NIFTY,1441075,108080625,88909.25
2016-06-03,BANKNIFTY,336572,10097970,17875.97
2016-06-03,NIFTY,1274346,95575950,78865.85
2016-06-06,BANKNIFTY,361751,10853640,19220.12
2016-06-06,NIFTY,942990,70724250,58376.30
2016-06-07,BANKNIFTY,1131276,33947120,60227.05
2016-06-07,NIFTY,1917643,143823225,118968.52
2016-06-08,BANKNIFTY,1039465,31186690,55675.34
2016-06-08,NIFTY,1067992,80099400,66181.64
2016-06-09,BANKNIFTY,2219505,66588280,118970.05
2016-06-09,NIFTY,1540133,115509975,95501.57
2016-06-10,BANKNIFTY,758974,22773800,40745.09
2016-06-10,NIFTY,2493591,187019325,154375.49
2016-06-13,BANKNIFTY,712413,21388940,37920.07
2016-06-13,NIFTY,2212368,165927600,135808.14
2016-06-14,BANKNIFTY,731290,21946920,38734.31
2016-06-14,NIFTY,1824609,136845675,111865.74
2016-06-15,BANKNIFTY,1325385,39779660,70539.42
2016-06-15,NIFTY,1992336,149425200,122805.59
2016-06-16,BANKNIFTY,3183644,95529750,169373.91
2016-06-16,NIFTY,2737621,205321575,168305.84
2016-06-17,BANKNIFTY,637084,19127730,34046.41
2016-06-17,NIFTY,1986149,148961175,122382.50
2016-06-20,BANKNIFTY,854912,25672990,45542.86
2016-06-20,NIFTY,2771741,207880575,171163.94
2016-06-21,BANKNIFTY,778176,23369350,41461.12
2016-06-21,NIFTY,1578326,118374450,97694.68
2016-06-22,BANKNIFTY,1463141,43939460,77712.05
2016-06-22,NIFTY,2003920,150294000,123815.72
2016-06-23,BANKNIFTY,2648907,79563200,141026.12
2016-06-23,NIFTY,2451880,183891000,151339.05
2016-06-24,BANKNIFTY,1088638,32869270,57463.50
2016-06-24,NIFTY,7513237,563492775,456380.35
2016-06-27,BANKNIFTY,823393,24900970,43658.45
2016-06-27,NIFTY,4330832,324812400,263610.45
2016-06-28,BANKNIFTY,775781,23518840,41322.66
2016-06-28,NIFTY,3846105,288457875,234341.38
2016-06-29,BANKNIFTY,1051132,31909910,56255.87
2016-06-29,NIFTY,5081462,381109650,311751.25
2016-06-30,BANKNIFTY,1908358,58434220,104421.84
2016-06-30,NIFTY,8326267,624470025,516052.54
2016-07-01,BANKNIFTY,441259,17650360,31926.05
2016-07-01,NIFTY,1356504,101737800,85277.82
2016-07-04,BANKNIFTY,526249,21049960,38138.08
2016-07-04,NIFTY,1293719,97028925,81558.64
2016-07-05,BANKNIFTY,848391,33935640,61392.63
2016-07-05,NIFTY,1129368,84702600,71137.68
2016-07-07,BANKNIFTY,1839476,73579040,133160.03
2016-07-07,NIFTY,1069946,80245950,67238.44
2016-07-08,BANKNIFTY,637330,25493200,46060.16
2016-07-08,NIFTY,1493528,112014600,93979.65
2016-07-11,BANKNIFTY,763901,30556040,56001.82
2016-07-11,NIFTY,2146702,161002650,135743.58
2016-07-12,BANKNIFTY,1128222,45128880,83726.78
2016-07-12,NIFTY,1690347,126776025,107764.54
2016-07-13,BANKNIFTY,1189249,47569960,88560.10
2016-07-13,NIFTY,1570762,117807150,100712.68
2016-07-14,BANKNIFTY,2575556,103022240,193044.56
2016-07-14,NIFTY,1696826,127261950,108686.71
2016-07-15,BANKNIFTY,763231,30529240,57743.00
2016-07-15,NIFTY,2273873,170540475,146172.20
2016-07-18,BANKNIFTY,1046599,41863960,79767.29
2016-07-18,NIFTY,2241606,168120450,143968.26
2016-07-19,BANKNIFTY,1325649,53025960,100674.52
2016-07-19,NIFTY,2335189,175139175,149555.19
2016-07-20,BANKNIFTY,1215605,48624200,92435.72
2016-07-20,NIFTY,1712901,128467575,110015.99
2016-07-20,NIFTYIT,4,200,0.22
2016-07-21,BANKNIFTY,3292989,131719560,249437.28
2016-07-21,NIFTY,2195991,164699325,141089.01
2016-07-22,BANKNIFTY,788365,31534600,59194.78
2016-07-22,NIFTY,2483029,186227175,159166.62
2016-07-22,NIFTYIT,3,150,0.16
2016-07-25,BANKNIFTY,1138606,45544240,85970.00
2016-07-25,NIFTY,3689834,276737550,237786.09
2016-07-26,BANKNIFTY,1092765,43710600,83099.20
2016-07-26,NIFTY,3368166,252612450,217892.57
2016-07-27,BANKNIFTY,1799590,71983600,136951.05
2016-07-27,NIFTY,5916942,443770650,382656.52
2016-07-28,BANKNIFTY,2291769,91670760,174754.12
2016-07-28,NIFTY,6341702,475627650,410936.58
2016-07-29,BANKNIFTY,542190,21687600,41495.07
2016-07-29,NIFTY,1057832,79337400,69055.14
2016-07-29,NIFTYIT,1,50,0.05
2016-08-01,BANKNIFTY,1194455,47778200,91090.12
2016-08-01,NIFTY,1734524,130089300,113580.78
2016-08-02,BANKNIFTY,1108806,44352240,84146.74
2016-08-02,NIFTY,1452863,108964725,95031.71
2016-08-03,BANKNIFTY,1505385,60215400,113787.28
2016-08-03,NIFTY,1836592,137744400,119842.62
2016-08-04,BANKNIFTY,3551506,142060240,265098.36
2016-08-04,NIFTY,1882378,141178350,122582.01
2016-08-05,BANKNIFTY,649959,25998360,49184.57
2016-08-05,NIFTY,1716554,128741550,111904.40
2016-08-08,BANKNIFTY,527926,21117040,40197.78
2016-08-08,NIFTY,1250685,93801375,81793.57
2016-08-09,BANKNIFTY,1256632,50265280,95631.79
2016-08-09,NIFTY,1970298,147772350,129049.97
2016-08-10,BANKNIFTY,1643151,65726040,124095.29
2016-08-10,NIFTY,2384428,178832100,155641.07
2016-08-11,BANKNIFTY,3263306,130532240,243893.71
2016-08-11,NIFTY,2149103,161182725,139277.35
2016-08-12,BANKNIFTY,916643,36665720,69252.17
2016-08-12,NIFTY,2309277,173195775,149918.23
2016-08-16,BANKNIFTY,1164196,46567840,88471.38
2016-08-16,NIFTY,2359233,176942475,153588.72
2016-08-17,BANKNIFTY,1639662,65586480,124952.16
2016-08-17,NIFTY,2270206,170265450,147660.15
2016-08-18,BANKNIFTY,3362005,134480200,258637.69
2016-08-18,NIFTY,2337367,175302525,152148.19
2016-08-19,BANKNIFTY,797048,31881920,61798.88
2016-08-19,NIFTY,2333789,175034175,152011.29
2016-08-19,NIFTYIT,1,50,0.05
2016-08-22,BANKNIFTY,1036482,41459280,80374.51
2016-08-22,NIFTY,3214933,241119975,209060.54
2016-08-23,BANKNIFTY,1075411,43016440,83126.79
2016-08-23,NIFTY,3474757,260606775,225482.90
2016-08-24,BANKNIFTY,1271660,50866400,98415.71
2016-08-24,NIFTY,3839070,287930250,249611.71
2016-08-25,BANKNIFTY,2111151,84446040,163833.78
2016-08-25,NIFTY,6312474,473435550,410324.24
2016-08-26,BANKNIFTY,814881,32595240,63091.80
2016-08-26,NIFTY,1403042,105228150,91254.14
2016-08-29,BANKNIFTY,1021725,40869000,78771.46
2016-08-29,NIFTY,1292300,96922500,84197.22
2016-08-30,BANKNIFTY,1491699,59667960,115979.02
2016-08-30,NIFTY,1951266,146344950,127763.95
2016-08-31,BANKNIFTY,2384678,95387120,187800.02
2016-08-31,NIFTY,1647837,123587775,108935.94
2016-09-01,BANKNIFTY,3997995,159919800,317082.21
2016-09-01,NIFTY,1289817,96736275,85195.22
2016-09-02,BANKNIFTY,878508,35140320,69850.40
2016-09-02,NIFTY,1101099,82582425,72808.27
2016-09-06,BANKNIFTY,1801262,72050480,145577.93
2016-09-06,NIFTY,1566741,117505575,104164.79
2016-09-07,BANKNIFTY,2875321,115012840,235577.19
2016-09-07,NIFTY,1367242,102543150,91736.85
2016-09-08,BANKNIFTY,3695106,147804240,302033.93
2016-09-08,NIFTY,1157147,86786025,77394.65
2016-09-09,BANKNIFTY,1426631,57065240,116389.98
2016-09-09,NIFTY,1865240,139893000,124822.87
2016-09-12,BANKNIFTY,1586271,63450840,126902.77
2016-09-12,NIFTY,2539486,190461450,168029.63
2016-09-14,BANKNIFTY,2109675,84387000,168361.63
2016-09-14,NIFTY,1629504,122212800,107395.80
2016-09-15,BANKNIFTY,4226391,169055640,336182.11
2016-09-15,NIFTY,1406436,105482700,92531.97
2016-09-16,BANKNIFTY,1786518,71460720,143800.57
2016-09-16,NIFTY,2648694,198652050,175571.87
2016-09-19,BANKNIFTY,916062,36642480,73477.36
2016-09-19,NIFTY,1370945,102820875,90549.29
2016-09-20,BANKNIFTY,873503,34940120,69897.52
2016-09-20,NIFTY,1372523,102939225,90604.15
2016-09-21,BANKNIFTY,1583371,63334840,126420.11
2016-09-21,NIFTY,2074927,155619525,137012.11
2016-09-22,BANKNIFTY,4222926,168917040,339678.09
2016-09-22,NIFTY,2722119,204158925,180470.45
2016-09-23,BANKNIFTY,1064820,42592800,85607.81
2016-09-23,NIFTY,2214634,166097550,147306.65
2016-09-26,BANKNIFTY,1545909,61836360,123063.33
2016-09-26,NIFTY,3484803,261360225,230180.26
2016-09-27,BANKNIFTY,1780441,71217640,140523.57
2016-09-27,NIFTY,3825753,286931475,251455.13
2016-09-28,BANKNIFTY,2069951,82798040,163061.94
2016-09-28,NIFTY,4276777,320758275,281386.01
2016-09-29,BANKNIFTY,3823441,152937640,299793.47
2016-09-29,NIFTY,8515110,638633250,557003.56
2016-09-30,BANKNIFTY,966625,38665000,75229.01
2016-09-30,NIFTY,1952088,146406600,127072.33
2016-10-03,BANKNIFTY,1113906,44556240,87207.04
2016-10-03,NIFTY,1723604,129270300,113258.57
2016-10-04,BANKNIFTY,1765867,70634680,138974.74
2016-10-04,NIFTY,1556063,116704725,102808.23
2016-10-05,BANKNIFTY,2712481,108499240,213551.36
2016-10-05,NIFTY,1350200,101265000,89207.37
2016-10-06,BANKNIFTY,4622117,184884680,361383.11
2016-10-06,NIFTY,1533909,115043175,101147.63
2016-10-07,BANKNIFTY,1066044,42641760,83253.63
2016-10-07,NIFTY,1460725,109554375,96069.28
2016-10-10,BANKNIFTY,1206328,48253120,94157.17
2016-10-10,NIFTY,923959,69296925,60676.61
2016-10-13,BANKNIFTY,4613033,184521320,353495.98
2016-10-13,NIFTY,2672126,200409450,174052.45
2016-10-14,BANKNIFTY,960023,38400920,73566.23
2016-10-14,NIFTY,1876409,140730675,121963.67
2016-10-17,BANKNIFTY,1737329,69493160,133279.63
2016-10-17,NIFTY,2210498,165787350,143371.56
2016-10-18,BANKNIFTY,2194409,87776360,169301.10
2016-10-18,NIFTY,2835742,212680650,183835.40
2016-10-19,BANKNIFTY,2445530,97821200,190018.46
2016-10-19,NIFTY,1967928,147594600,128459.02
2016-10-20,BANKNIFTY,5091887,203675480,399560.07
2016-10-20,NIFTY,2158693,161901975,141140.28
2016-10-21,BANKNIFTY,1029218,41168720,80809.10
2016-10-21,NIFTY,2363478,177260850,154416.56
2016-10-24,BANKNIFTY,1150180,46007200,91067.21
2016-10-24,NIFTY,2687294,201547050,175930.17
2016-10-25,BANKNIFTY,1364805,54592200,108149.09
2016-10-25,NIFTY,3192458,239434350,209119.21
2016-10-26,BANKNIFTY,2138707,85548280,168107.03
2016-10-26,NIFTY,4289038,321677850,280041.76
2016-10-27,BANKNIFTY,4096192,163847680,318378.23
2016-10-27,NIFTY,6834112,512558400,442035.63
2016-10-28,BANKNIFTY,1212002,48480080,95057.12
2016-10-28,NIFTY,1178100,88357500,76869.94
2016-11-01,BANKNIFTY,1308970,52358800,102464.69
2016-11-01,NIFTY,1074517,80588775,70238.63
2016-11-02,BANKNIFTY,2412871,96514840,186700.31
2016-11-02,NIFTY,1504571,112842825,97490.61
2016-11-03,BANKNIFTY,4683298,187331920,360893.88
2016-11-03,NIFTY,1373216,102991200,88939.02
2016-11-04,BANKNIFTY,920166,36806640,70950.74
2016-11-04,NIFTY,2039200,152940000,131110.66
2016-11-07,BANKNIFTY,809397,32375880,62682.39
2016-11-07,NIFTY,1331264,99844800,85910.45
2016-11-07,NIFTYIT,2,100,0.10
2016-11-08,BANKNIFTY,1011348,40453920,78656.48
2016-11-08,NIFTY,1717857,128839275,110816.94
2016-11-09,BANKNIFTY,3268228,130729120,251754.12
2016-11-09,NIFTY,6097451,457308825,385708.34
2016-11-10,BANKNIFTY,5580713,223228520,447317.99
2016-11-10,NIFTY,2972894,222967050,190933.39
2016-11-11,BANKNIFTY,1356979,54279160,109211.40
2016-11-11,NIFTY,3936764,295257300,251355.67
2016-11-15,BANKNIFTY,1623917,64956680,128803.41
2016-11-15,NIFTY,4100277,307520775,257539.88
2016-11-16,BANKNIFTY,2148420,85936800,167927.83
2016-11-16,NIFTY,3152268,236420100,196095.46
2016-11-17,BANKNIFTY,4752948,190117920,366369.80
2016-11-17,NIFTY,2850048,213753600,176212.71
2016-11-18,BANKNIFTY,1041310,41652400,80338.77
2016-11-18,NIFTY,3093839,232037925,190530.95
2016-11-21,BANKNIFTY,1908534,76341360,144343.36
2016-11-21,NIFTY,5002632,375197400,305606.05
2016-11-22,BANKNIFTY,1732077,69283080,129533.24
2016-11-22,NIFTY,4164389,312329175,253017.26
2016-11-23,BANKNIFTY,1831773,73270920,137134.95
2016-11-23,NIFTY,4472531,335439825,271965.47
2016-11-24,BANKNIFTY,3262089,130483560,241619.13
2016-11-24,NIFTY,6288963,471672225,380571.46
2016-11-25,BANKNIFTY,956617,38264680,71250.43
2016-11-25,NIFTY,1368201,102615075,83716.49
2016-11-28,BANKNIFTY,1241733,49669320,92005.30
2016-11-28,NIFTY,1072018,80401350,65969.41
2016-11-29,BANKNIFTY,1471592,58863680,108805.47
2016-11-29,NIFTY,1432992,107474400,88347.14
2016-11-30,BANKNIFTY,2991718,119668720,221216.45
2016-11-30,NIFTY,1222700,91702500,75453.38
2016-12-01,BANKNIFTY,4806588,192263520,357168.73
2016-12-01,NIFTY,1090375,81778125,67516.53
2016-12-02,BANKNIFTY,1116948,44677920,82821.10
2016-12-02,NIFTY,1593245,119493375,98396.88
2016-12-05,BANKNIFTY,900771,36030840,66538.82
2016-12-05,NIFTY,1407300,105547500,86502.34
2016-12-06,BANKNIFTY,953955,38158200,70827.84
2016-12-06,NIFTY,1208887,90666525,74550.78
2016-12-07,BANKNIFTY,2399975,95999000,178181.57
2016-12-07,NIFTY,1684609,126345675,103732.78
2016-12-08,BANKNIFTY,4343894,173755760,321110.10
2016-12-08,NIFTY,1749695,131227125,107995.51
2016-12-09,BANKNIFTY,906798,36271920,67721.36
2016-12-09,NIFTY,1359321,101949075,84499.39
2016-12-12,BANKNIFTY,962193,38487720,71606.14
2016-12-12,NIFTY,1568284,117621300,97313.79
2016-12-13,BANKNIFTY,1080398,43215920,79801.98
2016-12-13,NIFTY,1200698,90052350,74447.40
2016-12-14,BANKNIFTY,1350719,54028760,99647.56
2016-12-14,NIFTY,1410297,105772275,87243.15
2016-12-15,BANKNIFTY,5691343,227653720,419265.74
2016-12-15,NIFTY,2808319,210623925,172604.92
2016-12-16,BANKNIFTY,851941,34077640,62917.05
2016-12-16,NIFTY,1713102,128482650,105579.23
2016-12-19,BANKNIFTY,922870,36914800,67729.90
2016-12-19,NIFTY,1526850,114513750,93840.92
2016-12-20,BANKNIFTY,1906999,76279960,139377.26
2016-12-20,NIFTY,2296685,172251375,141098.72
2016-12-21,BANKNIFTY,1788128,71525120,130189.40
2016-12-21,NIFTY,1779020,133426500,109002.89
2016-12-22,BANKNIFTY,4278999,171159960,308358.29
2016-12-22,NIFTY,3217362,241302150,195473.11
2016-12-23,BANKNIFTY,985831,39433240,71046.74
2016-12-23,NIFTY,3238256,242869200,195679.03
2016-12-26,BANKNIFTY,1209402,48376080,86498.21
2016-12-26,NIFTY,3709424,278206800,223216.48
2016-12-27,BANKNIFTY,1427668,57106720,101737.10
2016-12-27,NIFTY,4471672,335375400,269609.62
2016-12-28,BANKNIFTY,2308375,92335000,166010.96
2016-12-28,NIFTY,6040948,453071100,366826.07
2016-12-29,BANKNIFTY,2741289,109651560,197023.44
2016-12-29,NIFTY,5462875,409715625,331285.00
2016-12-30,BANKNIFTY,908949,36357960,66347.84
2016-12-30,NIFTY,1403427,105257025,86459.34
2016-12-30,NIFTYCPSE,18,4500,1.07
2016-12-30,NIFTYIT,1,50,0.05
2017-01-02,BANKNIFTY,1863372,74534880,135012.33
2017-01-02,NIFTY,1225954,91946550,75557.49
2017-01-02,NIFTYCPSE,1,250,0.06
2017-01-03,BANKNIFTY,2391575,95663000,173143.89
2017-01-03,NIFTY,1449490,108711750,89429.40
2017-01-03,NIFTYCPSE,11,2750,0.65
2017-01-04,BANKNIFTY,2607323,104292920,188697.49
2017-01-04,NIFTY,1028356,77126700,63696.31
2017-01-04,NIFTYCPSE,11,2750,0.66
2017-01-05,BANKNIFTY,4636914,185476560,335692.57
2017-01-05,NIFTY,1746949,131021175,108174.62
2017-01-05,NIFTYCPSE,185,46250,11.17
2017-01-05,NIFTYIT,2,100,0.11
2017-01-06,BANKNIFTY,1225156,49006240,89607.04
2017-01-06,NIFTY,1602279,120170925,99910.69
2017-01-06,NIFTYCPSE,27,6750,1.67
2017-01-06,NIFTYIT,21,1050,1.06
2017-01-09,BANKNIFTY,1126145,45045800,82541.45
2017-01-09,NIFTY,938087,70356525,58409.23
2017-01-09,NIFTYCPSE,14,3500,0.85
2017-01-09,NIFTYIT,2,100,0.10
2017-01-10,BANKNIFTY,1425272,57010880,104702.89
2017-01-10,NIFTY,1061292,79596900,65830.81
2017-01-10,NIFTYCPSE,35,8750,2.15
2017-01-10,NIFTYIT,1,50,0.05
2017-01-11,BANKNIFTY,4294160,171766400,320778.74
2017-01-11,NIFTY,1968286,147621450,123008.08
2017-01-11,NIFTYCPSE,9,2250,0.56
2017-01-11,NIFTYIT,18,900,0.91
2017-01-12,BANKNIFTY,5507871,220314840,415972.01
2017-01-12,NIFTY,1590972,119322900,99992.58
2017-01-12,NIFTYCPSE,89,22250,5.54
2017-01-12,NIFTYIT,8,400,0.40
2017-01-13,BANKNIFTY,1195723,47828920,90503.79
2017-01-13,NIFTY,1728474,129635550,108967.14
2017-01-13,NIFTYCPSE,29,7250,1.82
2017-01-13,NIFTYIT,2,100,0.11
2017-01-16,BANKNIFTY,1874861,74994440,142680.80
2017-01-16,NIFTY,1618440,121383000,101824.77
2017-01-16,NIFTYCPSE,7,1750,0.44
2017-01-16,NIFTYIT,10,500,0.50
2017-01-17,BANKNIFTY,2168316,86732640,165841.21
2017-01-17,NIFTY,1778818,133411350,112264.48
2017-01-17,NIFTYCPSE,4,1000,0.25
2017-01-18,BANKNIFTY,2946491,117859640,225938.62
2017-01-18,NIFTY,2145239,160892925,135495.07
2017-01-18,NIFTYCPSE,3,750,0.19
2017-01-19,BANKNIFTY,4766408,190656320,365320.13
2017-01-19,NIFTY,1451549,108866175,91647.95
2017-01-19,NIFTYCPSE,12,3000,0.75
2017-01-20,BANKNIFTY,1589771,63590840,121255.35
2017-01-20,NIFTY,2927055,219529125,184404.77
2017-01-20,NIFTYCPSE,57,14250,3.53
2017-01-23,BANKNIFTY,1948093,77923720,147549.71
2017-01-23,NIFTY,3857547,289316025,242852.35
2017-01-23,NIFTYCPSE,5,1250,0.31
2017-01-23,NIFTYIT,1,50,0.05
2017-01-24,BANKNIFTY,2079333,83173320,158222.61
2017-01-24,NIFTY,3896255,292219125,246767.85
2017-01-24,NIFTYCPSE,8,2000,0.50
2017-01-25,BANKNIFTY,3970828,158833120,305627.63
2017-01-25,NIFTY,5672605,425445375,362811.42
2017-01-25,NIFTYCPSE,17,4250,1.08
2017-01-27,BANKNIFTY,1102689,44107560,87184.16
2017-01-27,NIFTY,1536047,115203525,100712.34
2017-01-27,NIFTYCPSE,3,750,0.19
2017-01-30,BANKNIFTY,753489,30139560,59853.54
2017-01-30,NIFTY,1146582,85993650,75186.58
2017-01-30,NIFTYCPSE,5,1250,0.32
2017-01-31,BANKNIFTY,1168188,46727520,92355.19
2017-01-31,NIFTY,1837922,137844150,119620.09
2017-01-31,NIFTYCPSE,6,1500,0.38
2017-02-01,BANKNIFTY,3750889,150035560,297261.79
2017-02-01,NIFTY,3636104,272707800,236251.59
2017-02-01,NIFTYCPSE,31,7750,1.97
2017-02-02,BANKNIFTY,6478295,259131800,519926.75
2017-02-02,NIFTY,1793015,134476125,117531.74
2017-02-02,NIFTYCPSE,42,10500,2.68
2017-02-03,BANKNIFTY,1111903,44476120,89779.48
2017-02-03,NIFTY,1408554,105641550,92183.99
2017-02-06,BANKNIFTY,1391564,55662560,113715.34
2017-02-06,NIFTY,1624062,121804650,107278.87
2017-02-06,NIFTYCPSE,22,5500,1.40
2017-02-07,BANKNIFTY,1268465,50738600,103521.73
2017-02-07,NIFTY,1262997,94724775,83357.76
2017-02-07,NIFTYCPSE,13,3250,0.85
2017-02-08,BANKNIFTY,3074022,122960880,250303.62
2017-02-08,NIFTY,1503254,112744050,99252.79
2017-02-08,NIFTYCPSE,16,4000,1.02
2017-02-09,BANKNIFTY,7867919,314716760,636677.61
2017-02-09,NIFTY,2307857,173089275,152267.26
2017-02-09,NIFTYCPSE,59,14750,3.78
2017-02-10,BANKNIFTY,1182947,47317880,96251.54
2017-02-10,NIFTY,1556411,116730825,102960.83
2017-02-10,NIFTYCPSE,17,4250,1.08
2017-02-13,BANKNIFTY,1678025,67121000,136436.99
2017-02-13,NIFTY,2083770,156282750,137742.65
2017-02-13,NIFTYCPSE,2,500,0.13
2017-02-14,BANKNIFTY,1576132,63045280,127989.63
2017-02-14,NIFTY,1565931,117444825,103761.44
2017-02-14,NIFTYCPSE,11,2750,0.69
2017-02-15,BANKNIFTY,3123187,124927480,253408.80
2017-02-15,NIFTY,2741175,205588125,181283.49
2017-02-15,NIFTYCPSE,137,34250,8.73
2017-02-16,BANKNIFTY,6076525,243061000,492043.18
2017-02-16,NIFTY,1887233,141542475,124361.82
2017-02-16,NIFTYCPSE,138,34500,8.70
2017-02-17,BANKNIFTY,2365798,94631920,194794.17
2017-02-17,NIFTY,3067233,230042475,203075.80
2017-02-17,NIFTYCPSE,28,7000,1.73
2017-02-20,BANKNIFTY,1253507,50140280,103177.83
2017-02-20,NIFTY,2498559,187391925,165554.76
2017-02-20,NIFTYCPSE,85,21250,5.61
2017-02-21,BANKNIFTY,1860437,74417480,153904.17
2017-02-21,NIFTY,3077727,230829525,204943.57
2017-02-21,NIFTYCPSE,69,17250,4.43
2017-02-22,BANKNIFTY,2294606,91784240,191490.38
2017-02-22,NIFTY,4579553,343466475,306724.00
2017-02-22,NIFTYCPSE,60,15000,3.85
2017-02-23,BANKNIFTY,4512209,180488360,377971.97
2017-02-23,NIFTY,5655040,424128000,379265.66
2017-02-23,NIFTYCPSE,40,10000,2.64
2017-02-27,BANKNIFTY,1186171,47446840,98993.73
2017-02-27,NIFTY,1031481,77361075,69465.05
2017-02-27,NIFTYCPSE,92,23000,6.01
2017-02-28,BANKNIFTY,1523239,60929560,126470.63
2017-02-28,NIFTY,802576,60193200,54044.49
2017-02-28,NIFTYCPSE,130,32500,8.63
2017-03-01,BANKNIFTY,2508184,100327360,208833.86
2017-03-01,NIFTY,1060304,79522800,71280.03
2017-03-01,NIFTYCPSE,119,29750,7.64
2017-03-02,BANKNIFTY,6753702,270148080,562220.48
2017-03-02,NIFTY,1434066,107554950,96917.60
2017-03-02,NIFTYCPSE,477,119250,30.83
2017-03-03,BANKNIFTY,1106618,44264720,91540.67
2017-03-03,NIFTY,1149046,86178450,77455.64
2017-03-03,NIFTYCPSE,69,17250,4.56
2017-03-06,BANKNIFTY,1685563,67422520,139735.82
2017-03-06,NIFTY,1166515,87488625,78859.77
2017-03-06,NIFTYCPSE,163,40750,10.68
2017-03-07,BANKNIFTY,1287991,51519640,106897.55
2017-03-07,NIFTY,755592,56669400,50987.54
2017-03-07,NIFTYCPSE,51,12750,3.32
2017-03-08,BANKNIFTY,3511736,140469440,291233.41
2017-03-08,NIFTY,1374929,103119675,92966.20
2017-03-08,NIFTYCPSE,185,46250,11.98
2017-03-08,S&P500,4,1000,0.24
2017-03-09,BANKNIFTY,6386999,255479960,530265.23
2017-03-09,NIFTY,1239538,92965350,83881.37
2017-03-09,NIFTYCPSE,464,116000,29.59
2017-03-10,BANKNIFTY,967953,38718120,81081.63
2017-03-10,NIFTY,1681141,126085575,113785.81
2017-03-10,NIFTYCPSE,64,16000,4.19
2017-03-10,S&P500,1,250,0.06
2017-03-14,BANKNIFTY,1828493,73139720,154540.35
2017-03-14,NIFTY,2949690,221226750,201051.13
2017-03-14,NIFTYCPSE,160,40000,10.24
2017-03-15,BANKNIFTY,2127057,85082280,180061.83
2017-03-15,NIFTY,1278845,95913375,87520.50
2017-03-15,NIFTYCPSE,120,30000,7.63
2017-03-16,BANKNIFTY,5364804,214592160,456284.09
2017-03-16,NIFTY,1542705,115702875,105545.49
2017-03-16,NIFTYCPSE,514,128500,32.61
2017-03-17,BANKNIFTY,1074217,42968680,91581.67
2017-03-17,NIFTY,1718143,128860725,118132.56
2017-03-17,NIFTYCPSE,3,750,0.19
2017-03-17,S&P500,3,750,0.18
2017-03-20,BANKNIFTY,1142694,45707760,96996.21
2017-03-20,NIFTY,1264533,94839975,86580.79
2017-03-20,NIFTYCPSE,35,8750,2.21
2017-03-21,BANKNIFTY,2047634,81905360,173520.43
2017-03-21,NIFTY,1896870,142265250,130113.86
2017-03-21,NIFTYCPSE,46,11500,2.85
2017-03-22,BANKNIFTY,2924586,116983440,245844.69
2017-03-22,NIFTY,2632628,197447100,179920.57
2017-03-22,NIFTYCPSE,176,44000,10.98
2017-03-23,BANKNIFTY,5899877,235995080,493085.65
2017-03-23,NIFTY,1868790,140159250,127637.49
2017-03-23,NIFTYCPSE,667,166750,42.04
2017-03-24,BANKNIFTY,1610446,64417840,135961.92
2017-03-24,NIFTY,2269793,170234475,155205.97
2017-03-24,NIFTYCPSE,29,7250,1.86
2017-03-27,BANKNIFTY,1797509,71900360,151881.64
2017-03-27,NIFTY,3380376,253528200,230945.40
2017-03-27,NIFTYCPSE,92,23000,5.82
2017-03-28,BANKNIFTY,1516583,60663320,128474.71
2017-03-28,NIFTY,2779939,208495425,190098.16
2017-03-28,NIFTYCPSE,259,64750,16.41
2017-03-29,BANKNIFTY,2346648,93865920,199940.20
2017-03-29,NIFTY,3237636,242822700,222115.53
2017-03-29,NIFTYCPSE,242,60500,15.39
2017-03-30,BANKNIFTY,4432172,177286880,379821.60
2017-03-30,NIFTY,4662875,349715625,320310.52
2017-03-30,NIFTYCPSE,511,127750,32.33
2017-03-31,BANKNIFTY,783856,31354240,67651.72
2017-03-31,NIFTY,886129,66459675,61407.57
2017-04-03,BANKNIFTY,1133262,45330480,97572.07
2017-04-03,NIFTY,1209894,90742050,83796.02
2017-04-05,BANKNIFTY,2263632,90545280,195740.71
2017-04-05,NIFTY,1074349,80576175,74658.40
2017-04-05,NIFTYCPSE,16,4000,1.04
2017-04-06,BANKNIFTY,5348910,213956400,463109.95
2017-04-06,NIFTY,1236840,92763000,86032.27
2017-04-06,NIFTYCPSE,167,41750,10.60
2017-04-06,NIFTYIT,1,50,0.05
2017-04-07,BANKNIFTY,1331205,53248200,115036.33
2017-04-07,NIFTY,1408146,105610950,97842.55
2017-04-10,BANKNIFTY,1639145,65565800,141078.12
2017-04-10,NIFTY,1305189,97889175,90436.38
2017-04-11,BANKNIFTY,2413620,96544800,208866.86
2017-04-11,NIFTY,1496706,112252950,103720.01
2017-04-12,BANKNIFTY,4088208,163528320,355057.82
2017-04-12,NIFTY,2046897,153517275,141863.68
2017-04-12,NIFTYCPSE,18,4500,1.19
2017-04-13,BANKNIFTY,5916244,236649760,513796.09
2017-04-13,NIFTY,1460244,109518300,100589.37
2017-04-13,NIFTYCPSE,16,4000,1.06
2017-04-17,BANKNIFTY,1225586,49023440,106433.91
2017-04-17,NIFTY,1467807,110085525,101291.57
2017-04-18,BANKNIFTY,3312296,132491840,288772.67
2017-04-18,NIFTY,2984774,223858050,205945.17
2017-04-18,NIFTYCPSE,16,4000,1.06
2017-04-19,BANKNIFTY,3220173,128806920,279570.59
2017-04-19,NIFTY,1928791,144659325,132559.97
2017-04-19,NIFTYCPSE,56,14000,3.68
2017-04-20,BANKNIFTY,5951257,238050280,513819.89
2017-04-20,NIFTY,1729096,129682200,118712.87
2017-04-20,NIFTYCPSE,442,110500,29.34
2017-04-21,BANKNIFTY,1582817,63312680,136130.68
2017-04-21,NIFTY,2700598,202544850,185540.31
2017-04-24,BANKNIFTY,1972227,78889080,170368.70
2017-04-24,NIFTY,3398238,254867850,234017.75
2017-04-25,BANKNIFTY,1975510,79020400,172343.56
2017-04-25,NIFTY,3409521,255714075,236229.75
2017-04-25,NIFTYCPSE,16,4000,1.06
2017-04-26,BANKNIFTY,3049479,121979160,268653.88
2017-04-26,NIFTY,4408986,330673950,307795.00
2017-04-26,NIFTYCPSE,17,4250,1.16
2017-04-27,BANKNIFTY,4757332,190293280,421551.46
2017-04-27,NIFTY,4866419,364981425,340217.70
2017-04-27,NIFTYCPSE,214,53500,14.26
2017-04-28,BANKNIFTY,1360431,54417240,120690.15
2017-04-28,NIFTY,1055747,79181025,74239.12
2017-04-28,NIFTYCPSE,18,4500,1.19
2017-05-02,BANKNIFTY,1993513,79740520,178337.25
2017-05-02,NIFTY,1349307,101198025,94694.27
2017-05-03,BANKNIFTY,2499408,99976320,223020.89
2017-05-03,NIFTY,788196,59114700,55263.48
2017-05-03,NIFTYCPSE,16,4000,1.05
2017-05-04,BANKNIFTY,6437638,257505520,581287.13
2017-05-04,NIFTY,1007990,75599250,70603.43
2017-05-04,NIFTYCPSE,40,10000,2.78
2017-05-05,BANKNIFTY,1835013,73400520,166604.68
2017-05-05,NIFTY,1599970,119997750,112398.66
2017-05-08,BANKNIFTY,1612322,64492880,146672.27
2017-05-08,NIFTY,1026655,76999125,71883.97
2017-05-08,NIFTYCPSE,22,5500,1.52
2017-05-09,BANKNIFTY,1870171,74806840,170051.94
2017-05-09,NIFTY,1056293,79221975,74093.78
2017-05-10,BANKNIFTY,2557968,102318720,233045.53
2017-05-10,NIFTY,1826487,136986525,128425.39
2017-05-10,NIFTYCPSE,10,2500,0.68
2017-05-11,BANKNIFTY,5968515,238740600,546681.60
2017-05-11,NIFTY,1492639,111947925,105278.42
2017-05-11,NIFTYCPSE,96,24000,6.62
2017-05-12,BANKNIFTY,1631641,65265640,148767.05
2017-05-12,NIFTY,1658962,124422150,116980.16
2017-05-15,BANKNIFTY,1578518,63140720,143934.72
2017-05-15,NIFTY,1178106,88357950,83021.88
2017-05-16,BANKNIFTY,2282834,91313360,208733.20
2017-05-16,NIFTY,2433169,182487675,172660.34
2017-05-17,BANKNIFTY,2318521,92740840,212536.89
2017-05-17,NIFTY,1703803,127785225,121223.40
2017-05-18,BANKNIFTY,6095712,243828480,556185.22
2017-05-18,NIFTY,2551485,191361375,181102.96
2017-05-19,BANKNIFTY,2032674,81306960,184692.68
2017-05-19,NIFTY,4329222,324691650,306862.31
2017-05-22,BANKNIFTY,1556835,62273400,141186.54
2017-05-22,NIFTY,2684009,201300675,190213.12
2017-05-23,BANKNIFTY,2715824,108632960,245149.63
2017-05-23,NIFTY,5008503,375637725,353681.23
2017-05-24,BANKNIFTY,2696685,107867400,243901.62
2017-05-24,NIFTY,6139163,460437225,432074.09
2017-05-25,BANKNIFTY,6414664,256586560,584861.02
2017-05-25,NIFTY,6144044,460803300,433953.15
2017-05-25,NIFTYCPSE,16,4000,1.05
2017-05-26,BANKNIFTY,1497525,59901000,138661.29
2017-05-26,NIFTY,1695957,127196775,121482.84
2017-05-29,BANKNIFTY,2096607,83864280,195060.94
2017-05-29,NIFTY,1843451,138258825,132982.47
2017-05-30,BANKNIFTY,2125328,85013120,197283.84
2017-05-30,NIFTY,1171908,87893100,84800.94
2017-05-31,BANKNIFTY,3100282,124011280,288553.69
2017-05-31,NIFTY,959446,71958450,69402.51
2017-06-01,BANKNIFTY,7326505,293060200,683951.57
2017-06-01,NIFTY,930530,69789750,67108.56
2017-06-02,BANKNIFTY,1069848,42793920,99712.65
2017-06-02,NIFTY,1033551,77516325,74641.01
2017-06-05,BANKNIFTY,1181155,47246200,110125.76
2017-06-05,NIFTY,1179328,88449600,85229.49
2017-06-06,BANKNIFTY,1232628,49305120,115024.96
2017-06-06,NIFTY,976527,73239525,70890.17
2017-06-07,BANKNIFTY,2963656,118546240,278032.13
2017-06-07,NIFTY,1153452,86508900,83662.95
2017-06-08,BANKNIFTY,6296618,251864720,594160.37
2017-06-08,NIFTY,836019,62701425,60624.57
2017-06-09,BANKNIFTY,1369196,54767840,128566.69
2017-06-09,NIFTY,1671375,125353125,121080.52
2017-06-12,BANKNIFTY,1447270,57890800,136074.64
2017-06-12,NIFTY,1598871,119915325,116050.88
2017-06-13,BANKNIFTY,1625791,65031640,152611.44
2017-06-13,NIFTY,1345289,100896675,97503.83
2017-06-14,BANKNIFTY,2393503,95740120,224390.52
2017-06-14,NIFTY,1366022,102451650,98900.55
2017-06-15,BANKNIFTY,6951156,278046240,650763.85
2017-06-15,NIFTY,1512901,113467575,109372.98
2017-06-16,BANKNIFTY,1073733,42949320,100438.33
2017-06-16,NIFTY,1436134,107710050,103838.23
2017-06-19,BANKNIFTY,2097279,83891160,198029.74
2017-06-19,NIFTY,2083083,156231225,150640.62
2017-06-20,BANKNIFTY,1701863,68074520,160987.43
2017-06-20,NIFTY,1363786,102283950,98825.84
2017-06-21,BANKNIFTY,2961047,118441880,280501.60
2017-06-21,NIFTY,1945039,145877925,141047.82
2017-06-22,BANKNIFTY,7802751,312110040,742979.74
2017-06-22,NIFTY,2747785,206083875,199321.11
2017-06-23,BANKNIFTY,1648557,65942280,155623.03
2017-06-23,NIFTY,3301468,247610100,238553.96
2017-06-27,BANKNIFTY,3170001,126800040,296705.47
2017-06-27,NIFTY,4920958,369071850,354029.87
2017-06-28,BANKNIFTY,3219573,128782920,299980.55
2017-06-28,NIFTY,4280512,321038400,306472.23
2017-06-29,BANKNIFTY,7285771,291430840,681392.84
2017-06-29,NIFTY,6684868,501365100,479049.12
2017-06-30,BANKNIFTY,1495177,59807080,138687.10
2017-06-30,NIFTY,1371284,102846300,98108.34
2017-07-03,BANKNIFTY,1951614,78064560,181455.93
2017-07-03,NIFTY,1687009,126525675,121496.85
2017-07-04,BANKNIFTY,2563144,102525760,238584.45
2017-07-04,NIFTY,1449313,108698475,104549.28
2017-07-05,BANKNIFTY,3601250,144050000,335906.99
2017-07-05,NIFTY,880753,66056475,63628.47
2017-07-06,BANKNIFTY,7665340,306613600,719549.29
2017-07-06,NIFTY,1294943,97120725,93695.48
2017-07-07,BANKNIFTY,1162304,46492160,108743.93
2017-07-07,NIFTY,1015411,76155825,73558.70
2017-07-10,BANKNIFTY,1546635,61865400,145747.87
2017-07-10,NIFTY,1723615,129271125,125479.55
2017-07-11,BANKNIFTY,2429295,97171800,230015.73
2017-07-11,NIFTY,1993232,149492400,146062.31
2017-07-12,BANKNIFTY,3862582,154503280,364994.12
2017-07-12,NIFTY,1466466,109984950,107725.91
2017-07-13,BANKNIFTY,8073756,322950240,770162.18
2017-07-13,NIFTY,1899551,142466325,139783.46
2017-07-14,BANKNIFTY,1929217,77168680,184380.38
2017-07-14,NIFTY,1741780,130633500,128726.09
2017-07-17,BANKNIFTY,1573998,62959920,150770.39
2017-07-17,NIFTY,1767244,132543300,130748.80
2017-07-18,BANKNIFTY,2519151,100766040,241929.92
2017-07-18,NIFTY,2823981,211798575,209426.57
2017-07-19,BANKNIFTY,2952350,118094000,284165.76
2017-07-19,NIFTY,2081903,156142725,153964.98
2017-07-20,BANKNIFTY,7403204,296128160,716277.93
2017-07-20,NIFTY,2204966,165372450,163590.21
2017-07-21,BANKNIFTY,1595731,63829240,153995.29
2017-07-21,NIFTY,3555985,266698875,263737.67
2017-07-24,BANKNIFTY,1623830,64953200,157820.13
2017-07-24,NIFTY,3316527,248739525,246957.65
2017-07-25,BANKNIFTY,1573530,62941200,153810.42
2017-07-25,NIFTY,2989378,224203350,223301.38
2017-07-26,BANKNIFTY,2146883,85875320,210654.60
2017-07-26,NIFTY,3817098,286282350,285494.66
2017-07-27,BANKNIFTY,6216911,248676440,617724.85
2017-07-27,NIFTY,7458396,559379700,562427.54
2017-07-27,NIFTYCPSE,20,5000,1.22
2017-07-28,BANKNIFTY,1476642,59065680,146981.27
2017-07-28,NIFTY,1516875,113765625,114939.76
2017-07-31,BANKNIFTY,1724736,68989440,172737.40
2017-07-31,NIFTY,926103,69457725,70043.64
2017-08-01,BANKNIFTY,1688730,67549200,169974.31
2017-08-01,NIFTY,1111485,83361375,84364.90
2017-08-02,BANKNIFTY,3711775,148471000,373640.45
2017-08-02,NIFTY,1137826,85336950,86394.64
2017-08-03,BANKNIFTY,9161498,366459920,912327.92
2017-08-03,NIFTY,1212654,90949050,92068.75
2017-08-04,BANKNIFTY,2291904,91676160,227653.16
2017-08-04,NIFTY,1531029,114827175,115815.90
2017-08-07,BANKNIFTY,1479877,59195080,147549.63
2017-08-07,NIFTY,862216,64666200,65323.57
2017-08-08,BANKNIFTY,4282710,171308400,424862.28
2017-08-08,NIFTY,2314846,173613450,174975.23
2017-08-09,BANKNIFTY,4948101,197924040,486321.20
2017-08-09,NIFTY,1811373,135852975,136329.81
2017-08-10,BANKNIFTY,8723766,348950640,849502.77
2017-08-10,NIFTY,2323541,174265575,173603.22
2017-08-11,BANKNIFTY,2206848,88273920,214582.37
2017-08-11,NIFTY,2957725,221829375,218900.26
2017-08-14,BANKNIFTY,1610640,64425600,155710.91
2017-08-14,NIFTY,1651143,123835725,121635.64
2017-08-16,BANKNIFTY,6039955,241598200,585573.56
2017-08-16,NIFTY,2058916,154418700,152546.22
2017-08-17,BANKNIFTY,9154225,366169000,893807.25
2017-08-17,NIFTY,1941782,145633650,144343.92
2017-08-18,BANKNIFTY,1715621,68624840,166600.16
2017-08-18,NIFTY,2402813,180210975,178166.37
2017-08-21,BANKNIFTY,2191419,87656760,212350.56
2017-08-21,NIFTY,2520568,189042600,186766.69
2017-08-22,BANKNIFTY,3278984,131159360,316197.16
2017-08-22,NIFTY,2735423,205156725,202057.84
2017-08-23,BANKNIFTY,4501876,180075040,436482.01
2017-08-23,NIFTY,2306396,172979700,170344.66
2017-08-24,BANKNIFTY,7909311,316372440,770092.97
2017-08-24,NIFTY,1923637,144272775,142498.05
2017-08-24,NIFTYCPSE,8,2000,0.49
2017-08-28,BANKNIFTY,1495046,59801840,145773.57
2017-08-28,NIFTY,2868080,215106000,212862.67
2017-08-29,BANKNIFTY,2230778,89231120,217268.14
2017-08-29,NIFTY,4840643,363048225,358896.87
2017-08-30,BANKNIFTY,2415223,96608920,235053.73
2017-08-30,NIFTY,4482713,336203475,332883.26
2017-08-31,BANKNIFTY,4971322,198852880,483811.91
2017-08-31,NIFTY,6253014,468976050,464267.34
2017-08-31,NIFTYCPSE,6,1500,0.38
2017-09-01,BANKNIFTY,1265931,50637240,123554.00
2017-09-01,NIFTY,1378306,103372950,103371.20
2017-09-04,BANKNIFTY,2062690,82507600,200872.19
2017-09-04,NIFTY,2000461,150034575,149402.12
2017-09-05,BANKNIFTY,2053648,82145920,199976.31
2017-09-05,NIFTY,1408050,105603750,105386.64
2017-09-06,BANKNIFTY,3545348,141813920,345110.03
2017-09-06,NIFTY,1294154,97061550,96722.87
2017-09-07,BANKNIFTY,7078017,283120680,689551.35
2017-09-07,NIFTY,1066627,79997025,79646.63
2017-09-08,BANKNIFTY,1438104,57524160,140398.66
2017-09-08,NIFTY,1322072,99155400,98968.90
2017-09-11,BANKNIFTY,2667076,106683040,262170.30
2017-09-11,NIFTY,1694840,127113000,126886.49
2017-09-12,BANKNIFTY,2604149,104165960,257232.18
2017-09-12,NIFTY,1767720,132579000,133073.94
2017-09-13,BANKNIFTY,4045481,161819240,401697.01
2017-09-13,NIFTY,1862373,139677975,141299.96
2017-09-14,BANKNIFTY,7673826,306953040,764347.83
2017-09-14,NIFTY,1768759,132656925,133919.53
2017-09-15,BANKNIFTY,1377308,55092320,136958.71
2017-09-15,NIFTY,2260625,169546875,171081.19
2017-09-18,BANKNIFTY,1615811,64632440,161266.50
2017-09-18,NIFTY,1973155,147986625,149791.62
2017-09-19,BANKNIFTY,1763451,70538040,176566.10
2017-09-19,NIFTY,1411375,105853125,107449.51
2017-09-20,BANKNIFTY,2293222,91728880,229593.22
2017-09-20,NIFTY,1268167,95112525,96602.42
2017-09-21,BANKNIFTY,8028458,321138320,798609.36
2017-09-21,NIFTY,3120989,234074175,237103.72
2017-09-22,BANKNIFTY,2081681,83267240,205314.15
2017-09-22,NIFTY,4598143,344860725,347160.53
2017-09-25,BANKNIFTY,2255732,90229280,219809.89
2017-09-25,NIFTY,5372950,402971250,401158.44
2017-09-26,BANKNIFTY,2434256,97370240,236590.53
2017-09-26,NIFTY,4660054,349504050,347159.14
2017-09-27,BANKNIFTY,4435795,177431800,428799.55
2017-09-27,NIFTY,7282643,546198225,539791.53
2017-09-28,BANKNIFTY,7279959,291198360,697126.30
2017-09-28,NIFTY,7602660,570199500,557982.67
2017-09-29,BANKNIFTY,1587980,63519200,154032.70
2017-09-29,NIFTY,1635082,122631150,121608.64
2017-10-03,BANKNIFTY,1831068,73242720,177508.07
2017-10-03,NIFTY,1240918,93068850,92246.50
2017-10-04,BANKNIFTY,3684218,147368720,356828.58
2017-10-04,NIFTY,1710947,128321025,127541.44
2017-10-05,BANKNIFTY,7184271,287370840,693991.97
2017-10-05,NIFTY,1284318,96323850,95991.61
2017-10-06,BANKNIFTY,1592607,63704280,154354.79
2017-10-06,NIFTY,1618505,121387875,120950.90
2017-10-09,BANKNIFTY,1824762,72990480,177113.13
2017-10-09,NIFTY,1561877,117140775,117357.72
2017-10-10,BANKNIFTY,1994907,79796280,193943.16
2017-10-10,NIFTY,1268541,95140575,95500.23
2017-10-11,BANKNIFTY,5174536,206981440,502998.15
2017-10-11,NIFTY,2487515,186563625,186950.75
2017-10-12,BANKNIFTY,8962685,358507400,866509.77
2017-10-12,NIFTY,2181803,163635225,164097.86
2017-10-13,BANKNIFTY,2975672,119026880,293163.36
2017-10-13,NIFTY,2851746,213880950,216789.43
2017-10-16,BANKNIFTY,3560908,142436320,352242.50
2017-10-16,NIFTY,2817498,211312350,215586.37
2017-10-17,BANKNIFTY,4052538,162101520,400874.86
2017-10-17,NIFTY,1852824,138961800,142269.58
2017-10-18,BANKNIFTY,8374382,334975280,819579.02
2017-10-18,NIFTY,2147631,161072325,164376.17
2017-10-19,BANKNIFTY,606910,24276400,59155.54
2017-10-19,NIFTY,806481,60486075,61651.71
2017-10-23,BANKNIFTY,2478193,99127720,240044.31
2017-10-23,NIFTY,4037151,302786325,308108.92
2017-10-24,BANKNIFTY,2602788,104111520,253082.54
2017-10-24,NIFTY,3499718,262478850,267813.15
2017-10-25,BANKNIFTY,5267906,210716240,523467.20
2017-10-25,NIFTY,5087649,381573675,391669.07
2017-10-26,BANKNIFTY,7186049,287441960,719435.00
2017-10-26,NIFTY,5821050,436578750,449096.85
2017-10-27,BANKNIFTY,1393135,55725400,139422.24
2017-10-27,NIFTY,1080536,81040200,84138.27
2017-10-30,BANKNIFTY,1419329,56773160,141828.65
2017-10-30,NIFTY,905632,67922400,70544.34
2017-10-31,BANKNIFTY,1776651,71066040,177727.21
2017-10-31,NIFTY,851011,63825825,66291.16
2017-11-01,BANKNIFTY,4547715,181908600,461042.89
2017-11-01,NIFTY,1482346,111175950,115864.60
2017-11-02,BANKNIFTY,8689346,347573840,886179.96
2017-11-02,NIFTY,1028498,77137350,80585.84
2017-11-03,BANKNIFTY,1858684,74347360,189649.18
2017-11-03,NIFTY,1065920,79944000,83694.77
2017-11-06,BANKNIFTY,1824623,72984920,186673.41
2017-11-06,NIFTY,1358565,101892375,106920.92
2017-11-07,BANKNIFTY,3644998,145799920,372435.22
2017-11-07,NIFTY,2231221,167341575,175625.17
2017-11-08,BANKNIFTY,5413417,216536680,550081.62
2017-11-08,NIFTY,1725689,129426675,135257.71
2017-11-09,BANKNIFTY,9426363,377054520,954153.09
2017-11-09,NIFTY,1654431,124082325,129246.15
2017-11-09,NIFTYCPSE,10,2500,0.68
2017-11-10,BANKNIFTY,2479224,99168960,252194.25
2017-11-10,NIFTY,1937958,145346850,151460.79
2017-11-13,BANKNIFTY,1744237,69769480,177630.82
2017-11-13,NIFTY,1547383,116053725,120565.39
2017-11-14,BANKNIFTY,2601902,104076080,264699.32
2017-11-14,NIFTY,1814376,136078200,140779.19
2017-11-15,BANKNIFTY,4103354,164134160,416374.87
2017-11-15,NIFTY,2244999,168374925,173206.42
2017-11-16,BANKNIFTY,7667741,306709640,778135.35
2017-11-16,NIFTY,1963399,147254925,151319.08
2017-11-17,BANKNIFTY,2105688,84227520,217354.64
2017-11-17,NIFTY,2509970,188247750,194832.57
2017-11-20,BANKNIFTY,1433322,57332880,147505.04
2017-11-20,NIFTY,1752948,131471100,136042.97
2017-11-21,BANKNIFTY,2378180,95127200,245626.51
2017-11-21,NIFTY,1876816,140761200,145942.02
2017-11-22,BANKNIFTY,3943082,157723280,406996.11
2017-11-22,NIFTY,2041208,153090600,159005.35
2017-11-23,BANKNIFTY,8188701,327548040,843501.80
2017-11-23,NIFTY,2434748,182606100,189370.00
2017-11-23,NIFTYCPSE,8,2000,0.53
2017-11-24,BANKNIFTY,1183411,47336440,122078.29
2017-11-24,NIFTY,2429326,182199450,189292.47
2017-11-27,BANKNIFTY,1816136,72645440,187304.40
2017-11-27,NIFTY,3215563,241167225,250884.20
2017-11-28,BANKNIFTY,2140435,85617400,222045.99
2017-11-28,NIFTY,3538798,265409850,276625.92
2017-11-29,BANKNIFTY,2592817,103712680,267782.87
2017-11-29,NIFTY,4004212,300315900,312641.45
2017-11-30,BANKNIFTY,6784640,271385600,695583.00
2017-11-30,NIFTY,7142821,535711575,554079.23
2017-12-01,BANKNIFTY,1886131,75445240,191944.93
2017-12-01,NIFTY,1909475,143210625,148220.65
2017-12-04,BANKNIFTY,1982490,79299600,200586.93
2017-12-04,NIFTY,1412917,105968775,109149.25
2017-12-05,BANKNIFTY,3022744,120909760,304689.58
2017-12-05,NIFTY,1593043,119478225,122462.61
2017-12-06,BANKNIFTY,4661501,186460040,468705.98
2017-12-06,NIFTY,1675853,125688975,128815.09
2017-12-07,BANKNIFTY,9473192,378927680,948638.77
2017-12-07,NIFTY,1644833,123362475,126136.78
2017-12-08,BANKNIFTY,1491751,59670040,150864.02
2017-12-08,NIFTY,1610660,120799500,124284.62
2017-12-11,BANKNIFTY,1499459,59978360,151881.27
2017-12-11,NIFTY,1328219,99616425,103352.82
2017-12-12,BANKNIFTY,2590889,103635560,262065.83
2017-12-12,NIFTY,1366587,102494025,105980.08
2017-12-13,BANKNIFTY,5610009,224400360,565348.68
2017-12-13,NIFTY,2232081,167406075,172813.35
2017-12-14,BANKNIFTY,9787329,391493160,981326.45
2017-12-14,NIFTY,2288537,171640275,176442.75
2017-12-15,BANKNIFTY,1450016,58000640,147970.29
2017-12-15,NIFTY,2721422,204106650,211086.23
2017-12-18,BANKNIFTY,3679074,147162960,376443.06
2017-12-18,NIFTY,6054571,454092825,469976.22
2017-12-19,BANKNIFTY,2430459,97218360,249090.03
2017-12-19,NIFTY,2405169,180387675,187391.05
2017-12-20,BANKNIFTY,3822633,152905320,392593.62
2017-12-20,NIFTY,2712771,203457825,212428.87
2017-12-21,BANKNIFTY,7049276,281971040,722715.11
2017-12-21,NIFTY,1763903,132292725,138184.52
2017-12-22,BANKNIFTY,1379832,55193280,140956.94
2017-12-22,NIFTY,2747389,206054175,214942.98
2017-12-26,BANKNIFTY,1500414,60016560,153533.72
2017-12-26,NIFTY,2567059,192529425,201440.01
2017-12-27,BANKNIFTY,3273881,130955240,335960.42
2017-12-27,NIFTY,4464821,334861575,352467.30
2017-12-28,BANKNIFTY,5976927,239077080,609979.51
2017-12-28,NIFTY,6022819,451711425,474222.15
2017-12-29,BANKNIFTY,1036678,41467120,106085.58
2017-12-29,NIFTY,974960,73122000,77172.05
2018-01-01,BANKNIFTY,1379160,55166400,140790.65
2018-01-01,NIFTY,890011,66750825,70546.59
2018-01-02,BANKNIFTY,2934314,117372560,297951.96
2018-01-02,NIFTY,1520377,114028275,120304.71
2018-01-03,BANKNIFTY,3554891,142195640,361424.97
2018-01-03,NIFTY,1431162,107337150,113191.12
2018-01-04,BANKNIFTY,8154158,326166320,829027.73
2018-01-04,NIFTY,1224520,91839000,96673.34
2018-01-05,BANKNIFTY,1321162,52846480,135089.54
2018-01-05,NIFTY,1400922,105069150,110868.04
2018-01-08,BANKNIFTY,1730356,69214240,177841.49
2018-01-08,NIFTY,1371194,102839550,108837.11
2018-01-11,BANKNIFTY,7671377,306855080,786656.12
2018-01-11,NIFTY,1581761,118632075,125751.32
2018-01-12,BANKNIFTY,2120881,84835240,217877.93
2018-01-12,NIFTY,2648741,198655575,211125.91
2018-01-12,NIFTYMID50,50,10000,5.79
2018-01-15,BANKNIFTY,2566719,102668760,265975.08
2018-01-15,NIFTY,2379003,178425225,190980.18
2018-01-16,BANKNIFTY,2448290,97931600,254380.67
2018-01-16,NIFTY,2420793,181559475,194523.37
2018-01-17,BANKNIFTY,4981309,199252360,519369.73
2018-01-17,NIFTY,2968116,222608700,238804.77
2018-01-18,BANKNIFTY,11042945,441717800,1177108.97
2018-01-18,NIFTY,3683342,276250650,298509.74
2018-01-18,NIFTYMID50,5,1000,0.55
2018-01-19,BANKNIFTY,2702211,108088440,288829.67
2018-01-19,NIFTY,3731805,279885375,302804.55
2018-01-19,NIFTYMID50,55,11000,6.56
2018-01-22,BANKNIFTY,2170717,86828680,234031.56
2018-01-22,NIFTY,3621724,271629300,295732.14
2018-01-22,NIFTYMID50,600,120000,66.48
2018-01-23,BANKNIFTY,2610923,104436920,283774.33
2018-01-23,NIFTY,5690179,426763425,469962.89
2018-01-23,NIFTYMID50,600,120000,66.87
2018-01-24,BANKNIFTY,3230672,129226880,353750.49
2018-01-24,NIFTY,4965456,372409200,411351.93
2018-01-24,NIFTYMID50,405,81000,45.36
2018-01-25,BANKNIFTY,7720524,308820960,845173.30
2018-01-25,NIFTY,6951133,521334975,576011.66
2018-01-25,NIFTYCPSE,8,2000,0.57
2018-01-29,BANKNIFTY,929020,37160800,102776.19
2018-01-29,NIFTY,1291945,96895875,108310.71
2018-01-29,NIFTYMID50,405,81000,46.07
2018-01-30,BANKNIFTY,1164360,46574400,127894.28
2018-01-30,NIFTY,1474233,110567475,123606.38
2018-01-31,BANKNIFTY,1966638,78665520,215395.89
2018-01-31,NIFTY,1779197,133439775,148829.09
2018-02-01,BANKNIFTY,8745541,349821640,961417.87
2018-02-01,NIFTY,4461507,334613025,372113.70
2018-02-02,BANKNIFTY,2243017,89720680,242217.70
2018-02-02,NIFTY,3789061,284179575,313318.59
2018-02-05,BANKNIFTY,1968517,78740680,208629.00
2018-02-05,NIFTY,3102827,232712025,252193.90
2018-02-06,BANKNIFTY,3393105,135724200,351840.51
2018-02-06,NIFTY,5305251,397893825,421823.64
2018-02-07,BANKNIFTY,3742800,149712000,389108.64
2018-02-07,NIFTY,2772035,207902625,221563.68
2018-02-08,BANKNIFTY,10306328,412253120,1071710.83
2018-02-08,NIFTY,2850530,213789750,227414.74
2018-02-09,BANKNIFTY,1529355,61174200,158291.35
2018-02-09,NIFTY,3112670,233450250,246997.26
2018-02-12,BANKNIFTY,1477343,59093720,152916.92
2018-02-12,NIFTY,2145218,160891350,170741.50
2018-02-14,BANKNIFTY,3745292,149811680,386026.28
2018-02-14,NIFTY,2458453,184383975,195780.24
2018-02-14,NIFTYMID50,535,107000,57.46
2018-02-15,BANKNIFTY,10699175,427967000,1092745.91
2018-02-15,NIFTY,3313564,248517300,263611.15
2018-02-16,BANKNIFTY,1797379,71895160,184231.64
2018-02-16,NIFTY,4462238,334667850,355884.57
2018-02-19,BANKNIFTY,2382858,95314320,241444.13
2018-02-19,NIFTY,5750598,431294850,452759.75
2018-02-19,NIFTYMID50,25,5000,2.78
2018-02-20,BANKNIFTY,2708643,108345720,273777.88
2018-02-20,NIFTY,5327576,399568200,417913.21
2018-02-20,NIFTYMID50,521,104200,58.09
2018-02-21,BANKNIFTY,3168241,126729640,318441.13
2018-02-21,NIFTY,5298810,397410750,414240.34
2018-02-22,BANKNIFTY,6126454,245058160,613155.33
2018-02-22,NIFTY,7020319,526523925,547718.46
2018-02-26,BANKNIFTY,2209536,88381440,226572.46
2018-02-26,NIFTY,1389500,104212500,110287.43
2018-02-27,BANKNIFTY,3306986,132279440,339531.72
2018-02-27,NIFTY,1467091,110031825,116556.00
2018-03-05,BANKNIFTY,2128943,85157720,213259.20
2018-03-05,NIFTY,2101473,157610475,165404.70
2018-03-06,BANKNIFTY,4231955,169278200,422995.04
2018-03-06,NIFTY,2241448,168108600,175959.31
2018-03-07,BANKNIFTY,5480815,219232600,537156.15
2018-03-07,NIFTY,2718955,203921625,211878.50
2018-03-08,BANKNIFTY,14110162,564406480,1374007.70
2018-03-08,NIFTY,2426566,181992450,187915.65
2018-03-08,NIFTYIT,1,50,0.07
2018-03-09,BANKNIFTY,2174941,86997640,214823.85
2018-03-09,NIFTY,2143068,160730100,166359.69
2018-03-12,BANKNIFTY,2385668,95426720,235564.44
2018-03-12,NIFTY,2650670,198800250,206724.32
2018-03-12,NIFTYIT,1,50,0.07
2018-03-13,BANKNIFTY,5066041,202641640,504788.86
2018-03-13,NIFTY,3218171,241362825,252375.17
2018-03-14,BANKNIFTY,5219494,208779760,518081.16
2018-03-14,NIFTY,2265308,169898100,177179.92
2018-03-15,BANKNIFTY,11097153,443886120,1106632.41
2018-03-15,NIFTY,1697115,127283625,132800.12
2018-03-16,BANKNIFTY,2044610,81784400,204215.21
2018-03-16,NIFTY,3367434,252557550,262288.04
2018-03-19,BANKNIFTY,2442269,97690760,241517.33
2018-03-19,NIFTY,3523117,264233775,272114.37
2018-03-20,BANKNIFTY,3008827,120353080,295250.12
2018-03-20,NIFTY,3112580,233443500,238911.46
2018-03-21,BANKNIFTY,4335427,173417080,424663.88
2018-03-21,NIFTY,3643209,273240675,280478.97
2018-03-22,BANKNIFTY,10060657,402426280,979095.55
2018-03-22,NIFTY,3516309,263723175,270194.33
2018-03-23,BANKNIFTY,2370997,94839880,229101.42
2018-03-23,NIFTY,5406633,405497475,411204.60
2018-03-26,BANKNIFTY,3324161,132966440,321009.53
2018-03-26,NIFTY,5467028,410027100,415163.76
2018-03-27,BANKNIFTY,4703473,188138920,462272.47
2018-03-27,NIFTY,5955332,446649900,455898.99
2018-03-28,BANKNIFTY,6800473,272018920,664130.52
2018-03-28,NIFTY,7106646,532998450,542608.41
2018-04-02,BANKNIFTY,1732237,69289480,169753.72
2018-04-02,NIFTY,1519713,113978475,117021.71
2018-04-03,BANKNIFTY,2260776,90431040,222005.87
2018-04-03,NIFTY,1496576,112243200,115817.39
2018-04-04,BANKNIFTY,6003317,240132680,588619.36
2018-04-04,NIFTY,2278273,170870475,175834.83
2018-04-05,BANKNIFTY,10184635,407385400,1000224.13
2018-04-05,NIFTY,2059848,154488600,159293.22
2018-04-06,BANKNIFTY,2429942,97197680,241599.55
2018-04-06,NIFTY,1559689,116976675,120989.67
2018-04-09,BANKNIFTY,2645266,105810640,264427.62
2018-04-09,NIFTY,1604876,120365700,125229.78
2018-04-10,BANKNIFTY,2960676,118427040,297679.02
2018-04-10,NIFTY,1528459,114634425,119619.31
2018-04-11,BANKNIFTY,4917050,196682000,494007.56
2018-04-11,NIFTY,1677796,125834700,131176.22
2018-04-12,BANKNIFTY,11152766,446110640,1119677.58
2018-04-12,NIFTY,1654327,124074525,129119.85
2018-04-13,BANKNIFTY,2726947,109077880,275884.24
2018-04-13,NIFTY,2339645,175473375,183433.86
2018-04-16,BANKNIFTY,2354951,94198040,238118.61
2018-04-16,NIFTY,2126528,159489600,166537.34
2018-04-17,BANKNIFTY,2934054,117362160,297095.69
2018-04-17,NIFTY,2278641,170898075,179480.19
2018-04-18,BANKNIFTY,4790294,191611760,485489.54
2018-04-18,NIFTY,2444772,183357900,193317.27
2018-04-19,BANKNIFTY,9482904,379316160,954170.55
2018-04-19,NIFTY,1738668,130400100,137186.03
2018-04-20,BANKNIFTY,1900938,76037520,191167.22
2018-04-20,NIFTY,2919375,218953125,230023.08
2018-04-23,BANKNIFTY,2542577,101703080,255316.97
2018-04-23,NIFTY,3541696,265627200,280712.51
2018-04-24,BANKNIFTY,2634375,105375000,264590.97
2018-04-24,NIFTY,2992160,224412000,237565.58
2018-04-25,BANKNIFTY,3887837,155513480,388543.46
2018-04-25,NIFTY,4607468,345560100,366346.79
2018-04-26,BANKNIFTY,7357959,294318360,733675.10
2018-04-26,NIFTY,4947471,371060325,393175.38
2018-04-27,BANKNIFTY,2581161,103246440,260790.87
2018-04-27,NIFTY,1316316,98723700,105656.07
2018-04-30,BANKNIFTY,2467942,98717680,251260.42
2018-04-30,NIFTY,981420,73606500,79151.86
2018-05-02,BANKNIFTY,4658514,186340560,476911.15
2018-05-02,NIFTY,1083129,81234675,87427.35
2018-05-03,BANKNIFTY,9596865,383874600,980805.15
2018-05-03,NIFTY,1174618,88096350,94809.00
2018-05-04,BANKNIFTY,1776706,71068240,182157.58
2018-05-04,NIFTY,1132897,84967275,91166.64
2018-05-07,BANKNIFTY,2014868,80594720,206956.22
2018-05-07,NIFTY,934761,70107075,75323.55
2018-05-08,BANKNIFTY,3458465,138338600,358367.31
2018-05-08,NIFTY,971948,72896100,78695.73
2018-05-09,BANKNIFTY,4590706,183628240,477540.32
2018-05-09,NIFTY,984122,73809150,79635.29
2018-05-10,BANKNIFTY,9245181,369807240,966831.36
2018-05-10,NIFTY,1047231,78542325,84747.74
2018-05-11,BANKNIFTY,1649178,65967120,173106.85
2018-05-11,NIFTY,1432808,107460600,115847.25
2018-05-14,BANKNIFTY,1841222,73648880,194198.27
2018-05-14,NIFTY,1441752,108131400,116772.80
2018-05-15,BANKNIFTY,6559206,262368240,698172.43
2018-05-15,NIFTY,3674284,275571300,298629.49
2018-05-16,BANKNIFTY,7513329,300533160,792145.49
2018-05-16,NIFTY,2437773,182832975,197494.18
2018-05-17,BANKNIFTY,11397527,455901080,1193800.60
2018-05-17,NIFTY,1599597,119969775,129375.17
2018-05-18,BANKNIFTY,2120755,84830200,220722.79
2018-05-18,NIFTY,2284976,171373200,183789.00
2018-05-21,BANKNIFTY,2995299,119811960,310935.44
2018-05-21,NIFTY,2524295,189322125,201674.38
2018-05-22,BANKNIFTY,3723005,148920200,385822.00
2018-05-22,NIFTY,2268693,170151975,180990.93
2018-05-23,BANKNIFTY,4989536,199581440,515261.92
2018-05-23,NIFTY,2914599,218594925,231451.76
2018-05-24,BANKNIFTY,11187745,447509800,1154713.53
2018-05-24,NIFTY,2879202,215940150,227280.32
2018-05-25,BANKNIFTY,2471624,98864960,258211.22
2018-05-25,NIFTY,3726754,279506550,296040.96
2018-05-28,BANKNIFTY,3295686,131827440,348273.02
2018-05-28,NIFTY,3041118,228083850,243470.95
2018-05-29,BANKNIFTY,4300456,172018240,454251.26
2018-05-29,NIFTY,4236386,317728950,339630.88
2018-05-30,BANKNIFTY,6743909,269756360,707011.21
2018-05-30,NIFTY,5513317,413498775,439867.12
2018-05-31,BANKNIFTY,10959444,438377760,1163639.17
2018-05-31,NIFTY,5065105,379882875,405242.14
2018-05-31,NIFTYCPSE,3,750,0.18
2018-06-01,BANKNIFTY,2575125,103005000,276665.71
2018-06-01,NIFTY,1460323,109524225,118050.07
2018-06-04,BANKNIFTY,3870585,154823400,412953.65
2018-06-04,NIFTY,1500246,112518450,121008.91
2018-06-05,BANKNIFTY,3684989,147399560,389197.47
2018-06-05,NIFTY,1477523,110814225,118523.87
2018-06-06,BANKNIFTY,5646250,225850000,596088.12
2018-06-06,NIFTY,1613248,120993600,129440.26
2018-06-07,BANKNIFTY,14700215,588008600,1567845.63
2018-06-07,NIFTY,1750343,131275725,141251.51
2018-06-08,BANKNIFTY,2408008,96320320,255272.16
2018-06-08,NIFTY,1581268,118595100,127622.63
2018-06-11,BANKNIFTY,2971167,118846680,315647.60
2018-06-11,NIFTY,1562109,117158175,126857.47
2018-06-12,BANKNIFTY,3600578,144023120,382827.72
2018-06-12,NIFTY,1525364,114402300,123799.14
2018-06-13,BANKNIFTY,4374699,174987960,466587.27
2018-06-13,NIFTY,1380981,103573575,112281.41
2018-06-14,BANKNIFTY,11129709,445188360,1184728.57
2018-06-14,NIFTY,1593136,119485200,128916.77
2018-06-15,BANKNIFTY,2550990,102039600,270714.09
2018-06-15,NIFTY,2401730,180129750,194562.04
2018-06-18,BANKNIFTY,2353735,94149400,248789.06
2018-06-18,NIFTY,1442792,108209400,117025.56
2018-06-19,BANKNIFTY,3455360,138214400,364170.18
2018-06-19,NIFTY,2287001,171525075,185031.25
2018-06-20,BANKNIFTY,5867638,234705520,621103.71
2018-06-20,NIFTY,1912835,143462625,154695.07
2018-06-21,BANKNIFTY,13872717,554908680,1475576.18
2018-06-21,NIFTY,2089014,156676050,169187.40
2018-06-22,BANKNIFTY,3239737,129589480,344587.27
2018-06-22,NIFTY,2927751,219581325,236729.16
2018-06-25,BANKNIFTY,3331758,133270320,355572.78
2018-06-25,NIFTY,3059397,229454775,248397.88
2018-06-26,BANKNIFTY,4268388,170735520,454830.74
2018-06-26,NIFTY,3587561,269067075,290696.29
2018-06-27,BANKNIFTY,5737180,229487200,608296.06
2018-06-27,NIFTY,5224566,391842450,422235.22
2018-06-28,BANKNIFTY,11085843,443433720,1170550.29
2018-06-28,NIFTY,6510074,488255550,522231.98
2018-06-29,BANKNIFTY,2197872,87914880,232491.40
2018-06-29,NIFTY,1290664,96799800,104101.20
2018-07-02,BANKNIFTY,3287211,131488440,346763.13
2018-07-02,NIFTY,1445263,108394725,116432.78
2018-07-03,BANKNIFTY,3515948,140637920,370267.33
2018-07-03,NIFTY,1407012,105525900,113503.80
2018-07-04,BANKNIFTY,6316110,252644400,665252.49
2018-07-04,NIFTY,1350938,101320350,109125.64
2018-07-05,BANKNIFTY,12396134,495845360,1315527.02
2018-07-05,NIFTY,1183404,88755300,95738.44
2018-07-06,BANKNIFTY,2116690,84667600,224921.25
2018-07-06,NIFTY,1584017,118801275,128608.27
2018-07-09,BANKNIFTY,2473983,98959320,263600.29
2018-07-09,NIFTY,1272013,95400975,103556.23
2018-07-10,BANKNIFTY,3208326,128333040,344138.16
2018-07-10,NIFTY,1606715,120503625,131514.06
2018-07-11,BANKNIFTY,4841512,193660480,519619.38
2018-07-11,NIFTY,1593377,119503275,130542.62
2018-07-12,BANKNIFTY,12755251,510210040,1380411.84
2018-07-12,NIFTY,2193799,164534925,181135.80
2018-07-13,BANKNIFTY,2543393,101735720,274766.92
2018-07-13,NIFTY,1826887,137016525,151140.76
2018-07-16,BANKNIFTY,2639565,105582600,284102.68
2018-07-16,NIFTY,1900510,142538250,156767.78
2018-07-17,BANKNIFTY,4094493,163779720,440136.77
2018-07-17,NIFTY,2066750,155006250,170336.77
2018-07-18,BANKNIFTY,7439393,297575720,805810.80
2018-07-18,NIFTY,2879755,215981625,237322.51
2018-07-19,BANKNIFTY,13910752,556430080,1499566.95
2018-07-19,NIFTY,2079981,155998575,171065.66
2018-07-20,BANKNIFTY,1803172,72126880,194230.98
2018-07-20,NIFTY,2019463,151459725,166734.09
2018-07-23,BANKNIFTY,2631939,105277560,283993.21
2018-07-23,NIFTY,2514663,188599725,207857.84
2018-07-24,BANKNIFTY,3640858,145634320,394070.23
2018-07-24,NIFTY,3104187,232814025,258215.10
2018-07-25,BANKNIFTY,3826754,153070160,414053.49
2018-07-25,NIFTY,3112729,233454675,259468.92
2018-07-26,BANKNIFTY,10300943,412037720,1121826.45
2018-07-26,NIFTY,4502310,337673250,376148.24
2018-07-27,BANKNIFTY,1811891,72475640,198882.45
2018-07-27,NIFTY,1149519,86213925,97063.95
2018-07-30,BANKNIFTY,2855382,114215280,315580.62
2018-07-30,NIFTY,938980,70423500,79789.60
2018-07-31,BANKNIFTY,2884020,115360800,319645.68
2018-07-31,NIFTY,965430,72407250,82049.46
2018-08-01,BANKNIFTY,6162047,246481880,683299.60
2018-08-01,NIFTY,1172484,87936300,99979.33
2018-08-02,BANKNIFTY,11264713,450588520,1237855.18
2018-08-02,NIFTY,1099743,82480725,93634.39
2018-08-03,BANKNIFTY,2397148,95885920,264190.17
2018-08-03,NIFTY,1131215,84841125,96164.56
2018-08-06,BANKNIFTY,3050859,122034360,339697.12
2018-08-06,NIFTY,1033710,77528250,88293.52
2018-08-07,BANKNIFTY,3174617,126984680,354003.24
2018-08-07,NIFTY,1007163,75537225,86117.97
2018-08-08,BANKNIFTY,6785935,271437400,759652.16
2018-08-08,NIFTY,1313527,98514525,112299.75
2018-08-09,BANKNIFTY,12803460,512138400,1445778.98
2018-08-09,NIFTY,1056150,79211250,90361.83
2018-08-10,BANKNIFTY,2826564,113062560,319495.77
2018-08-10,NIFTY,1093313,81998475,93881.31
2018-08-13,BANKNIFTY,3790931,151637240,423912.56
2018-08-13,NIFTY,1509048,113178600,129225.15
2018-08-14,BANKNIFTY,4624960,184998400,517712.83
2018-08-14,NIFTY,1186604,88995300,101517.79
2018-08-16,BANKNIFTY,13610880,544435200,1521369.95
2018-08-16,NIFTY,1434690,107601750,123075.73
2018-08-17,BANKNIFTY,2640460,105618400,296385.52
2018-08-17,NIFTY,1510318,113273850,129759.05
2018-08-20,BANKNIFTY,2642379,105695160,297972.89
2018-08-20,NIFTY,1657807,124335525,143143.37
2018-08-21,BANKNIFTY,3968911,158756440,448357.88
2018-08-21,NIFTY,1421571,106617825,122805.92
2018-08-23,BANKNIFTY,12917870,516714800,1453463.55
2018-08-23,NIFTY,1775187,133139025,153723.12
2018-08-24,BANKNIFTY,3234325,129373000,362538.40
2018-08-24,NIFTY,2190452,164283900,189891.55
2018-08-27,BANKNIFTY,3061814,122472560,344545.63
2018-08-27,NIFTY,2928565,219642375,255104.19
2018-08-28,BANKNIFTY,4318677,172747080,487462.85
2018-08-28,NIFTY,3043014,228226050,266916.94
2018-08-29,BANKNIFTY,4620828,184833120,522394.25
2018-08-29,NIFTY,3221101,241582575,282896.81
2018-08-30,BANKNIFTY,11239274,449570960,1263577.57
2018-08-30,NIFTY,4485925,336444375,392643.30
2018-08-30,NIFTYCPSE,3,750,0.18
2018-08-31,BANKNIFTY,2639748,105589920,297134.72
2018-08-31,NIFTY,1351625,101371875,119155.87
2018-09-03,BANKNIFTY,3157506,126300240,355097.03
2018-09-03,NIFTY,1226292,91971900,108045.44
2018-09-04,BANKNIFTY,6497475,259899000,722992.11
2018-09-04,NIFTY,1573386,118003950,137820.11
2018-09-05,BANKNIFTY,9374877,374995080,1032093.18
2018-09-05,NIFTY,1948866,146164950,169655.66
2018-09-06,BANKNIFTY,17213588,688543520,1891705.00
2018-09-06,NIFTY,1739789,130484175,151444.22
2018-09-07,BANKNIFTY,3603339,144133560,396986.93
2018-09-07,NIFTY,1494273,112070475,130242.68
2018-09-10,BANKNIFTY,4706073,188242920,516859.20
2018-09-10,NIFTY,1661158,124586850,144575.71
2018-09-11,BANKNIFTY,8775632,351025280,958031.39
2018-09-11,NIFTY,1910461,143284575,165664.35
2018-09-12,BANKNIFTY,17950477,718019080,1928274.95
2018-09-12,NIFTY,2126580,159493500,182666.47
2018-09-14,BANKNIFTY,3028054,121122160,329603.43
2018-09-14,NIFTY,1766706,132502950,152782.03
2018-09-17,BANKNIFTY,4597852,183914080,496689.42
2018-09-17,NIFTY,1916119,143708925,165497.47
2018-09-18,BANKNIFTY,8257568,330302720,887046.35
2018-09-18,NIFTY,2346936,176020200,202141.58
2018-09-19,BANKNIFTY,15864221,634568840,1683804.70
2018-09-19,NIFTY,2465415,184906125,211104.33
2018-09-21,BANKNIFTY,5586222,223448880,589971.56
2018-09-21,NIFTY,5547247,416043525,470057.30
2018-09-24,BANKNIFTY,4094678,163787120,421046.41
2018-09-24,NIFTY,4910050,368253750,411993.13
2018-09-25,BANKNIFTY,6273947,250957880,634108.84
2018-09-25,NIFTY,5743964,430797300,478515.26
2018-09-26,BANKNIFTY,5647955,225918200,577175.14
2018-09-26,NIFTY,5030521,377289075,419922.51
2018-09-27,BANKNIFTY,11322226,452889040,1147520.90
2018-09-27,NIFTY,5935840,445188000,493876.60
2018-09-27,NIFTYIT,1,50,0.08
2018-09-28,BANKNIFTY,4003390,160135600,406463.35
2018-09-28,NIFTY,1977366,148302450,166299.54
2018-10-01,BANKNIFTY,4814425,192577000,486293.94
2018-10-01,NIFTY,1898576,142393200,158369.04
2018-10-03,BANKNIFTY,8893664,355746560,902726.69
2018-10-03,NIFTY,1758654,131899050,146391.30
2018-10-03,NIFTYIT,1,50,0.08
2018-10-04,BANKNIFTY,16788077,671523080,1670182.60
2018-10-04,NIFTY,2486611,186495825,204302.72
2018-10-05,BANKNIFTY,3592718,143708720,359901.56
2018-10-05,NIFTY,3249810,243735750,263788.89
2018-10-08,BANKNIFTY,3981654,159266160,394641.64
2018-10-08,NIFTY,3158717,236903775,251053.97
2018-10-09,BANKNIFTY,4215473,168618920,418111.38
2018-10-09,NIFTY,2150665,161299875,171901.11
2018-10-10,BANKNIFTY,8867994,354719760,887594.96
2018-10-10,NIFTY,2141528,160614600,170040.57
2018-10-11,BANKNIFTY,16023461,640938440,1593165.79
2018-10-11,NIFTY,3167423,237556725,248482.55
2018-10-12,BANKNIFTY,2970799,118831960,302687.07
2018-10-12,NIFTY,2527824,189586800,199830.83
2018-10-15,BANKNIFTY,3654190,146167600,371180.01
2018-10-15,NIFTY,2554365,191577375,203173.55
2018-10-16,BANKNIFTY,5030054,201202160,515220.78
2018-10-16,NIFTY,2167023,162526725,173012.73
2018-10-17,BANKNIFTY,16355522,654220880,1677615.20
2018-10-17,NIFTY,3233807,242535525,257764.17
2018-10-17,NIFTYCPSE,4,1000,0.22
2018-10-19,BANKNIFTY,3069915,122796600,310306.12
2018-10-19,NIFTY,4296992,322274400,338534.52
2018-10-22,BANKNIFTY,3636870,145474800,368350.72
2018-10-22,NIFTY,4136175,310213125,324662.19
2018-10-23,BANKNIFTY,3875918,155036720,389389.20
2018-10-23,NIFTY,4845358,363401850,376917.09
2018-10-24,BANKNIFTY,6004031,240161240,605051.92
2018-10-24,NIFTY,6315747,473681025,489328.60
2018-10-25,BANKNIFTY,10681709,427268360,1069080.22
2018-10-25,NIFTY,7226082,541956150,554362.51
2018-10-25,NIFTYCPSE,2,500,0.11
2018-10-26,BANKNIFTY,5336585,106731700,266876.00
2018-10-26,NIFTY,1652420,123931500,129328.84
2018-10-26,NIFTYIT,2,100,0.12
2018-10-29,BANKNIFTY,7394503,147890060,367843.77
2018-10-29,NIFTY,1468852,110163900,114726.71
2018-10-30,BANKNIFTY,10189797,203795940,511292.00
2018-10-30,NIFTY,1290459,96784425,101181.86
2018-10-30,NIFTYIT,3,150,0.22
2018-10-31,BANKNIFTY,15334698,306693960,765322.96
2018-10-31,NIFTY,1965025,147376875,153088.49
2018-11-01,BANKNIFTY,31411070,628221400,1590065.59
2018-11-01,NIFTY,1405396,105404700,110131.70
2018-11-02,BANKNIFTY,7430391,148607820,382379.29
2018-11-02,NIFTY,2269697,170227275,179479.92
2018-11-02,NIFTYIT,4,200,0.33
2018-11-05,BANKNIFTY,9727422,194548440,500695.45
2018-11-05,NIFTY,1142086,85656450,90753.49
2018-11-06,BANKNIFTY,24121728,482434560,1243973.21
2018-11-06,NIFTY,1207760,90582000,95951.87
2018-11-07,BANKNIFTY,885559,17711180,45682.86
2018-11-07,NIFTY,324690,24351750,25895.35
2018-11-09,BANKNIFTY,4386772,87735440,226524.74
2018-11-09,NIFTY,1273923,95544225,101760.02
2018-11-09,NIFTYIT,1,50,0.08
2018-11-12,BANKNIFTY,6772494,135449880,348723.00
2018-11-12,NIFTY,1559135,116935125,124508.60
2018-11-13,BANKNIFTY,9520974,190419480,487961.28
2018-11-13,NIFTY,1756769,131757675,139409.37
2018-11-13,NIFTYIT,1,50,0.07
2018-11-14,BANKNIFTY,13836968,276739360,717165.81
2018-11-14,NIFTY,1847385,138553875,147567.01
2018-11-14,NIFTYIT,2,100,0.17
2018-11-15,BANKNIFTY,25546697,510933940,1331373.47
2018-11-15,NIFTY,1474929,110619675,117949.71
2018-11-15,NIFTYIT,2,100,0.15
2018-11-16,BANKNIFTY,5641445,112828900,294463.07
2018-11-16,NIFTY,2044412,153330900,164600.33
2018-11-16,NIFTYIT,1,50,0.09
2018-11-19,BANKNIFTY,5173356,103467120,270357.88
2018-11-19,NIFTY,1668012,125100900,134681.70
2018-11-20,BANKNIFTY,7206421,144128420,378086.45
2018-11-20,NIFTY,2086732,156504900,167789.03
2018-11-21,BANKNIFTY,11355817,227116340,596051.19
2018-11-21,NIFTY,2624882,196866150,210152.09
2018-11-21,NIFTYIT,3,150,0.21
2018-11-22,BANKNIFTY,25708790,514175800,1348388.73
2018-11-22,NIFTY,2248235,168617625,179705.28
2018-11-26,BANKNIFTY,6404067,128081340,335105.11
2018-11-26,NIFTY,3540056,265504200,281610.20
2018-11-26,NIFTYIT,4,200,0.28
2018-11-27,BANKNIFTY,9145827,182916540,482163.17
2018-11-27,NIFTY,3980956,298571700,318291.11
2018-11-28,BANKNIFTY,8784745,175694900,465513.83
2018-11-28,NIFTY,3726828,279512100,299746.15
2018-11-28,NIFTYIT,1,50,0.07
2018-11-29,BANKNIFTY,22162662,443253240,1186122.76
2018-11-29,NIFTY,5642954,423221550,457698.59
2018-11-30,BANKNIFTY,4654344,93086880,250054.47
2018-11-30,NIFTY,1095121,82134075,90471.23
2018-12-03,BANKNIFTY,4532887,90657740,243727.29
2018-12-03,NIFTY,981808,73635600,80749.74
2018-12-04,BANKNIFTY,5992814,119856280,321675.18
2018-12-04,NIFTY,734674,55100550,60495.68
2018-12-05,BANKNIFTY,10672988,213459760,569582.80
2018-12-05,NIFTY,968522,72639150,79545.02
2018-12-06,BANKNIFTY,31339265,626785300,1649607.77
2018-12-06,NIFTY,1525695,114427125,124225.11
2018-12-07,BANKNIFTY,3806085,76121700,202027.81
2018-12-07,NIFTY,1368082,102606150,111252.19
2018-12-10,BANKNIFTY,4428925,88578500,234080.91
2018-12-10,NIFTY,1858671,139400325,149628.80
2018-12-11,BANKNIFTY,14637039,292740780,761970.80
2018-12-11,NIFTY,4086530,306489750,325271.33
2018-12-12,BANKNIFTY,12576876,251537520,664996.43
2018-12-12,NIFTY,2204283,165321225,176994.93
2018-12-12,NIFTYIT,4,200,0.28
2018-12-13,BANKNIFTY,28578317,571566340,1535218.61
2018-12-13,NIFTY,2138843,160413225,173446.36
2018-12-14,BANKNIFTY,4590730,91814600,246136.41
2018-12-14,NIFTY,1655797,124184775,134635.17
2018-12-17,BANKNIFTY,5214213,104284260,281264.44
2018-12-17,NIFTY,1845368,138402600,151271.02
2018-12-18,BANKNIFTY,7851378,157027560,423916.73
2018-12-18,NIFTY,2077290,155796750,170186.86
2018-12-18,NIFTYIT,1,50,0.08
2018-12-19,BANKNIFTY,9926208,198524160,541279.65
2018-12-19,NIFTY,1968028,147602100,162056.66
2018-12-20,BANKNIFTY,27183344,543666880,1480242.83
2018-12-20,NIFTY,2469098,185182350,202521.56
2018-12-21,BANKNIFTY,7565818,151316360,411048.85
2018-12-21,NIFTY,4527494,339562050,370861.70
2018-12-24,BANKNIFTY,7789863,155797260,419423.08
2018-12-24,NIFTY,4062295,304672125,329572.04
2018-12-26,BANKNIFTY,14069307,281386140,754344.38
2018-12-26,NIFTY,6763757,507281775,543734.46
2018-12-27,BANKNIFTY,26652282,533045640,1444663.58
2018-12-27,NIFTY,6346008,475950600,515522.34
2018-12-27,NIFTYIT,2,100,0.13
2018-12-28,BANKNIFTY,4354332,87086640,236811.83
2018-12-28,NIFTY,1080885,81066375,88794.77
2018-12-31,BANKNIFTY,5085997,101719940,276996.87
2018-12-31,NIFTY,886755,66506625,73172.40
2019-01-01,BANKNIFTY,7911075,158221500,431456.73
2019-01-01,NIFTY,949461,71209575,78093.62
2019-01-01,NIFTYIT,2,100,0.12
2019-01-02,BANKNIFTY,16082132,321642640,879276.56
2019-01-02,NIFTY,1840676,138050700,151431.47
2019-01-03,BANKNIFTY,30451232,609024640,1653173.99
2019-01-03,NIFTY,1680796,126059700,137449.68
2019-01-04,BANKNIFTY,7760233,155204660,422615.04
2019-01-04,NIFTY,1947777,146083275,158840.79
2019-01-04,NIFTYIT,2,100,0.15
2019-01-07,BANKNIFTY,6281584,125631680,344587.57
2019-01-07,NIFTY,1518316,113873700,124312.79
2019-01-07,NIFTYIT,3,150,0.22
2019-01-08,BANKNIFTY,9541327,190826540,522545.16
2019-01-08,NIFTY,1411953,105896475,115381.01
2019-01-08,NIFTYIT,2,100,0.14
2019-01-09,BANKNIFTY,15456876,309137520,853037.42
2019-01-09,NIFTY,1850085,138756375,151230.45
2019-01-10,BANKNIFTY,26793382,535867640,1480201.69
2019-01-10,NIFTY,1208178,90613350,98906.14
2019-01-11,BANKNIFTY,5109879,102197580,282268.80
2019-01-11,NIFTY,1572643,117948225,128809.44
2019-01-14,BANKNIFTY,5430308,108606160,298270.61
2019-01-14,NIFTY,1431991,107399325,116810.18
2019-01-15,BANKNIFTY,6394934,127898680,351287.85
2019-01-15,NIFTY,1952287,146421525,159317.93
2019-01-15,NIFTYIT,3,150,0.21
2019-01-16,BANKNIFTY,9201367,184027340,507154.41
2019-01-16,NIFTY,1712955,128471625,140778.41
2019-01-16,NIFTYIT,1,50,0.07
2019-01-17,BANKNIFTY,27135655,542713100,1492801.58
2019-01-17,NIFTY,1767156,132536700,144963.22
2019-01-17,NIFTYIT,1,50,0.08
2019-01-18,BANKNIFTY,4357712,87154240,240218.50
2019-01-18,NIFTY,1848080,138606000,151719.58
2019-01-18,NIFTYIT,2,100,0.15
2019-01-21,BANKNIFTY,4866545,97330900,268968.14
2019-01-21,NIFTY,1800910,135068250,148444.84
2019-01-22,BANKNIFTY,5245477,104909540,289029.80
2019-01-22,NIFTY,1587673,119075475,130730.83
2019-01-23,BANKNIFTY,10176627,203532540,560434.63
2019-01-23,NIFTY,1763291,132246825,144893.18
2019-01-24,BANKNIFTY,24999060,499981200,1364380.34
2019-01-24,NIFTY,1829997,137249775,149715.38
2019-01-24,NIFTYIT,1,50,0.08
2019-01-25,BANKNIFTY,5271919,105438380,288867.67
2019-01-25,NIFTY,3236252,242718900,264964.37
2019-01-28,BANKNIFTY,7449736,148994720,402321.33
2019-01-28,NIFTY,3783335,283750125,306744.07
2019-01-29,BANKNIFTY,6880249,137604980,368761.81
2019-01-29,NIFTY,3553626,266521950,286518.87
2019-01-30,BANKNIFTY,9439499,188789980,506794.27
2019-01-30,NIFTY,4860111,364508325,391329.89
2019-01-31,BANKNIFTY,21776767,435535340,1179391.64
2019-01-31,NIFTY,6612898,495967350,534301.16
2019-02-01,BANKNIFTY,9470762,189415240,518469.34
2019-02-01,NIFTY,2831051,212328825,233219.32
2019-02-04,BANKNIFTY,7192351,143847020,390532.90
2019-02-04,NIFTY,1375816,103186200,112878.00
2019-02-05,BANKNIFTY,6865104,137302080,374934.80
2019-02-05,NIFTY,999505,74962875,82297.54
2019-02-06,BANKNIFTY,7414441,148288820,406366.50
2019-02-06,NIFTY,1577835,118337625,130626.46
2019-02-07,BANKNIFTY,28413049,568260980,1562937.83
2019-02-07,NIFTY,1507361,113052075,125433.64
2019-02-08,BANKNIFTY,5756637,115132740,315494.54
2019-02-08,NIFTY,1949711,146228325,161949.44
2019-02-11,BANKNIFTY,4840443,96808860,264039.06
2019-02-11,NIFTY,2186873,164015475,179953.95
2019-02-12,BANKNIFTY,6798262,135965240,371036.93
2019-02-12,NIFTY,2527428,189557100,207495.34
2019-02-12,NIFTYIT,1,50,0.09
2019-02-13,BANKNIFTY,9432185,188643700,512040.94
2019-02-13,NIFTY,3026813,227010975,248073.15
2019-02-14,BANKNIFTY,20243175,404863500,1093570.29
2019-02-14,NIFTY,4554050,341553750,369909.28
2019-02-15,BANKNIFTY,5678496,113569920,305969.66
2019-02-15,NIFTY,3647616,273571200,295152.22
2019-02-15,NIFTYIT,6,300,0.49
2019-02-18,BANKNIFTY,4467310,89346200,240536.78
2019-02-18,NIFTY,2626260,196969500,212353.31
2019-02-19,BANKNIFTY,8339315,166786300,449219.14
2019-02-19,NIFTY,3828578,287143350,308656.84
2019-02-20,BANKNIFTY,9980083,199601660,537137.79
2019-02-20,NIFTY,4559084,341931300,366990.55
2019-02-21,BANKNIFTY,17533960,350679200,950503.02
2019-02-21,NIFTY,5606622,420496650,453385.44
2019-02-22,BANKNIFTY,3425230,68504600,185866.49
2019-02-22,NIFTY,2035735,152680125,165362.42
2019-02-25,BANKNIFTY,4572961,91459220,248378.80
2019-02-25,NIFTY,2791809,209385675,227280.27
2019-02-26,BANKNIFTY,9770212,195404240,527870.75
2019-02-26,NIFTY,5669335,425200125,460391.85
2019-02-27,BANKNIFTY,11756465,235129300,635522.59
2019-02-27,NIFTY,7569771,567732825,614974.65
2019-02-28,BANKNIFTY,16969551,339391020,914319.21
2019-02-28,NIFTY,7250998,543824850,589672.64
2019-03-01,BANKNIFTY,3178379,63567580,172242.10
2019-03-01,NIFTY,1777505,133312875,145293.86
2019-03-05,BANKNIFTY,8292576,165851520,452789.20
2019-03-05,NIFTY,3404885,255366375,279064.40
2019-03-06,BANKNIFTY,10625696,212513920,586009.72
2019-03-06,NIFTY,3888187,291614025,321321.43
2019-03-07,BANKNIFTY,21460594,429211880,1188494.78
2019-03-07,NIFTY,5001998,375149850,414933.26
2019-03-08,BANKNIFTY,5089363,101787260,283099.49
2019-03-08,NIFTY,1973547,148016025,163846.54
2019-03-11,BANKNIFTY,5987120,119742400,335509.84
2019-03-11,NIFTY,2895594,217169550,241788.45
2019-03-11,NIFTYIT,162,8100,12.64
2019-03-12,BANKNIFTY,9206260,184125200,521041.23
2019-03-12,NIFTY,4319026,323926950,364668.90
2019-03-12,NIFTYIT,76,3800,5.95
2019-03-13,BANKNIFTY,14473896,289477920,830675.43
2019-03-13,NIFTY,4119822,308986650,349756.59
2019-03-13,NIFTYIT,67,3350,5.17
2019-03-14,BANKNIFTY,25256951,505139020,1464243.86
2019-03-14,NIFTY,4955122,371634150,421488.59
2019-03-14,NIFTYIT,313,15650,23.73
2019-03-15,BANKNIFTY,7387814,147756280,434738.81
2019-03-15,NIFTY,3435544,257665800,294983.02
2019-03-15,NIFTYIT,36,1800,2.81
2019-03-18,BANKNIFTY,9558760,191175200,567114.44
2019-03-18,NIFTY,4041597,303119775,348319.09
2019-03-18,NIFTYIT,12,600,0.94
2019-03-19,BANKNIFTY,10248118,204962360,609817.71
2019-03-19,NIFTY,3847902,288592650,331958.04
2019-03-19,NIFTYIT,35,1750,2.74
2019-03-20,BANKNIFTY,22712328,454246560,1353813.46
2019-03-20,NIFTY,4584131,343809825,396087.09
2019-03-20,NIFTYIT,609,30450,47.92
2019-03-22,BANKNIFTY,6996115,139922300,418215.64
2019-03-22,NIFTY,3692518,276938850,319216.42
2019-03-22,NIFTYIT,1,50,0.08
2019-03-25,BANKNIFTY,6105859,122117180,360414.94
2019-03-25,NIFTY,3536879,265265925,304237.60
2019-03-25,NIFTYIT,4,200,0.32
2019-03-26,BANKNIFTY,9821493,196429860,582683.08
2019-03-26,NIFTY,4356954,326771550,374073.99
2019-03-26,NIFTYIT,6,300,0.47
2019-03-27,BANKNIFTY,15401972,308039440,928209.87
2019-03-27,NIFTY,6489119,486683925,560370.02
2019-03-27,NIFTYIT,1,50,0.08
2019-03-28,BANKNIFTY,23593055,471861100,1428127.07
2019-03-28,NIFTY,7007793,525584475,605718.28
2019-03-28,NIFTYIT,6,300,0.48
2019-03-29,BANKNIFTY,3623133,72462660,220996.40
2019-03-29,NIFTY,1943528,145764600,169985.79
2019-04-01,BANKNIFTY,4807632,96152640,294508.71
2019-04-01,NIFTY,2566611,192495825,225811.69
2019-04-01,NIFTYIT,2,100,0.16
2019-04-02,BANKNIFTY,6803250,136065000,414520.29
2019-04-02,NIFTY,2599907,194993025,228712.00
2019-04-02,NIFTYIT,4,200,0.32
2019-04-03,BANKNIFTY,9027122,180542440,551446.64
2019-04-03,NIFTY,3596020,269701500,317106.45
2019-04-03,NIFTYIT,4,200,0.32
2019-04-04,BANKNIFTY,27033010,540660200,1632745.14
2019-04-04,NIFTY,5658386,424378950,495497.60
2019-04-04,NIFTYIT,59,2950,4.73
2019-04-05,BANKNIFTY,5518678,110373560,333018.16
2019-04-05,NIFTY,2224359,166826925,195414.31
2019-04-05,NIFTYIT,15,750,1.22
2019-04-08,BANKNIFTY,6892962,137859240,415580.85
2019-04-08,NIFTY,3177999,238349925,279279.39
2019-04-08,NIFTYIT,11,550,0.89
2019-04-09,BANKNIFTY,9295118,185902360,558791.89
2019-04-09,NIFTY,3518995,263924625,308362.47
2019-04-09,NIFTYIT,18,900,1.46
2019-04-10,BANKNIFTY,11650178,233003560,702019.80
2019-04-10,NIFTY,3983452,298758900,349419.55
2019-04-10,NIFTYIT,33,1650,2.68
2019-04-11,BANKNIFTY,24406350,488127000,1458372.42
2019-04-11,NIFTY,5081596,381119700,443174.51
2019-04-11,NIFTYIT,121,6050,9.75
2019-04-12,BANKNIFTY,4652470,93049400,279107.74
2019-04-12,NIFTY,2322433,174182475,203376.59
2019-04-12,NIFTYIT,1,50,0.08
2019-04-15,BANKNIFTY,5424095,108481900,327020.27
2019-04-15,NIFTY,2276236,170717700,199676.48
2019-04-15,NIFTYIT,3,150,0.24
2019-04-16,BANKNIFTY,9773173,195463460,594653.84
2019-04-16,NIFTY,3775010,283125750,333291.64
2019-04-18,BANKNIFTY,25260233,505204660,1539140.65
2019-04-18,NIFTY,5470199,410264925,483576.94
2019-04-22,BANKNIFTY,6226463,124529260,375125.96
2019-04-22,NIFTY,3442028,258152100,303307.14
2019-04-22,NIFTYIT,1,50,0.08
2019-04-23,BANKNIFTY,10336428,206728560,618141.49
2019-04-23,NIFTY,4244221,318316575,372043.43
2019-04-23,NIFTYIT,2,100,0.16
2019-04-24,BANKNIFTY,12315067,246301340,732700.09
2019-04-24,NIFTY,5251328,393849600,460067.06
2019-04-24,NIFTYIT,10,500,0.81
2019-04-25,BANKNIFTY,26886031,537720620,1611641.42
2019-04-25,NIFTY,7760140,582010500,684778.76
2019-04-25,NIFTYIT,3,150,0.25
2019-04-26,BANKNIFTY,7116555,142331100,425415.89
2019-04-26,NIFTY,2361003,177075225,208138.51
2019-04-26,NIFTYIT,3,150,0.25
2019-04-30,BANKNIFTY,12038269,240765380,719509.95
2019-04-30,NIFTY,4039564,302967300,356126.89
2019-04-30,NIFTYIT,1,50,0.08
2019-05-02,BANKNIFTY,26033391,520667820,1555107.58
2019-05-02,NIFTY,6347245,476043375,560152.47
2019-05-03,BANKNIFTY,6139961,122799220,369373.87
2019-05-03,NIFTY,2127619,159571425,188515.51
2019-05-03,NIFTYIT,4,200,0.33
2019-05-06,BANKNIFTY,5971945,119438900,356659.15
2019-05-06,NIFTY,2751609,206370675,241831.76
2019-05-07,BANKNIFTY,8981742,179634840,535429.87
2019-05-07,NIFTY,3977105,298282875,348214.27
2019-05-07,NIFTYIT,3,150,0.25
2019-05-08,BANKNIFTY,12652248,253044960,742555.08
2019-05-08,NIFTY,5631079,422330925,487274.81
2019-05-08,NIFTYIT,2,100,0.16
2019-05-09,BANKNIFTY,23846093,476921860,1386052.91
2019-05-09,NIFTY,7864472,589835400,671474.02
2019-05-09,NIFTYIT,5,250,0.41
2019-05-10,BANKNIFTY,5390980,107819600,315204.38
2019-05-10,NIFTY,2937721,220329075,251239.65
2019-05-10,NIFTYIT,3,150,0.24
2019-05-13,BANKNIFTY,5707282,114145640,332494.10
2019-05-13,NIFTY,3406822,255511650,290147.02
2019-05-14,BANKNIFTY,9099271,181985420,527250.65
2019-05-14,NIFTY,5095584,382168800,430994.46
2019-05-15,BANKNIFTY,11108655,222173100,643298.17
2019-05-15,NIFTY,6030393,452279475,510582.62
2019-05-15,NIFTYIT,2,100,0.16
2019-05-16,BANKNIFTY,21852346,437046920,1257428.71
2019-05-16,NIFTY,7481284,561096300,630155.83
2019-05-17,BANKNIFTY,1149523,22990460,68318.15
2019-05-17,NIFTY,1632533,122439975,142384.87
2019-05-20,BANKNIFTY,2284480,45689600,139168.93
2019-05-20,NIFTY,3162949,237221175,280390.68
2019-05-21,BANKNIFTY,2390231,47804620,145429.43
2019-05-21,NIFTY,2888714,216653550,258416.10
2019-05-22,BANKNIFTY,2325768,46515360,141782.39
2019-05-22,NIFTY,2989410,224205750,267410.04
2019-05-23,BANKNIFTY,22228702,444574040,1375109.57
2019-05-23,NIFTY,11022655,826699125,984533.30
2019-05-24,BANKNIFTY,6722685,134453700,415655.07
2019-05-24,NIFTY,4524906,339367950,402305.53
2019-05-27,BANKNIFTY,6149666,122993320,385537.01
2019-05-27,NIFTY,3490115,261758625,312056.77
2019-05-28,BANKNIFTY,7699725,153994500,484867.11
2019-05-28,NIFTY,4035361,302652075,361052.81
2019-05-29,BANKNIFTY,8731449,174628980,549536.61
2019-05-29,NIFTY,4280393,321029475,383170.71
2019-05-30,BANKNIFTY,24246673,484933460,1527957.67
2019-05-30,NIFTY,7070216,530266200,632826.03
2019-05-31,BANKNIFTY,6271328,125426560,395858.90
2019-05-31,NIFTY,3832872,287465400,344296.43
2019-06-03,BANKNIFTY,6448346,128966920,406498.32
2019-06-03,NIFTY,3873936,290545200,348857.42
2019-06-03,NIFTYIT,5,250,0.40
2019-06-04,BANKNIFTY,7693653,153873060,487438.08
2019-06-04,NIFTY,4060070,304505250,366970.97
2019-06-04,NIFTYIT,4,200,0.32
2019-06-06,BANKNIFTY,26112215,522244300,1635553.18
2019-06-06,NIFTY,7998074,599855550,718383.11
2019-06-06,NIFTYIT,1,50,0.08
2019-06-07,BANKNIFTY,7946868,158937360,494216.35
2019-06-07,NIFTY,3859267,289445025,344089.11
2019-06-10,BANKNIFTY,8423204,168464080,524740.30
2019-06-10,NIFTY,3723679,279275925,333679.38
2019-06-11,BANKNIFTY,8290479,165809580,517477.72
2019-06-11,NIFTY,3543129,265734675,318060.06
2019-06-12,BANKNIFTY,10124111,202482220,629942.60
2019-06-12,NIFTY,4639067,347930025,415517.58
2019-06-13,BANKNIFTY,28600216,572004320,1768938.20
2019-06-13,NIFTY,6783765,508782375,605291.23
2019-06-14,BANKNIFTY,6675395,133507900,412772.57
2019-06-14,NIFTY,2848955,213671625,254918.21
2019-06-17,BANKNIFTY,6181324,123626480,378410.01
2019-06-17,NIFTY,3699334,277450050,328231.60
2019-06-18,BANKNIFTY,10265572,205311440,626363.60
2019-06-18,NIFTY,4914311,368573325,433163.34
2019-06-19,BANKNIFTY,12423093,248461860,758859.15
2019-06-19,NIFTY,7258628,544397100,640666.82
2019-06-20,BANKNIFTY,28034938,560698760,1715542.47
2019-06-20,NIFTY,8861905,664642875,781250.73
2019-06-21,BANKNIFTY,5570489,111409780,342828.74
2019-06-21,NIFTY,3450124,258759300,305892.51
2019-06-24,BANKNIFTY,5483603,109672060,337092.18
2019-06-24,NIFTY,3630638,272297850,321397.24
2019-06-25,BANKNIFTY,8393103,167862060,516146.65
2019-06-25,NIFTY,5126934,384520050,453412.25
2019-06-25,NIFTYIT,3,150,0.23
2019-06-26,BANKNIFTY,10670997,213419940,661843.95
2019-06-26,NIFTY,5476441,410733075,486392.62
2019-06-27,BANKNIFTY,27707972,554159440,1734163.85
2019-06-27,NIFTY,7842253,588168975,698020.31
2019-06-28,BANKNIFTY,4950000,99000000,310152.36
2019-06-28,NIFTY,2447493,183561975,218459.00
2019-07-01,BANKNIFTY,4779173,95583460,300211.80
2019-07-01,NIFTY,2389011,179175825,213192.13
2019-07-02,BANKNIFTY,8601234,172024680,539652.60
2019-07-02,NIFTY,3861282,289596150,344774.79
2019-07-03,BANKNIFTY,9194078,183881560,577963.84
2019-07-03,NIFTY,3631614,272371050,325088.01
2019-07-04,BANKNIFTY,21893263,437865260,1381146.29
2019-07-04,NIFTY,5634386,422578950,504572.18
2019-07-05,BANKNIFTY,7076564,141531280,447383.23
2019-07-05,NIFTY,5165725,387429375,464379.77
2019-07-08,BANKNIFTY,8290332,165806640,515704.98
2019-07-08,NIFTY,5804213,435315975,512032.08
2019-07-09,BANKNIFTY,8825271,176505420,542136.00
2019-07-09,NIFTY,5382584,403693800,469392.22
2019-07-10,BANKNIFTY,10606300,212126000,650658.98
2019-07-10,NIFTY,6052112,453908400,526230.18
2019-07-11,BANKNIFTY,20886564,417731280,1283012.60
2019-07-11,NIFTY,6446982,483523650,560372.22
2019-07-12,BANKNIFTY,5342578,106851560,328807.54
2019-07-12,NIFTY,3568785,267658875,311625.04
2019-07-15,BANKNIFTY,6052560,121051200,370081.50
2019-07-15,NIFTY,3405049,255378675,296476.05
2019-07-16,BANKNIFTY,6946544,138930880,425575.30
2019-07-16,NIFTY,3846499,288487425,336005.28
2019-07-17,BANKNIFTY,8915919,178318380,547909.18
2019-07-17,NIFTY,4120444,309033300,360940.59
2019-07-18,BANKNIFTY,21074213,421484260,1292169.04
2019-07-18,NIFTY,6021322,451599150,527019.52
2019-07-18,NIFTYIT,1,50,0.08
2019-07-19,BANKNIFTY,8425684,168513680,510518.52
2019-07-19,NIFTY,5114777,383608275,444744.71
2019-07-22,BANKNIFTY,7825151,156503020,463962.85
2019-07-22,NIFTY,4752699,356452425,408588.83
2019-07-23,BANKNIFTY,9821901,196438020,578701.77
2019-07-23,NIFTY,5189637,389222775,444607.17
2019-07-24,BANKNIFTY,12361509,247230180,722367.60
2019-07-24,NIFTY,7364336,552325200,626936.47
2019-07-25,BANKNIFTY,25563819,511276380,1491759.20
2019-07-25,NIFTY,10237359,767801925,870346.64
2019-07-26,BANKNIFTY,5434854,108697080,319405.46
2019-07-26,NIFTY,3285666,246424950,279534.70
2019-07-29,BANKNIFTY,7110633,142212660,418379.63
2019-07-29,NIFTY,4445359,333401925,377058.18
2019-07-30,BANKNIFTY,11774893,235497860,691187.85
2019-07-30,NIFTY,6478112,485858400,546989.34
2019-07-31,BANKNIFTY,13041883,260837660,753858.13
2019-07-31,NIFTY,7810704,585802800,653172.88
2019-08-01,BANKNIFTY,31799190,635983800,1822390.36
2019-08-01,NIFTY,10355482,776661150,859171.65
2019-08-01,NIFTYIT,1,50,0.08
2019-08-02,BANKNIFTY,8285322,165706440,473597.22
2019-08-02,NIFTY,6301577,472618275,522488.61
2019-08-05,BANKNIFTY,7111902,142238040,400385.79
2019-08-05,NIFTY,5314493,398586975,437204.01
2019-08-06,BANKNIFTY,7509444,150188880,422407.78
2019-08-06,NIFTY,5174075,388055625,426881.49
2019-08-07,BANKNIFTY,14661804,293236080,823605.90
2019-08-07,NIFTY,7149051,536178825,589182.31
2019-08-08,BANKNIFTY,32730215,654604300,1825607.20
2019-08-08,NIFTY,10015353,751151475,822461.09
2019-08-09,BANKNIFTY,6198678,123973560,353802.34
2019-08-09,NIFTY,4608482,345636150,386262.50
2019-08-13,BANKNIFTY,11471818,229436360,646990.87
2019-08-13,NIFTY,6832161,512412075,568823.84
2019-08-14,BANKNIFTY,26382011,527640220,1477108.57
2019-08-14,NIFTY,10361785,777133875,858374.28
2019-08-16,BANKNIFTY,6606559,132131180,372671.78
2019-08-16,NIFTY,4175550,313166250,347142.71
2019-08-19,BANKNIFTY,7270950,145419000,413519.15
2019-08-19,NIFTY,4314712,323603400,360016.21
2019-08-20,BANKNIFTY,9343052,186861040,526405.81
2019-08-20,NIFTY,5154403,386580225,428803.00
2019-08-21,BANKNIFTY,12461450,249229000,699304.22
2019-08-21,NIFTY,6095552,457166400,505497.28
2019-08-22,BANKNIFTY,28308574,566171480,1564263.30
2019-08-22,NIFTY,9915644,743673300,812063.46
2019-08-23,BANKNIFTY,7801859,156037180,426844.74
2019-08-23,NIFTY,5520157,414011775,450583.08
2019-08-26,BANKNIFTY,12089537,241790740,666872.64
2019-08-26,NIFTY,7648395,573629625,630401.19
2019-08-27,BANKNIFTY,9875499,197509980,557090.64
2019-08-27,NIFTY,5843619,438271425,487665.36
2019-08-28,BANKNIFTY,12459630,249192600,698684.97
2019-08-28,NIFTY,6894618,517096350,574048.01
2019-08-29,BANKNIFTY,31179864,623597280,1725267.53
2019-08-29,NIFTY,10338365,775377375,855587.15
2019-08-30,BANKNIFTY,7103081,142061620,392877.58
2019-08-30,NIFTY,5028499,377137425,416927.44
2019-09-03,BANKNIFTY,7400980,148019600,404127.71
2019-09-03,NIFTY,5206669,390500175,429567.06
2019-09-04,BANKNIFTY,15030078,300601560,815639.64
2019-09-04,NIFTY,7061911,529643325,577048.61
2019-09-05,BANKNIFTY,32269129,645382580,1755632.94
2019-09-05,NIFTY,9708302,728122650,793686.42
2019-09-06,BANKNIFTY,5192089,103841780,283958.91
2019-09-06,NIFTY,3156125,236709375,259632.96
2019-09-09,BANKNIFTY,8349067,166981340,458664.38
2019-09-09,NIFTY,4982425,373681875,411237.80
2019-09-11,BANKNIFTY,10757204,215144080,596183.00
2019-09-11,NIFTY,4529470,339710250,375013.25
2019-09-12,BANKNIFTY,29749127,594982540,1665273.67
2019-09-12,NIFTY,8469473,635210475,702005.08
2019-09-13,BANKNIFTY,8071105,161422100,451059.33
2019-09-13,NIFTY,4222892,316716900,349746.39
2019-09-16,BANKNIFTY,8427391,168547820,473270.08
2019-09-16,NIFTY,5195672,389675400,431308.91
2019-09-17,BANKNIFTY,12171951,243439020,674922.69
2019-09-17,NIFTY,6792088,509406600,559855.50
2019-09-18,BANKNIFTY,14770527,295410540,809722.87
2019-09-18,NIFTY,6180669,463550175,505960.34
2019-09-19,BANKNIFTY,30861163,617223260,1670587.49
2019-09-19,NIFTY,9695035,727127625,785974.82
2019-09-20,BANKNIFTY,12793091,255861820,722445.18
2019-09-20,NIFTY,10956044,821703300,913903.90
2019-09-23,BANKNIFTY,8944411,178888220,543191.91
2019-09-23,NIFTY,7170627,537797025,620158.78
2019-09-24,BANKNIFTY,10462431,209248620,636768.41
2019-09-24,NIFTY,5580702,418552650,485833.92
2019-09-25,BANKNIFTY,12422315,248446300,744817.65
2019-09-25,NIFTY,6702949,502721175,578942.97
2019-09-26,BANKNIFTY,35066064,701321280,2127920.22
2019-09-26,NIFTY,10975350,823151250,950929.35
2019-09-27,BANKNIFTY,4847412,96948240,293589.71
2019-09-27,NIFTY,2989805,224235375,260206.84
2019-09-30,BANKNIFTY,8426868,168537360,499475.39
2019-09-30,NIFTY,4331151,324836325,375358.69
2019-10-01,BANKNIFTY,15981652,319633040,934464.34
2019-10-01,NIFTY,8807289,660546675,760044.75
2019-10-03,BANKNIFTY,32877535,657550700,1895343.58
2019-10-03,NIFTY,9261839,694637925,790298.92
2019-10-04,BANKNIFTY,7752923,155058460,444882.24
2019-10-04,NIFTY,4870606,365295450,416122.07
2019-10-07,BANKNIFTY,7493450,149869000,423286.38
2019-10-07,NIFTY,4105599,307919925,346944.54
2019-10-09,BANKNIFTY,14683153,293663060,833445.88
2019-10-09,NIFTY,7150061,536254575,603087.53
2019-10-10,BANKNIFTY,31494235,629884700,1795491.29
2019-10-10,NIFTY,7778870,583415250,657559.88
2019-10-11,BANKNIFTY,7063844,141276880,402118.22
2019-10-11,NIFTY,4864592,364844400,414758.82
2019-10-14,BANKNIFTY,6622006,132440120,378420.53
2019-10-14,NIFTY,4313964,323547300,368517.60
2019-10-15,BANKNIFTY,7810781,156215620,445934.99
2019-10-15,NIFTY,4421520,331614000,378011.49
2019-10-16,BANKNIFTY,11676031,233520620,669224.96
2019-10-16,NIFTY,5012909,375968175,430055.13
2019-10-17,BANKNIFTY,31643508,632870160,1830738.34
2019-10-17,NIFTY,8071337,605350275,695873.82
2019-10-18,BANKNIFTY,5247043,104940860,307489.64
2019-10-18,NIFTY,3438309,257873175,300280.50
2019-10-22,BANKNIFTY,7690010,153800200,454133.94
2019-10-22,NIFTY,4549148,341186100,397615.73
2019-10-23,BANKNIFTY,10881616,217632320,643165.48
2019-10-23,NIFTY,5607687,420576525,489677.83
2019-10-24,BANKNIFTY,32255772,645115440,1908575.80
2019-10-24,NIFTY,9296910,697268250,810209.71
2019-10-25,BANKNIFTY,6361985,127239700,373734.12
2019-10-25,NIFTY,4193915,314543625,366311.38
2019-10-29,BANKNIFTY,8413355,168267100,502834.33
2019-10-29,NIFTY,5648477,423635775,496628.12
2019-10-30,BANKNIFTY,10982329,219646580,660032.99
2019-10-30,NIFTY,5687663,426574725,503762.62
2019-10-31,BANKNIFTY,26703628,534072560,1615138.08
2019-10-31,NIFTY,8457346,634300950,753694.22
2019-11-01,BANKNIFTY,4627984,92559680,280786.74
2019-11-01,NIFTY,2530859,189814425,225286.34
2019-11-04,BANKNIFTY,6723041,134460820,410066.59
2019-11-04,NIFTY,3212125,240909375,287141.16
2019-11-05,BANKNIFTY,7777630,155552600,473109.06
2019-11-05,NIFTY,3827397,287054775,342203.54
2019-11-06,BANKNIFTY,14208135,284162700,865170.35
2019-11-06,NIFTY,6193828,464537100,555055.39
2019-11-07,BANKNIFTY,32731871,654637420,2011146.53
2019-11-07,NIFTY,8180922,613569150,735255.37
2019-11-08,BANKNIFTY,7039789,140795780,435175.37
2019-11-08,NIFTY,4283992,321299400,385858.50
2019-11-11,BANKNIFTY,7181310,143626200,444110.51
2019-11-11,NIFTY,4146780,311008500,370845.45
2019-11-13,BANKNIFTY,12601299,252025980,781258.31
2019-11-13,NIFTY,5276319,395723925,471949.98
2019-11-14,BANKNIFTY,36662686,733253720,2254824.30
2019-11-14,NIFTY,8898188,667364100,792498.85
2019-11-15,BANKNIFTY,6460119,129202380,402147.73
2019-11-15,NIFTY,3666664,274999800,328823.52
2019-11-18,BANKNIFTY,6122644,122452880,381328.42
2019-11-18,NIFTY,3010436,225782700,269221.39
2019-11-19,BANKNIFTY,8420376,168407520,525374.52
2019-11-19,NIFTY,3763690,282276750,337657.11
2019-11-20,BANKNIFTY,10233649,204672980,640482.68
2019-11-20,NIFTY,5502210,412665750,495703.86
2019-11-21,BANKNIFTY,25939598,518791960,1630503.26
2019-11-21,NIFTY,6687949,501596175,601779.66
2019-11-22,BANKNIFTY,5114748,102294960,320159.16
2019-11-22,NIFTY,3413125,255984375,306328.26
2019-11-25,BANKNIFTY,7537485,150749700,472966.73
2019-11-25,NIFTY,4897324,367299300,441603.43
2019-11-26,BANKNIFTY,10802360,216047200,683987.72
2019-11-26,NIFTY,5213268,390995100,473348.00
2019-11-27,BANKNIFTY,9445784,188915680,600030.78
2019-11-27,NIFTY,4509416,338206200,408908.51
2019-11-28,BANKNIFTY,24881362,497627240,1594903.50
2019-11-28,NIFTY,7223164,541737300,656509.08
2019-11-29,BANKNIFTY,5457893,109157860,349864.99
2019-11-29,NIFTY,3457357,259301775,313482.77
2019-12-02,BANKNIFTY,6460437,129208740,412566.78
2019-12-02,NIFTY,3357057,251779275,304928.06
2019-12-03,BANKNIFTY,7951301,159026020,505706.14
2019-12-03,NIFTY,4180970,313572750,378626.54
2019-12-04,BANKNIFTY,16594321,331886420,1055586.56
2019-12-04,NIFTY,7060935,529570125,637583.47
2019-12-05,BANKNIFTY,34638872,692777440,2215729.56
2019-12-05,NIFTY,8589026,644176950,777003.20
2019-12-06,BANKNIFTY,8005377,160107540,508632.09
2019-12-06,NIFTY,4169912,312743400,376574.78
2019-12-09,BANKNIFTY,8777420,175548400,553491.68
2019-12-09,NIFTY,3779838,283487850,340069.23
2019-12-10,BANKNIFTY,8323989,166479780,523514.52
2019-12-10,NIFTY,4110138,308260350,369056.94
2019-12-11,BANKNIFTY,12432205,248644100,779226.85
2019-12-11,NIFTY,5080026,381001950,455282.19
2019-12-12,BANKNIFTY,29533629,590672580,1865221.49
2019-12-12,NIFTY,7048896,528667200,633332.46
2019-12-16,BANKNIFTY,7106540,142130800,456536.16
2019-12-16,NIFTY,3381655,253624125,307590.78
2019-12-17,BANKNIFTY,7587084,151741680,488402.07
2019-12-17,NIFTY,4274986,320623950,389256.15
2019-12-18,BANKNIFTY,11597800,231956000,747028.66
2019-12-18,NIFTY,5040563,378042225,460718.37
2019-12-19,BANKNIFTY,29972626,599452520,1936399.42
2019-12-19,NIFTY,8149770,611232750,746729.30
2019-12-20,BANKNIFTY,4939879,98797580,320063.99
2019-12-20,NIFTY,2757760,206832000,253424.86
2019-12-23,BANKNIFTY,7157362,143147240,463533.41
2019-12-23,NIFTY,3889370,291702750,357238.57
2019-12-24,BANKNIFTY,7924809,158496180,512889.53
2019-12-24,NIFTY,4203434,315257550,386649.67
2019-12-26,BANKNIFTY,26756757,535135140,1724864.04
2019-12-26,NIFTY,7089799,531734925,649876.96
2019-12-27,BANKNIFTY,6430482,128609640,416645.99
2019-12-27,NIFTY,3273339,245500425,301002.00
2019-12-30,BANKNIFTY,10315755,206315100,671117.38
2019-12-30,NIFTY,3570469,267785175,328826.14
2019-12-31,BANKNIFTY,9574160,191483200,620123.30
2019-12-31,NIFTY,4454652,334098900,410053.87
2020-01-01,BANKNIFTY,11213747,224274940,723981.98
2020-01-01,NIFTY,3702267,277670025,339874.85
2020-01-02,BANKNIFTY,32528174,650563480,2105741.88
2020-01-02,NIFTY,7585402,568905150,697305.91
2020-01-03,BANKNIFTY,7760760,155215200,501576.04
2020-01-03,NIFTY,3752262,281419650,345045.54
2020-01-06,BANKNIFTY,10346633,206932660,656740.84
2020-01-06,NIFTY,5689424,426706800,518228.11
2020-01-07,BANKNIFTY,16450845,329016900,1040307.33
2020-01-07,NIFTY,7344587,550844025,667906.72
2020-01-08,BANKNIFTY,15568996,311379920,976320.32
2020-01-08,NIFTY,7682605,576195375,694084.18
2020-01-09,BANKNIFTY,36009064,720181280,2302805.34
2020-01-09,NIFTY,9459786,709483950,863607.89
2020-01-10,BANKNIFTY,8065559,161311180,520281.96
2020-01-10,NIFTY,4351366,326352450,400919.03
2020-01-13,BANKNIFTY,7030264,140605280,453963.84
2020-01-13,NIFTY,3441763,258132225,317723.56
2020-01-14,BANKNIFTY,8864512,177290240,571126.53
2020-01-14,NIFTY,3815805,286185375,352877.62
2020-01-15,BANKNIFTY,12148267,242965340,777114.14
2020-01-15,NIFTY,5207673,390575475,481635.23
2020-01-16,BANKNIFTY,37088441,741768820,2371162.02
2020-01-16,NIFTY,8030285,602271375,744084.07
2020-01-17,BANKNIFTY,6403793,128075860,408100.15
2020-01-17,NIFTY,3131680,234876000,290537.53
2020-01-20,BANKNIFTY,10162985,203259700,643139.17
2020-01-20,NIFTY,5141700,385627500,476405.20
2020-01-21,BANKNIFTY,11461284,229225680,715284.33
2020-01-21,NIFTY,4782346,358675950,440146.66
2020-01-22,BANKNIFTY,15202313,304046260,944061.02
2020-01-22,NIFTY,6400752,480056400,586853.03
2020-01-23,BANKNIFTY,39266167,785323340,2435761.30
2020-01-23,NIFTY,9307696,698077200,850249.85
2020-01-24,BANKNIFTY,7440829,148816580,466154.80
2020-01-24,NIFTY,3654473,274085475,335739.64
2020-01-27,BANKNIFTY,9069527,181390540,566372.13
2020-01-27,NIFTY,4398372,329877900,403397.19
2020-01-28,BANKNIFTY,12573350,251467000,781088.37
2020-01-28,NIFTY,5881913,441143475,537282.55
2020-01-29,BANKNIFTY,14079483,281589660,874996.52
2020-01-29,NIFTY,6812929,510969675,622124.85
2020-01-30,BANKNIFTY,32809213,656184260,2020681.81
2020-01-30,NIFTY,9592588,719444100,870933.75
2020-01-31,BANKNIFTY,4179687,83593740,261176.08
2020-01-31,NIFTY,3256127,244209525,297503.42
2020-02-03,BANKNIFTY,9941409,198828180,599163.90
2020-02-03,NIFTY,6695055,502129125,592605.00
2020-02-04,BANKNIFTY,12837631,256752620,785606.18
2020-02-04,NIFTY,7945549,595916175,709944.72
2020-02-05,BANKNIFTY,16717932,334358640,1033156.86
2020-02-05,NIFTY,8658631,649397325,780988.12
2020-02-06,BANKNIFTY,38995683,779913660,2439018.92
2020-02-06,NIFTY,10424933,781869975,948212.52
2020-02-07,BANKNIFTY,6319775,126395500,395829.71
2020-02-07,NIFTY,3181191,238589325,289774.95
2020-02-10,BANKNIFTY,6756314,135126280,421788.06
2020-02-10,NIFTY,4232368,317427600,383673.03
2020-02-11,BANKNIFTY,9209149,184182980,578234.75
2020-02-11,NIFTY,4897897,367342275,446153.36
2020-02-12,BANKNIFTY,10646373,212927460,671328.37
2020-02-12,NIFTY,5567446,417558450,509128.11
2020-02-13,BANKNIFTY,32364563,647291260,2034258.32
2020-02-13,NIFTY,7673346,575500950,700822.64
2020-02-14,BANKNIFTY,9645722,192914440,603071.03
2020-02-14,NIFTY,5318963,398922225,487219.03
2020-02-17,BANKNIFTY,8448294,168965880,523604.30
2020-02-17,NIFTY,4624427,346832025,421748.52
2020-02-18,BANKNIFTY,12391181,247823620,760821.42
2020-02-18,NIFTY,6413772,481032900,580076.03
2020-02-19,BANKNIFTY,14859818,297196360,917786.35
2020-02-19,NIFTY,7327252,549543900,665893.42
2020-02-20,BANKNIFTY,36754898,735097960,2282842.49
2020-02-20,NIFTY,9461509,709613175,861259.62
2020-02-24,BANKNIFTY,8247934,164958680,506697.91
2020-02-24,NIFTY,6137751,460331325,553405.20
2020-02-25,BANKNIFTY,10427371,208547420,638659.78
2020-02-25,NIFTY,6281598,471119850,562183.72
2020-02-26,BANKNIFTY,14919076,298381520,908940.91
2020-02-26,NIFTY,8813854,661039050,781295.71
2020-02-27,BANKNIFTY,34037544,680750880,2056448.98
2020-02-27,NIFTY,13258132,994359900,1159869.15
2020-02-28,BANKNIFTY,6532504,130650080,389821.41
2020-02-28,NIFTY,5331982,399898650,459886.92
2020-03-02,BANKNIFTY,8587419,171748380,507748.97
2020-03-02,NIFTY,6573857,493039275,562908.16
2020-03-03,BANKNIFTY,10896165,217923300,636035.87
2020-03-03,NIFTY,7369317,552698775,625025.57
2020-03-04,BANKNIFTY,17295185,345903700,1000251.63
2020-03-04,NIFTY,9441414,708106050,799282.42
2020-03-05,BANKNIFTY,41152890,823057800,2381539.35
2020-03-05,NIFTY,14039171,1052937825,1192964.22
2020-03-06,BANKNIFTY,5147051,102941020,293204.00
2020-03-06,NIFTY,4912963,368472225,411874.81
2020-03-09,BANKNIFTY,7509825,150196500,410243.66
2020-03-09,NIFTY,7357512,551813400,594697.13
2020-03-11,BANKNIFTY,11868769,237375380,636071.29
2020-03-11,NIFTY,8267845,620088375,657176.98
2020-03-12,BANKNIFTY,24989899,499797980,1246093.79
2020-03-12,NIFTY,16148807,1211160525,1207233.64
2020-03-13,BANKNIFTY,3950474,79009480,207559.97
2020-03-13,NIFTY,5260536,394540200,408008.03
2020-03-16,BANKNIFTY,3874017,77480340,198170.30
2020-03-16,NIFTY,4112118,308408850,313471.58
2020-03-17,BANKNIFTY,5333482,106669640,264471.87
2020-03-17,NIFTY,5436438,407732850,399923.46
2020-03-18,BANKNIFTY,8217497,164349940,374544.53
2020-03-18,NIFTY,7112097,533407275,492565.91
2020-03-19,BANKNIFTY,18086131,361722620,750658.42
2020-03-19,NIFTY,14251238,1068842850,906683.59
2020-03-20,BANKNIFTY,3870634,77412680,175565.75
2020-03-20,NIFTY,4855720,364179000,340382.43
2020-03-23,BANKNIFTY,2378219,47564380,102370.72
2020-03-23,NIFTY,3174705,238102875,210555.65
2020-03-24,BANKNIFTY,3417612,68352240,134342.21
2020-03-24,NIFTY,4390224,329266800,280139.47
2020-03-25,BANKNIFTY,5312925,106258500,201195.76
2020-03-25,NIFTY,5648867,423665025,356275.86
2020-03-26,BANKNIFTY,14597365,291947300,577653.04
2020-03-26,NIFTY,11246946,843520950,734169.69
2020-03-27,BANKNIFTY,2645932,52918640,114080.58
2020-03-27,NIFTY,3259834,244487550,225220.00
2020-03-30,BANKNIFTY,3540553,70811060,145952.74
2020-03-30,NIFTY,3693779,277033425,243641.06
2020-03-31,BANKNIFTY,6344586,126891720,256893.17
2020-03-31,NIFTY,5233552,392516400,340966.81
2020-04-01,BANKNIFTY,16243249,324864980,604230.89
2020-04-01,NIFTY,8988862,674164650,568979.36
2020-04-03,BANKNIFTY,3931183,78623660,147490.21
2020-04-03,NIFTY,3556942,266770650,223585.85
2020-04-07,BANKNIFTY,7120730,142414600,267275.70
2020-04-07,NIFTY,6095380,457153500,397346.26
2020-04-08,BANKNIFTY,10872424,217448480,423155.03
2020-04-08,NIFTY,9243082,693231150,619883.74
2020-04-09,BANKNIFTY,22547939,450958780,887732.65
2020-04-09,NIFTY,11796633,884747475,798944.75
2020-04-13,BANKNIFTY,5349779,106995580,215486.04
2020-04-13,NIFTY,4659332,349449900,319349.38
2020-04-15,BANKNIFTY,11072403,221448060,438891.66
2020-04-15,NIFTY,7970713,597803475,547737.32
2020-04-16,BANKNIFTY,27009987,540199740,1045510.12
2020-04-16,NIFTY,11959935,896995125,807063.12
2020-04-17,BANKNIFTY,6500636,130012720,267264.86
2020-04-17,NIFTY,4987623,374071725,347254.45
2020-04-20,BANKNIFTY,7190875,143817500,300502.89
2020-04-20,NIFTY,4705207,352890525,330465.50
2020-04-21,BANKNIFTY,7714623,154292460,308128.00
2020-04-21,NIFTY,5126312,384473400,350534.84
2020-04-22,BANKNIFTY,11628948,232578960,458092.32
2020-04-22,NIFTY,7431659,557374425,507675.71
2020-04-23,BANKNIFTY,29467171,589343420,1193400.42
2020-04-23,NIFTY,11409282,855696150,793493.51
2020-04-24,BANKNIFTY,5053245,101064900,203640.76
2020-04-24,NIFTY,3983139,298735425,278384.50
2020-04-27,BANKNIFTY,6385943,127718860,258775.00
2020-04-27,NIFTY,4329931,324744825,304406.85
2020-04-28,BANKNIFTY,8043792,160875840,330455.37
2020-04-28,NIFTY,5675431,425657325,399331.42
2020-04-29,BANKNIFTY,13019434,260388680,544846.47
2020-04-29,NIFTY,6739644,505473300,479622.68
2020-04-30,BANKNIFTY,33739900,674798000,1469972.74
2020-04-30,NIFTY,13931116,1044833700,1024090.15
2020-05-04,BANKNIFTY,6039843,120796860,246689.38
2020-05-04,NIFTY,4817112,361283400,342425.85
2020-05-05,BANKNIFTY,10425795,208515900,419231.04
2020-05-05,NIFTY,6702886,502716450,473435.45
2020-05-06,BANKNIFTY,17348508,346970160,684614.17
2020-05-06,NIFTY,9551729,716379675,668936.65
2020-05-07,BANKNIFTY,33948621,678972420,1341197.55
2020-05-07,NIFTY,11912782,893458650,827250.33
2020-05-08,BANKNIFTY,5796382,115927640,231378.11
2020-05-08,NIFTY,3239193,242939475,228111.52
2020-05-11,BANKNIFTY,8663791,173275820,339760.39
2020-05-11,NIFTY,5242762,393207150,369781.91
2020-05-12,BANKNIFTY,11653167,233063340,441520.45
2020-05-12,NIFTY,7092750,531956250,491721.89
2020-05-13,BANKNIFTY,12332104,246642080,491852.66
2020-05-13,NIFTY,7703984,577798800,549136.82
2020-05-14,BANKNIFTY,34559850,691197000,1342147.33
2020-05-14,NIFTY,13231985,992398875,920594.56
2020-05-15,BANKNIFTY,4999851,99997025,193580.04
2020-05-15,NIFTY,3672452,275433900,255574.61
2020-05-18,BANKNIFTY,9036522,180730460,332938.47
2020-05-18,NIFTY,6244391,468329325,426545.04
2020-05-19,BANKNIFTY,12368940,247378805,448109.82
2020-05-19,NIFTY,7223895,541792125,491414.51
2020-05-20,BANKNIFTY,14902878,298057560,531888.39
2020-05-20,NIFTY,8018864,601414800,544149.25
2020-05-21,BANKNIFTY,36966914,739338280,1340709.05
2020-05-21,NIFTY,12693825,952036875,869644.01
2020-05-22,BANKNIFTY,8902059,178041240,317359.75
2020-05-22,NIFTY,5106675,383000625,349759.19
2020-05-26,BANKNIFTY,9143120,182881280,324303.15
2020-05-26,NIFTY,6143449,460758675,421202.73
2020-05-27,BANKNIFTY,21591758,431835880,784759.87
2020-05-27,NIFTY,10630785,797308875,732785.21
2020-05-28,BANKNIFTY,43614222,872285880,1683163.86
2020-05-28,NIFTY,14942779,1120708425,1056733.52
2020-05-29,BANKNIFTY,7779068,155582250,299444.34
2020-05-29,NIFTY,4745384,355903800,338729.52
2020-06-01,BANKNIFTY,9612958,192261220,387684.25
2020-06-01,NIFTY,7602409,570180675,562259.46
2020-06-02,BANKNIFTY,12153411,243109110,493915.21
2020-06-02,NIFTY,7396385,554728875,550229.17
2020-06-03,BANKNIFTY,19681878,393647140,834497.02
2020-06-03,NIFTY,9798644,734898300,741418.92
2020-06-03,NIFTYIT,2,100,0.13
2020-06-04,BANKNIFTY,13776047,275560970,573359.98
2020-06-04,NIFTY,19899499,1492462425,1498517.12
2020-06-05,BANKNIFTY,7667637,153421515,322600.34
2020-06-05,NIFTY,5078871,380915325,386409.61
2020-06-08,BANKNIFTY,10455811,209126860,450711.29
2020-06-08,NIFTY,6840555,513041625,525879.54
2020-06-09,BANKNIFTY,12856180,257134150,550144.72
2020-06-09,NIFTY,9994944,749620800,766713.05
2020-06-10,BANKNIFTY,15957765,319166100,671807.13
2020-06-10,NIFTY,11246347,843476025,856127.82
2020-06-11,BANKNIFTY,40216006,804344810,1694702.90
2020-06-11,NIFTY,17448925,1308669375,1315750.99
2020-06-12,BANKNIFTY,8077796,161611795,330299.26
2020-06-12,NIFTY,8375887,628191525,619839.21
2020-06-15,BANKNIFTY,9403571,188116815,382234.31
2020-06-15,NIFTY,0,0,0.00
2020-06-16,BANKNIFTY,13938547,278835950,566781.93
2020-06-16,NIFTY,0,0,0.00
2020-06-17,BANKNIFTY,16332864,326709050,665486.82
2020-06-17,NIFTY,0,0,0.00
2020-06-18,BANKNIFTY,43439562,868926980,1788039.13
2020-06-18,NIFTY,0,0,0.00
2020-06-18,NIFTYIT,1,50,0.07
2020-06-19,BANKNIFTY,8453231,169264850,363580.73
2020-06-19,NIFTY,0,0,0.00
2020-06-19,NIFTYIT,2,100,0.14
2020-06-22,BANKNIFTY,10466864,209622770,459360.82
2020-06-22,NIFTY,0,0,0.00
2020-06-23,BANKNIFTY,10890834,218061020,481598.57
2020-06-23,NIFTY,0,0,0.00
2020-06-23,NIFTYIT,2,100,0.14
2020-06-24,BANKNIFTY,20078853,402151905,891090.40
2020-06-24,NIFTY,0,0,0.00
2020-06-25,BANKNIFTY,48022068,961097260,2075388.27
2020-06-25,NIFTY,0,0,0.00
2020-06-26,BANKNIFTY,6605599,132992885,289624.87
2020-06-26,NIFTY,0,0,0.00
2020-06-29,BANKNIFTY,7671889,154240435,331350.46
2020-06-29,NIFTY,0,0,0.00
2020-06-30,BANKNIFTY,8849044,177627530,384229.02
2020-06-30,NIFTY,0,0,0.00
2020-07-01,BANKNIFTY,16500729,331028405,720286.90
2020-07-01,NIFTY,0,0,0.00
2020-07-02,BANKNIFTY,43854910,878257275,1958379.94
2020-07-02,NIFTY,0,0,0.00
2020-07-03,BANKNIFTY,6602167,132783000,295069.04
2020-07-03,NIFTY,0,0,0.00
2020-07-06,BANKNIFTY,7854258,158077295,354067.44
2020-07-06,NIFTY,0,0,0.00
2020-07-07,BANKNIFTY,13602545,273575810,616523.37
2020-07-07,NIFTY,0,0,0.00
2020-07-08,BANKNIFTY,19159576,384650625,880754.90
2020-07-08,NIFTY,0,0,0.00
2020-07-09,BANKNIFTY,39498692,790872495,1815156.67
2020-07-09,NIFTY,0,0,0.00
2020-07-10,BANKNIFTY,7709779,155678530,354986.05
2020-07-10,NIFTY,0,0,0.00
2020-07-13,BANKNIFTY,9783659,197080820,445254.23
2020-07-13,NIFTY,0,0,0.00
2020-07-14,BANKNIFTY,13133546,264849465,579497.54
2020-07-14,NIFTY,0,0,0.00
2020-07-15,BANKNIFTY,18862050,378992100,828484.79
2020-07-15,NIFTY,0,0,0.00
2020-07-16,BANKNIFTY,45768731,917233670,1972028.00
2020-07-16,NIFTY,0,0,0.00
2020-07-17,BANKNIFTY,8197177,166000245,364810.40
2020-07-17,NIFTY,0,0,0.00
2020-07-20,BANKNIFTY,9362669,190063425,427795.89
2020-07-20,NIFTY,0,0,0.00
2020-07-21,BANKNIFTY,10145560,205520400,467846.53
2020-07-21,NIFTY,0,0,0.00
2020-07-22,BANKNIFTY,17920853,361845800,827577.12
2020-07-22,NIFTY,0,0,0.00
2020-07-23,BANKNIFTY,39978123,805217900,1857802.41
2020-07-23,NIFTY,0,0,0.00
2020-07-24,BANKNIFTY,6446904,161172600,368132.15
2020-07-24,NIFTY,0,0,0.00
2020-07-27,BANKNIFTY,8758665,218966625,491312.93
2020-07-27,NIFTY,0,0,0.00
2020-07-28,BANKNIFTY,12931834,323295850,718678.50
2020-07-28,NIFTY,0,0,0.00
2020-07-29,BANKNIFTY,17200983,430024575,960745.76
2020-07-29,NIFTY,0,0,0.00
2020-07-30,BANKNIFTY,37132766,928319150,2053704.03
2020-07-30,NIFTY,0,0,0.00
2020-07-31,BANKNIFTY,7385809,184645225,404534.62
2020-07-31,NIFTY,0,0,0.00
2020-08-03,BANKNIFTY,6910472,172761800,373480.71
2020-08-03,NIFTY,0,0,0.00
2020-08-04,BANKNIFTY,9939422,248485550,536107.29
2020-08-04,NIFTY,0,0,0.00
2020-08-05,BANKNIFTY,16050287,401257175,875218.62
2020-08-05,NIFTY,0,0,0.00
2020-08-06,BANKNIFTY,37451061,936276525,2040630.65
2020-08-06,NIFTY,0,0,0.00
2020-08-07,BANKNIFTY,6284136,157103400,343553.90
2020-08-07,NIFTY,0,0,0.00
2020-08-10,BANKNIFTY,6518233,162955825,360341.50
2020-08-10,NIFTY,0,0,0.00
2020-08-11,BANKNIFTY,9208240,230206000,512067.44
2020-08-11,NIFTY,0,0,0.00
2020-08-12,BANKNIFTY,12754694,318867350,711203.67
2020-08-12,NIFTY,0,0,0.00
2020-08-13,BANKNIFTY,32355304,808882600,1814856.17
2020-08-13,NIFTY,0,0,0.00
2020-08-14,BANKNIFTY,8574805,214370125,475852.34
2020-08-14,NIFTY,0,0,0.00
2020-08-17,BANKNIFTY,8304704,207617600,453373.58
2020-08-17,NIFTY,0,0,0.00
2020-08-18,BANKNIFTY,10922173,273054325,601769.41
2020-08-18,NIFTY,0,0,0.00
2020-08-19,BANKNIFTY,12142658,303566450,679796.13
2020-08-19,NIFTY,0,0,0.00
2020-08-20,BANKNIFTY,32924565,823114125,1828293.33
2020-08-20,NIFTY,0,0,0.00
2020-08-21,BANKNIFTY,5204726,130118150,291403.52
2020-08-21,NIFTY,0,0,0.00
2020-08-24,BANKNIFTY,9561877,239046925,544785.02
2020-08-24,NIFTY,0,0,0.00
2020-08-25,BANKNIFTY,13527647,338191175,781421.08
2020-08-25,NIFTY,0,0,0.00
2020-08-26,BANKNIFTY,14045509,351137725,817222.45
2020-08-26,NIFTY,0,0,0.00
2020-08-27,BANKNIFTY,32720688,818017200,1939633.09
2020-08-27,NIFTY,0,0,0.00
2020-08-28,BANKNIFTY,11690222,292255550,711150.98
2020-08-28,NIFTY,0,0,0.00
2020-08-31,BANKNIFTY,17144651,428616275,1047525.45
2020-08-31,NIFTY,0,0,0.00
2020-09-01,BANKNIFTY,14982393,374559825,901337.33
2020-09-01,NIFTY,0,0,0.00
2020-09-02,BANKNIFTY,16474569,411864225,986121.91
2020-09-02,NIFTY,0,0,0.00
2020-09-03,BANKNIFTY,35089608,877240200,2090939.04
2020-09-03,NIFTY,0,0,0.00
2020-09-04,BANKNIFTY,9008335,225208375,527393.15
2020-09-04,NIFTY,0,0,0.00
2020-09-07,BANKNIFTY,9433756,235843900,547531.26
2020-09-07,NIFTY,7446189,558464175,637133.66
2020-09-08,BANKNIFTY,10334044,258351100,597856.98
2020-09-08,NIFTY,9020202,676515150,771994.37
2020-09-09,BANKNIFTY,17546784,438669600,990612.12
2020-09-09,NIFTY,10870793,815309475,922597.50
2020-09-10,BANKNIFTY,47000373,1175009325,2656180.12
2020-09-10,NIFTY,19822598,1486694850,1694104.09
2020-09-11,BANKNIFTY,8648945,216223625,490567.12
2020-09-11,NIFTY,5155243,386643225,443544.91
2020-09-14,BANKNIFTY,12009816,300245400,680878.45
2020-09-14,NIFTY,7444115,558308625,642461.01
2020-09-15,BANKNIFTY,13881803,347045075,779469.55
2020-09-15,NIFTY,7004972,525372900,604643.35
2020-09-16,BANKNIFTY,17259648,431491200,974608.37
2020-09-16,NIFTY,8209479,615710925,711027.07
2020-09-17,BANKNIFTY,38962044,974051100,2197490.55
2020-09-17,NIFTY,17498290,1312371750,1514903.07
2020-09-18,BANKNIFTY,8954925,223873125,504316.28
2020-09-18,NIFTY,5854279,439070925,507664.80
2020-09-21,BANKNIFTY,12004150,300103750,663794.07
2020-09-21,NIFTY,9328558,699641850,804144.88
2020-09-22,BANKNIFTY,15623287,390582175,839081.74
2020-09-22,NIFTY,12147888,911091600,1028579.14
2020-09-23,BANKNIFTY,20167828,504195700,1075297.13
2020-09-23,NIFTY,14459423,1084456725,1217337.52
2020-09-24,BANKNIFTY,39923745,998093625,2094811.14
2020-09-24,NIFTY,23898183,1792363725,1972415.37
2020-09-25,BANKNIFTY,9315232,232880800,489394.67
2020-09-25,NIFTY,7670226,575266950,634900.42
2020-09-28,BANKNIFTY,11302083,282552075,610026.15
2020-09-28,NIFTY,7467022,560026650,625956.52
2020-09-29,BANKNIFTY,15175779,379394475,822029.26
2020-09-29,NIFTY,10236802,767760150,864107.03
2020-09-30,BANKNIFTY,20258647,506466175,1087522.43
2020-09-30,NIFTY,12051762,903882150,1017054.86
2020-10-01,BANKNIFTY,45988251,1149706275,2543297.37
2020-10-01,NIFTY,18241411,1368105825,1556428.39
2020-10-05,BANKNIFTY,13137701,328442525,745915.31
2020-10-05,NIFTY,7551442,566358150,653074.31
2020-10-06,BANKNIFTY,13603012,340075300,775570.48
2020-10-06,NIFTY,8278072,620855400,720156.52
2020-10-07,BANKNIFTY,19386593,484664825,1113711.10
2020-10-07,NIFTY,11882844,891213300,1042769.99
2020-10-08,BANKNIFTY,43751911,1093797775,2549020.56
2020-10-08,NIFTY,20871278,1565345850,1853468.44
2020-10-09,BANKNIFTY,12452453,311311325,739506.68
2020-10-09,NIFTY,6717961,503847075,600078.24
2020-10-12,BANKNIFTY,11595812,289895300,697628.36
2020-10-12,NIFTY,7529310,564698250,676402.23
2020-10-13,BANKNIFTY,12092709,302317725,720992.41
2020-10-13,NIFTY,7264466,544834950,651667.42
2020-10-14,BANKNIFTY,17891359,447283975,1058419.55
2020-10-14,NIFTY,12175716,913178700,1088635.02
2020-10-15,BANKNIFTY,54501695,1362542375,3241185.13
2020-10-15,NIFTY,26438856,1982914200,2357800.87
2020-10-16,BANKNIFTY,10201056,255026400,602910.02
2020-10-16,NIFTY,7365853,552438975,651750.21
2020-10-19,BANKNIFTY,13065165,326629125,790891.05
2020-10-19,NIFTY,7295706,547177950,649275.25
2020-10-20,BANKNIFTY,12305457,307636425,749883.03
2020-10-20,NIFTY,8433224,632491800,754504.44
2020-10-21,BANKNIFTY,25963625,649090625,1594299.52
2020-10-21,NIFTY,16200766,1215057450,1450177.99
2020-10-22,BANKNIFTY,47509883,1187747075,2918137.02
2020-10-22,NIFTY,24016872,1801265400,2141579.64
2020-10-23,BANKNIFTY,7934133,198353325,491421.34
2020-10-23,NIFTY,5018129,376359675,450518.51
2020-10-26,BANKNIFTY,12403894,310097350,758613.95
2020-10-26,NIFTY,8821534,661615050,786903.60
2020-10-27,BANKNIFTY,16103994,402599850,986768.60
2020-10-27,NIFTY,9506405,712980375,845246.25
2020-10-28,BANKNIFTY,21780844,544521100,1336713.36
2020-10-28,NIFTY,14247307,1068548025,1265520.17
2020-10-29,BANKNIFTY,49798983,1244974575,3011094.30
2020-10-29,NIFTY,24888073,1866605475,2181899.09
2020-10-30,BANKNIFTY,8050337,201258425,487831.84
2020-10-30,NIFTY,6974719,523103925,611867.57
2020-11-02,BANKNIFTY,11883454,297086350,734609.32
2020-11-02,NIFTY,6486148,486461100,569303.29
2020-11-03,BANKNIFTY,11946183,298654575,760060.07
2020-11-03,NIFTY,6328330,474624750,560586.51
2020-11-04,BANKNIFTY,20085998,502149950,1279928.23
2020-11-04,NIFTY,11369280,852696000,1011478.54
2020-11-05,BANKNIFTY,41937434,1048435850,2745505.15
2020-11-05,NIFTY,17823321,1336749075,1609132.22
2020-11-06,BANKNIFTY,10020338,250508450,666063.74
2020-11-06,NIFTY,6375354,478151550,582420.22
2020-11-09,BANKNIFTY,11573663,289341575,790095.47
2020-11-09,NIFTY,7512637,563447775,695585.84
2020-11-10,BANKNIFTY,19053518,476337950,1352873.82
2020-11-10,NIFTY,11514356,863576700,1086211.55
2020-11-11,BANKNIFTY,26396921,659923025,1894278.95
2020-11-11,NIFTY,15419556,1156466700,1465027.25
2020-11-12,BANKNIFTY,47875105,1196877625,3413164.74
2020-11-12,NIFTY,20172065,1512904875,1919140.11
2020-11-13,BANKNIFTY,9504164,237604100,673923.48
2020-11-13,NIFTY,6089202,456690150,580500.03
2020-11-17,BANKNIFTY,13506980,337674500,977614.84
2020-11-17,NIFTY,7549276,566195700,725383.17
2020-11-18,BANKNIFTY,18943412,473585300,1393093.27
2020-11-18,NIFTY,10301247,772593525,993422.85
2020-11-19,BANKNIFTY,55176461,1379411525,4054999.52
2020-11-19,NIFTY,23029044,1727178300,2224019.06
2020-11-20,BANKNIFTY,13350481,333762025,973899.53
2020-11-20,NIFTY,7725171,579387825,744394.75
2020-11-23,BANKNIFTY,14811255,370281375,1086314.20
2020-11-23,NIFTY,7905878,592940850,764247.86
2020-11-24,BANKNIFTY,13328031,333200775,984120.31
2020-11-24,NIFTY,7533819,565036425,733387.03
2020-11-25,BANKNIFTY,27693891,692347275,2065220.87
2020-11-25,NIFTY,15395862,1154689650,1502789.21
2020-11-26,BANKNIFTY,61282180,1532054500,4508152.02
2020-11-26,NIFTY,25770742,1932805650,2493819.88
2020-11-27,BANKNIFTY,9201149,230028725,685252.09
2020-11-27,NIFTY,6687230,501542250,654135.62
2020-12-01,BANKNIFTY,10788865,269721625,805311.71
2020-12-01,NIFTY,7997733,599829975,783980.51
2020-12-02,BANKNIFTY,19614732,490368300,1459444.51
2020-12-02,NIFTY,12755642,956673150,1252770.16
2020-12-03,BANKNIFTY,40743095,1018577375,3018898.07
2020-12-03,NIFTY,17430486,1307286450,1716031.06
2020-12-04,BANKNIFTY,12849337,321233425,964094.79
2020-12-04,NIFTY,6248668,468650100,619433.69
2020-12-07,BANKNIFTY,12297928,307448200,931207.35
2020-12-07,NIFTY,7028821,527161575,700546.54
2020-12-08,BANKNIFTY,13476873,336921825,1022692.35
2020-12-08,NIFTY,10455466,784159950,1047582.80
2020-12-09,BANKNIFTY,16796500,419912500,1282777.15
2020-12-09,NIFTY,11437513,857813475,1151446.57
2020-12-10,BANKNIFTY,46952267,1173806675,3573420.51
2020-12-10,NIFTY,20812058,1560904350,2097570.51
2020-12-11,BANKNIFTY,11009295,275232375,847523.01
2020-12-11,NIFTY,7354651,551598825,746079.98
2020-12-14,BANKNIFTY,10136004,253400100,782312.63
2020-12-14,NIFTY,6903529,517764675,701531.28
2020-12-15,BANKNIFTY,13172744,329318600,1013180.43
2020-12-15,NIFTY,8842988,663224100,897808.14
2020-12-16,BANKNIFTY,17739849,443496225,1368231.47
2020-12-16,NIFTY,9955300,746647500,1015151.15
2020-12-17,BANKNIFTY,38907496,972687400,3002282.70
2020-12-17,NIFTY,16469875,1235240625,1689359.36
2020-12-18,BANKNIFTY,9674020,241850500,744182.68
2020-12-18,NIFTY,6086515,456488625,626937.83
2020-12-21,BANKNIFTY,18422014,460550350,1399796.85
2020-12-21,NIFTY,15272348,1145426100,1563537.91
2020-12-22,BANKNIFTY,20916204,522905100,1547817.91
2020-12-22,NIFTY,16196978,1214773350,1629942.03
2020-12-23,BANKNIFTY,19513144,487828600,1454682.00
2020-12-23,NIFTY,11631803,872385225,1179591.40
2020-12-24,BANKNIFTY,45836879,1145921975,3475562.49
2020-12-24,NIFTY,23212846,1740963450,2377798.12
2020-12-28,BANKNIFTY,9501931,237548275,731720.82
2020-12-28,NIFTY,6234429,467582175,643154.20
2020-12-29,BANKNIFTY,14564497,364112425,1138653.67
2020-12-29,NIFTY,9326979,699523425,968654.46
2020-12-30,BANKNIFTY,20865489,521637225,1633408.11
2020-12-30,NIFTY,11539752,865481400,1201564.93
2020-12-31,BANKNIFTY,45074795,1126869875,3527062.30
2020-12-31,NIFTY,19259511,1444463325,2014417.14
2021-01-01,BANKNIFTY,5979324,149483100,470362.59
2021-01-01,NIFTY,3811812,285885900,399634.17
2021-01-04,BANKNIFTY,15351297,383782425,1205695.82
2021-01-04,NIFTY,9520772,714057900,1003613.87
2021-01-05,BANKNIFTY,18594168,464854200,1465043.17
2021-01-05,NIFTY,10445284,783396300,1104726.14
2021-01-06,BANKNIFTY,25406296,635157400,2023427.89
2021-01-06,NIFTY,15693104,1176982800,1665180.39
2021-01-07,BANKNIFTY,45922695,1148067375,3677503.05
2021-01-07,NIFTY,20191759,1514381925,2147449.28
2021-01-08,BANKNIFTY,8791607,219790175,710188.53
2021-01-08,NIFTY,7583216,568741200,812448.25
2021-01-11,BANKNIFTY,11219779,280494475,902654.21
2021-01-11,FINNIFTY,140947,5637880,8721.43
2021-01-11,NIFTY,8719961,653997075,939911.28
2021-01-12,BANKNIFTY,15006852,375171300,1209518.32
2021-01-12,FINNIFTY,263472,10538880,16425.89
2021-01-12,NIFTY,9829276,737195700,1066223.25
2021-01-13,BANKNIFTY,26615581,665389525,2164098.48
2021-01-13,FINNIFTY,305534,12221360,19145.92
2021-01-13,NIFTY,16352414,1226431050,1781608.66
2021-01-14,BANKNIFTY,43526472,1088161800,3545883.09
2021-01-14,FINNIFTY,302011,12080440,18789.83
2021-01-14,NIFTY,22689063,1701679725,2475397.95
2021-01-15,BANKNIFTY,11252929,281323225,913128.22
2021-01-15,FINNIFTY,78446,3137840,4888.52
2021-01-15,NIFTY,9665722,724929150,1054028.56
2021-01-18,BANKNIFTY,15416063,385401575,1246169.34
2021-01-18,FINNIFTY,121764,4870560,7513.91
2021-01-18,NIFTY,11079623,830971725,1201093.92
2021-01-19,BANKNIFTY,15370707,384267675,1239921.28
2021-01-19,FINNIFTY,156743,6269720,9719.97
2021-01-19,NIFTY,10801093,810081975,1171266.40
2021-01-20,BANKNIFTY,20406235,510155875,1659810.42
2021-01-20,FINNIFTY,190460,7618400,11857.54
2021-01-20,NIFTY,12680263,951019725,1384148.92
2021-01-21,BANKNIFTY,51189181,1279729525,4177150.32
2021-01-21,FINNIFTY,216760,8670400,13527.76
2021-01-21,NIFTY,21143513,1585763475,2325153.86
2021-01-22,BANKNIFTY,17520723,438018075,1396238.82
2021-01-22,FINNIFTY,77439,3097560,4802.29
2021-01-22,NIFTY,11652362,873927150,1271134.74
2021-01-25,BANKNIFTY,20575250,514381250,1623164.36
2021-01-25,FINNIFTY,100047,4001880,6181.04
2021-01-25,NIFTY,12625262,946894650,1369317.46
2021-01-27,BANKNIFTY,32651988,816299700,2528750.09
2021-01-27,FINNIFTY,134529,5381160,8097.17
2021-01-27,NIFTY,16212845,1215963375,1729023.97
2021-01-28,BANKNIFTY,60553319,1513832975,4559633.64
2021-01-28,FINNIFTY,175650,7026000,10235.97
2021-01-28,NIFTY,27065773,2029932975,2822136.52
2021-01-29,BANKNIFTY,9535522,238388050,740432.30
2021-01-29,FINNIFTY,33282,1331280,2014.99
2021-01-29,NIFTY,7646709,573503175,804151.47
2021-02-01,BANKNIFTY,23897033,597425825,1901473.52
2021-02-01,FINNIFTY,96539,3861560,5775.32
2021-02-01,NIFTY,15245637,1143422775,1604707.54
2021-02-02,BANKNIFTY,24047730,601193250,2041368.83
2021-02-02,FINNIFTY,75202,3008080,4652.52
2021-02-02,NIFTY,16194681,1214601075,1770937.69
2021-02-03,BANKNIFTY,25179697,629492425,2164684.46
2021-02-03,FINNIFTY,100792,4031680,6363.92
2021-02-03,NIFTY,15763676,1182275700,1740958.94
2021-02-04,BANKNIFTY,62434159,1560853975,5424391.23
2021-02-04,FINNIFTY,162895,6515800,10474.36
2021-02-04,NIFTY,24508553,1838141475,2719051.30
2021-02-05,BANKNIFTY,13872822,346820550,1249379.86
2021-02-05,FINNIFTY,20117,804680,1335.06
2021-02-05,NIFTY,8168200,612615000,915935.16
2021-02-08,BANKNIFTY,14417379,360434475,1300686.12
2021-02-08,FINNIFTY,49748,1989920,3291.61
2021-02-08,NIFTY,8183983,613798725,919855.73
2021-02-09,BANKNIFTY,20062137,501553425,1817466.36
2021-02-09,FINNIFTY,81890,3275600,5428.66
2021-02-09,NIFTY,11493897,862042275,1302652.39
2021-02-10,BANKNIFTY,26766289,669157225,2409194.92
2021-02-10,FINNIFTY,101752,4070080,6788.84
2021-02-10,NIFTY,17262865,1294714875,1954604.63
2021-02-11,BANKNIFTY,48591411,1214785275,4354562.06
2021-02-11,FINNIFTY,130998,5239920,8664.63
2021-02-11,NIFTY,20118080,1508856000,2279687.48
2021-02-12,BANKNIFTY,11041415,276035375,999891.29
2021-02-12,FINNIFTY,31312,1252480,2051.07
2021-02-12,NIFTY,6644019,498301425,753743.00
2021-02-15,BANKNIFTY,14550720,363768000,1341971.31
2021-02-15,FINNIFTY,65382,2615280,4442.59
2021-02-15,NIFTY,6861836,514637700,781432.28
2021-02-16,BANKNIFTY,22011957,550298925,2055600.35
2021-02-16,FINNIFTY,92485,3699400,6352.71
2021-02-16,NIFTY,11068380,830128500,1272440.28
2021-02-17,BANKNIFTY,25585112,639627800,2377237.26
2021-02-17,FINNIFTY,91614,3664560,6257.99
2021-02-17,NIFTY,14303613,1072770975,1638527.50
2021-02-18,BANKNIFTY,55156133,1378903325,5068637.10
2021-02-18,FINNIFTY,126275,5051000,8552.41
2021-02-18,NIFTY,23022323,1726674225,2621176.79
2021-02-19,BANKNIFTY,14562694,364067350,1326774.62
2021-02-19,FINNIFTY,44512,1780480,2915.12
2021-02-19,NIFTY,8977359,673301925,1016371.87
2021-02-22,BANKNIFTY,18001360,450034000,1615251.78
2021-02-22,FINNIFTY,51199,2047960,3381.27
2021-02-22,NIFTY,12092987,906974025,1356982.15
2021-02-23,BANKNIFTY,22177770,554444250,1970335.76
2021-02-23,FINNIFTY,56957,2278280,3752.73
2021-02-23,NIFTY,14676775,1100758125,1631675.89
2021-02-24,BANKNIFTY,18472272,461806800,1655171.44
2021-02-24,FINNIFTY,34482,1379280,2275.89
2021-02-24,NIFTY,10384141,778810575,1158447.33
2021-02-25,BANKNIFTY,58330840,1458271000,5375294.75
2021-02-25,FINNIFTY,82675,3307000,5512.03
2021-02-25,NIFTY,25066664,1879999800,2838558.50
2021-02-26,BANKNIFTY,14397037,359925925,1279726.69
2021-02-26,FINNIFTY,21664,866560,1356.88
2021-02-26,NIFTY,12998796,974909700,1445472.99
2021-03-01,BANKNIFTY,14411592,360289800,1280558.85
2021-03-01,FINNIFTY,31978,1279120,2084.33
2021-03-01,NIFTY,10470470,785285250,1165972.75
2021-03-02,BANKNIFTY,20596992,514924800,1828038.70
2021-03-02,FINNIFTY,69411,2776440,4505.46
2021-03-02,NIFTY,13357455,1001809125,1492937.27
2021-03-03,BANKNIFTY,25384602,634615050,2295494.75
2021-03-03,FINNIFTY,81382,3255280,5420.71
2021-03-03,NIFTY,16032133,1202409975,1815758.25
2021-03-04,BANKNIFTY,62308840,1557721000,5603241.24
2021-03-04,FINNIFTY,101391,4055640,6652.27
2021-03-04,NIFTY,32449747,2433731025,3675256.84
2021-03-05,BANKNIFTY,12896321,322408025,1151162.49
2021-03-05,FINNIFTY,34931,1397240,2313.46
2021-03-05,NIFTY,10009552,750716400,1130330.07
2021-03-08,BANKNIFTY,19794246,494856150,1763322.48
2021-03-08,FINNIFTY,58074,2322960,3811.90
2021-03-08,NIFTY,12553062,941479650,1416970.20
2021-03-09,BANKNIFTY,27752194,693804850,2490596.58
2021-03-09,FINNIFTY,80322,3212880,5314.15
2021-03-09,NIFTY,17215726,1291179450,1946446.28
2021-03-10,BANKNIFTY,48681807,1217045175,4387619.12
2021-03-10,FINNIFTY,73262,2930480,4857.67
2021-03-10,NIFTY,23422575,1756693125,2664685.20
2021-03-12,BANKNIFTY,13767434,344185850,1245835.92
2021-03-12,FINNIFTY,48646,1945840,3200.83
2021-03-12,NIFTY,11015520,826164000,1257187.34
2021-03-15,BANKNIFTY,17269772,431744300,1521688.60
2021-03-15,FINNIFTY,56155,2246200,3562.49
2021-03-15,NIFTY,13044995,978374625,1470814.65
2021-03-16,BANKNIFTY,20301917,507547925,1794005.53
2021-03-16,FINNIFTY,61092,2443680,3979.46
2021-03-16,NIFTY,12575829,943187175,1420162.35
2021-03-17,BANKNIFTY,25825519,645637975,2263109.21
2021-03-17,FINNIFTY,68844,2753760,4454.70
2021-03-17,NIFTY,15288130,1146609750,1718373.52
2021-03-18,BANKNIFTY,64036546,1600913650,5506383.40
2021-03-18,FINNIFTY,74107,2964280,4723.23
2021-03-18,NIFTY,30971942,2322895650,3432369.96
2021-03-19,BANKNIFTY,14987279,374681975,1282473.82
2021-03-19,FINNIFTY,18074,722960,1167.78
2021-03-19,NIFTY,13091718,981878850,1443275.71
2021-03-22,BANKNIFTY,15862648,396566200,1356008.09
2021-03-22,FINNIFTY,22696,907840,1425.07
2021-03-22,NIFTY,10869886,815241450,1203842.12
2021-03-23,BANKNIFTY,20654576,516364400,1771759.44
2021-03-23,FINNIFTY,40749,1629960,2595.01
2021-03-23,NIFTY,13907517,1043063775,1546440.26
2021-03-24,BANKNIFTY,25114427,627860675,2130521.12
2021-03-24,FINNIFTY,50800,2032000,3204.46
2021-03-24,NIFTY,18176088,1363206600,2007015.66
2021-03-25,BANKNIFTY,65855990,1646399750,5460412.26
2021-03-25,FINNIFTY,68406,2736240,4231.51
2021-03-25,NIFTY,34184918,2563868850,3712847.53
2021-03-26,BANKNIFTY,11193268,279831700,947025.29
2021-03-26,FINNIFTY,26541,1061640,1683.66
2021-03-26,NIFTY,9172956,687971700,1006180.16
2021-03-30,BANKNIFTY,14385545,359638625,1225202.21
2021-03-30,FINNIFTY,35914,1436560,2256.45
2021-03-30,NIFTY,12508577,938143275,1387819.85
2021-03-31,BANKNIFTY,20048972,501224300,1687894.57
2021-03-31,FINNIFTY,38561,1542440,2344.29
2021-03-31,NIFTY,15096994,1132274550,1673335.70
2021-04-01,BANKNIFTY,50704694,1267617350,4263033.97
2021-04-01,FINNIFTY,62613,2504520,3875.20
2021-04-01,NIFTY,25878590,1940894250,2873290.37
2021-04-05,BANKNIFTY,14792240,369806000,1233959.96
2021-04-05,FINNIFTY,29392,1175680,1765.51
2021-04-05,NIFTY,13396805,1004760375,1480586.20
2021-04-06,BANKNIFTY,19022386,475559650,1572567.37
2021-04-06,FINNIFTY,48030,1921200,2918.24
2021-04-06,NIFTY,15195909,1139693175,1680870.68
2021-04-07,BANKNIFTY,26747909,668697725,2208328.58
2021-04-07,FINNIFTY,64461,2578440,3958.51
2021-04-07,NIFTY,17352953,1301471475,1927872.26
2021-04-08,BANKNIFTY,60147050,1503676250,4983723.26
2021-04-08,FINNIFTY,62541,2501640,3816.27
2021-04-08,NIFTY,29167082,2187531150,3260506.96
2021-04-09,BANKNIFTY,12269360,306734000,1014762.08
2021-04-09,FINNIFTY,32991,1319640,2011.32
2021-04-09,NIFTY,8530250,639768750,955473.28
2021-04-12,BANKNIFTY,17629776,440744400,1403286.54
2021-04-12,FINNIFTY,52688,2107520,3105.57
2021-04-12,NIFTY,16193049,1214478675,1771421.66
2021-04-13,BANKNIFTY,26610899,665272475,2099723.74
2021-04-13,FINNIFTY,79847,3193880,4761.21
2021-04-13,NIFTY,17463749,1309781175,1898637.90
2021-04-15,BANKNIFTY,68713118,1717827950,5477705.18
2021-04-15,FINNIFTY,114484,4579360,6847.68
2021-04-15,NIFTY,32107377,2408053275,3493547.00
2021-04-16,BANKNIFTY,11103415,277585375,900238.11
2021-04-16,FINNIFTY,27407,1096280,1641.64
2021-04-16,NIFTY,8934558,670091850,983939.98
2021-04-19,BANKNIFTY,17136333,428408325,1343554.93
2021-04-19,FINNIFTY,46378,1855120,2736.69
2021-04-19,NIFTY,13292398,996929850,1439453.49
2021-04-20,BANKNIFTY,24626244,615656100,1942578.36
2021-04-20,FINNIFTY,73166,2926640,4369.53
2021-04-20,NIFTY,17774670,1333100250,1925938.65
2021-04-22,BANKNIFTY,63467248,1586681200,4970025.75
2021-04-22,FINNIFTY,77358,3094320,4536.10
2021-04-22,NIFTY,33157555,2486816625,3563659.05
2021-04-23,BANKNIFTY,13709569,342739225,1103324.07
2021-04-23,FINNIFTY,31344,1253760,1856.22
2021-04-23,NIFTY,9316274,698720550,1012011.52
2021-04-26,BANKNIFTY,15074026,376850650,1223154.26
2021-04-26,FINNIFTY,29050,1162000,1721.96
2021-04-26,NIFTY,9279069,695930175,1009816.06
2021-04-27,BANKNIFTY,15684222,392105550,1277777.40
2021-04-27,FINNIFTY,33213,1328520,1982.00
2021-04-27,NIFTY,10310004,773250300,1124686.78
2021-04-28,BANKNIFTY,27342524,683563100,2272339.89
2021-04-28,FINNIFTY,58019,2320760,3560.14
2021-04-28,NIFTY,15444871,1158365325,1708158.70
2021-04-29,BANKNIFTY,69510127,1737753175,5862894.36
2021-04-29,FINNIFTY,70947,2837880,4380.35
2021-04-29,NIFTY,33271555,2495366625,3719406.84
2021-04-30,BANKNIFTY,12331294,308282350,1035868.87
2021-04-30,FINNIFTY,24705,988200,1510.48
2021-04-30,NIFTY,8556331,641684550,955531.48
2021-05-03,BANKNIFTY,18863443,471586075,1544423.91
2021-05-03,FINNIFTY,45196,1807840,2697.44
2021-05-03,NIFTY,11545680,865880875,1272503.66
2021-05-04,BANKNIFTY,22546714,563667850,1854477.22
2021-05-04,FINNIFTY,48492,1939680,2935.54
2021-05-04,NIFTY,14753870,1106419575,1627540.04
2021-05-05,BANKNIFTY,28844968,721124200,2365178.23
2021-05-05,FINNIFTY,51400,2056000,3118.91
2021-05-05,NIFTY,16915030,1268467200,1859940.67
2021-05-06,BANKNIFTY,58487377,1462184425,4805538.00
2021-05-06,FINNIFTY,72988,2919520,4475.44
2021-05-06,NIFTY,26637228,1997647800,2934743.29
2021-05-07,BANKNIFTY,10607244,265181100,884717.55
2021-05-07,FINNIFTY,23527,941080,1410.30
2021-05-07,NIFTY,8035737,602532275,895540.77
2021-05-10,BANKNIFTY,14056211,351405275,1171642.27
2021-05-10,FINNIFTY,22172,886880,1312.56
2021-05-10,NIFTY,10345254,775713175,1156844.15
2021-05-11,BANKNIFTY,27198334,679958350,2248991.48
2021-05-11,FINNIFTY,31169,1246760,1901.04
2021-05-11,NIFTY,15680073,1175837525,1749857.18
2021-05-12,BANKNIFTY,55564005,1389100125,4546134.16
2021-05-12,FINNIFTY,46408,1856320,2831.93
2021-05-12,NIFTY,28440264,2132793900,3154297.40
2021-05-14,BANKNIFTY,12368648,309216200,1011007.21
2021-05-14,FINNIFTY,5987,239480,342.16
2021-05-14,NIFTY,10726197,804204200,1188881.51
2021-05-17,BANKNIFTY,19990716,499767900,1653822.93
2021-05-17,FINNIFTY,10467,418680,617.22
2021-05-17,NIFTY,11971814,897448150,1330604.10
2021-05-18,BANKNIFTY,21449912,536247800,1824727.55
2021-05-18,FINNIFTY,14826,593040,884.38
2021-05-18,NIFTY,13157807,986251950,1484013.43
2021-05-19,BANKNIFTY,26205949,655148725,2220439.19
2021-05-19,FINNIFTY,16007,640280,959.55
2021-05-19,NIFTY,15598118,1169566475,1764334.25
2021-05-20,BANKNIFTY,55436368,1385909200,4670441.11
2021-05-20,FINNIFTY,26221,1048840,1611.44
2021-05-20,NIFTY,28548015,2140781275,3213376.17
2021-05-21,BANKNIFTY,15790724,394768100,1361635.61
2021-05-21,FINNIFTY,8086,323440,469.09
2021-05-21,NIFTY,9759812,731341975,1106762.21
2021-05-24,BANKNIFTY,22022821,550570525,1934755.04
2021-05-24,FINNIFTY,11410,456400,684.55
2021-05-24,NIFTY,10347690,775597525,1179549.55
2021-05-25,BANKNIFTY,24012736,600318400,2101643.78
2021-05-25,FINNIFTY,11596,463840,692.41
2021-05-25,NIFTY,11590893,868633900,1324568.61
2021-05-26,BANKNIFTY,27060794,676519850,2362676.43
2021-05-26,FINNIFTY,13881,555240,842.72
2021-05-26,NIFTY,13819622,1035965800,1581289.07
2021-05-27,BANKNIFTY,63868562,1596714050,5570181.54
2021-05-27,FINNIFTY,18457,738280,1142.26
2021-05-27,NIFTY,24653281,1848358650,2829820.58
2021-05-28,BANKNIFTY,13261292,331532300,1179265.27
2021-05-28,FINNIFTY,11095,443800,677.11
2021-05-28,NIFTY,7343758,549419025,848268.95
2021-05-31,BANKNIFTY,16943428,423585700,1505360.08
2021-05-31,FINNIFTY,11958,478320,726.86
2021-05-31,NIFTY,11303817,846245600,1309432.39
2021-06-01,BANKNIFTY,22101385,552534625,1969909.59
2021-06-01,FINNIFTY,14285,571400,888.09
2021-06-01,NIFTY,14706814,1101253100,1713473.19
2021-06-02,BANKNIFTY,23791490,594787250,2107795.74
2021-06-02,FINNIFTY,17304,692160,1089.74
2021-06-02,NIFTY,16717544,1252531400,1946537.30
2021-06-03,BANKNIFTY,54948687,1373717175,4892485.40
2021-06-03,FINNIFTY,22412,896480,1432.43
2021-06-03,NIFTY,24753409,1854744675,2899151.05
2021-06-04,BANKNIFTY,15399304,384982600,1379912.88
2021-06-04,FINNIFTY,8260,330400,503.76
2021-06-04,NIFTY,8526903,637396500,1000905.61
2021-06-07,BANKNIFTY,14244608,356115200,1274222.67
2021-06-07,FINNIFTY,9434,377360,583.50
2021-06-07,NIFTY,8878347,663666175,1042951.95
2021-06-08,BANKNIFTY,20457866,511446650,1814808.51
2021-06-08,FINNIFTY,13384,535360,840.92
2021-06-08,NIFTY,10834220,810769100,1277172.60
2021-06-09,BANKNIFTY,38229192,955729800,3371434.74
2021-06-09,FINNIFTY,15695,627800,1034.12
2021-06-09,NIFTY,18557517,1388060075,2182728.17
2021-06-10,BANKNIFTY,60794353,1519858825,5329738.82
2021-06-10,FINNIFTY,18235,729400,1182.73
2021-06-10,NIFTY,23143679,1733422450,2722698.52
2021-06-11,BANKNIFTY,12047011,301175275,1066459.60
2021-06-11,FINNIFTY,5000,200000,287.19
2021-06-11,NIFTY,7801633,581800750,918743.57
2021-06-14,BANKNIFTY,18259662,456491550,1601088.32
2021-06-14,FINNIFTY,6282,251280,368.31
2021-06-14,NIFTY,12236831,913568375,1439581.77
2021-06-15,BANKNIFTY,18726904,468172600,1654046.33
2021-06-15,FINNIFTY,7779,311160,470.41
2021-06-15,NIFTY,9107420,679652700,1074175.44
2021-06-16,BANKNIFTY,26882413,672060325,2370821.67
2021-06-16,FINNIFTY,10640,425600,661.37
2021-06-16,NIFTY,14782385,1104411150,1748815.27
2021-06-17,BANKNIFTY,63333841,1583346025,5519887.40
2021-06-17,FINNIFTY,17200,688000,1085.40
2021-06-17,NIFTY,30604733,2288167550,3599190.69
2021-06-18,BANKNIFTY,19800568,495014200,1716392.87
2021-06-18,FINNIFTY,5558,222320,321.73
2021-06-18,NIFTY,15201802,1127399400,1768185.72
2021-06-21,BANKNIFTY,21301282,532532050,1841595.23
2021-06-21,FINNIFTY,6521,260840,384.15
2021-06-21,NIFTY,13105940,970722900,1520662.45
2021-06-22,BANKNIFTY,26729344,668233600,2346594.01
2021-06-22,FINNIFTY,7536,301440,453.30
2021-06-22,NIFTY,14199915,1053140425,1662486.14
2021-06-23,BANKNIFTY,31773438,794335950,2775226.22
2021-06-23,FINNIFTY,7839,313560,474.55
2021-06-23,NIFTY,18250854,1358103075,2144790.27
2021-06-24,BANKNIFTY,53599044,1339976100,4671292.81
2021-06-24,FINNIFTY,17247,689880,1089.80
2021-06-24,NIFTY,26214165,1952275025,3080398.39
2021-06-25,BANKNIFTY,16344432,408610800,1443579.53
2021-06-25,FINNIFTY,5034,201360,288.80
2021-06-25,NIFTY,7675516,558970775,885898.57
2021-06-28,BANKNIFTY,18565742,464143550,1652621.20
2021-06-28,FINNIFTY,6637,265480,400.61
2021-06-28,NIFTY,9567241,697823075,1108533.61
2021-06-29,BANKNIFTY,20997181,524929525,1860559.20
2021-06-29,FINNIFTY,9391,375640,581.85
2021-06-29,NIFTY,12088454,891537475,1412333.67
2021-06-30,BANKNIFTY,33669029,841725725,2966379.23
2021-06-30,FINNIFTY,11600,464000,729.56
2021-06-30,NIFTY,15318554,1132547125,1792458.54
2021-07-01,BANKNIFTY,61949954,1548748850,5408247.24
2021-07-01,FINNIFTY,13599,543960,851.81
2021-07-01,NIFTY,24184740,1798591925,2833611.31
2021-07-02,BANKNIFTY,14946843,373671075,1308704.08
2021-07-02,FINNIFTY,4870,194800,280.70
2021-07-02,NIFTY,9520942,694876075,1094456.59
2021-07-05,BANKNIFTY,16743019,418575475,1470845.57
2021-07-05,FINNIFTY,1416,56640,95.30
2021-07-05,NIFTY,9076849,660297325,1043416.38
2021-07-06,BANKNIFTY,30857142,771428550,2745011.99
2021-07-06,FINNIFTY,2902,116080,194.46
2021-07-06,NIFTY,14433992,1059708000,1679422.13
2021-07-07,BANKNIFTY,29724816,743120400,2650157.90
2021-07-07,FINNIFTY,8294,331760,555.44
2021-07-07,NIFTY,15148251,1118079950,1771129.93
2021-07-08,BANKNIFTY,72640070,1816001750,6457393.43
2021-07-08,FINNIFTY,7755,310200,519.41
2021-07-08,NIFTY,32551048,2409745675,3810512.39
2021-07-09,BANKNIFTY,20159796,503994900,1780923.64
2021-07-09,FINNIFTY,1493,59720,95.84
2021-07-09,NIFTY,11562251,839290400,1323514.97
2021-07-12,BANKNIFTY,21463521,536588025,1900776.84
2021-07-12,FINNIFTY,2459,98360,158.07
2021-07-12,NIFTY,13844555,1008870950,1592252.74
2021-07-13,BANKNIFTY,24340880,608522000,2166400.76
2021-07-13,FINNIFTY,4253,170120,277.49
2021-07-13,NIFTY,13335898,972641450,1538087.19
2021-07-14,BANKNIFTY,28597429,714935725,2550981.69
2021-07-14,FINNIFTY,3950,158000,261.27
2021-07-14,NIFTY,17382702,1273522275,2015433.69
2021-07-15,BANKNIFTY,65141091,1628527275,5839848.67
2021-07-15,FINNIFTY,9389,375560,625.52
2021-07-15,NIFTY,27493044,2025368400,3217763.26
2021-07-16,BANKNIFTY,15976187,399404675,1437988.93
2021-07-16,FINNIFTY,1551,62040,99.21
2021-07-16,NIFTY,9772442,689730425,1099231.53
2021-07-19,BANKNIFTY,27250744,681268600,2415354.50
2021-07-19,FINNIFTY,2408,96320,152.22
2021-07-19,NIFTY,15319876,1079223550,1711442.70
2021-07-20,BANKNIFTY,35318676,882966900,3083761.39
2021-07-20,FINNIFTY,2240,89600,141.11
2021-07-20,NIFTY,20302292,1441334925,2268627.00
2021-07-22,BANKNIFTY,74167984,1854199600,6473628.43
2021-07-22,FINNIFTY,2112,84480,134.08
2021-07-22,NIFTY,29268270,2067689025,3266074.07
2021-07-23,BANKNIFTY,22149153,553728825,1938353.52
2021-07-23,FINNIFTY,149,5960,10.25
2021-07-23,NIFTY,14961529,748076450,1187129.57
2021-07-26,BANKNIFTY,22638581,565964525,1986581.88
2021-07-26,FINNIFTY,74,2960,4.94
2021-07-26,NIFTY,15069051,753452550,1193817.04
2021-07-27,BANKNIFTY,28823673,720591825,2530089.06
2021-07-27,FINNIFTY,260,10400,16.63
2021-07-27,NIFTY,23069483,1153474150,1826580.65
2021-07-28,BANKNIFTY,41596720,1039918000,3606167.96
2021-07-28,FINNIFTY,519,20760,32.78
2021-07-28,NIFTY,36934464,1846723200,2902227.52
2021-07-29,BANKNIFTY,68789858,1719746450,5970929.76
2021-07-29,FINNIFTY,980,39200,62.25
2021-07-29,NIFTY,40803846,2040192300,3218809.01
2021-07-30,BANKNIFTY,15821457,395536425,1379277.14
2021-07-30,FINNIFTY,465,18600,29.44
2021-07-30,NIFTY,15158798,757939900,1199634.62
2021-08-02,BANKNIFTY,16939509,423487725,1479745.20
2021-08-02,FINNIFTY,1362,54480,88.36
2021-08-02,NIFTY,14202552,710127600,1126895.59
2021-08-03,BANKNIFTY,25505374,637634350,2234250.73
2021-08-03,FINNIFTY,1244,49760,79.83
2021-08-03,NIFTY,27120539,1356026950,2167288.96
2021-08-04,BANKNIFTY,49093295,1227332375,4399414.07
2021-08-04,FINNIFTY,1128,45120,72.92
2021-08-04,NIFTY,29839813,1491990650,2414763.63
2021-08-05,BANKNIFTY,82392088,2059802200,7403814.73
2021-08-05,FINNIFTY,1547,61880,100.48
2021-08-05,NIFTY,42787145,2139357250,3476713.27
2021-08-06,BANKNIFTY,19261998,481549950,1737490.58
2021-08-06,FINNIFTY,459,18360,29.95
2021-08-06,NIFTY,13446599,672329950,1094385.73
2021-08-09,BANKNIFTY,26040372,651009300,2352113.84
2021-08-09,FINNIFTY,383,15320,24.75
2021-08-09,NIFTY,18637793,931889650,1514732.77
2021-08-10,BANKNIFTY,27277530,681938250,2473208.26
2021-08-10,FINNIFTY,387,15480,25.07
2021-08-10,NIFTY,25166728,1258336400,2047775.35
2021-08-11,BANKNIFTY,40930826,1023270650,3687702.82
2021-08-11,FINNIFTY,482,19280,31.41
2021-08-11,NIFTY,29293948,1464697400,2383287.97
2021-08-12,BANKNIFTY,69407432,1735185800,6235668.25
2021-08-12,FINNIFTY,591,23640,38.41
2021-08-12,NIFTY,36868703,1843435150,3005268.65
2021-08-13,BANKNIFTY,17940397,448509925,1625813.96
2021-08-13,FINNIFTY,237,9480,15.43
2021-08-13,NIFTY,18439678,921983900,1512784.18
2021-08-16,BANKNIFTY,19063666,476591650,1727108.00
2021-08-16,FINNIFTY,850,34000,55.75
2021-08-16,NIFTY,17596234,879811700,1450722.33
2021-08-17,BANKNIFTY,30203935,755098375,2719728.05
2021-08-17,FINNIFTY,1032,41280,67.81
2021-08-17,NIFTY,27790788,1389539400,2293889.78
2021-08-18,BANKNIFTY,77181005,1929525125,6933442.52
2021-08-18,FINNIFTY,1156,46240,76.89
2021-08-18,NIFTY,48753627,2437681350,4044432.72
2021-08-20,BANKNIFTY,22871135,571778375,2025129.70
2021-08-20,FINNIFTY,187,7480,12.06
2021-08-20,NIFTY,19545440,977272000,1610716.83
2021-08-23,BANKNIFTY,25828329,645708225,2281177.26
2021-08-23,FINNIFTY,289,11560,19.00
2021-08-23,NIFTY,20900337,1045016850,1725014.30
2021-08-24,BANKNIFTY,33036134,825903350,2936358.82
2021-08-24,FINNIFTY,513,20520,34.65
2021-08-24,NIFTY,19578347,978917350,1619897.59
2021-08-25,BANKNIFTY,38730262,968256550,3462358.72
2021-08-25,FINNIFTY,909,36360,63.21
2021-08-25,NIFTY,25833708,1291685400,2148540.18
2021-08-26,BANKNIFTY,73031063,1825776575,6512589.73
2021-08-26,FINNIFTY,347,13880,23.08
2021-08-26,NIFTY,37682946,1884147300,3133157.76
2021-08-27,BANKNIFTY,16348180,408704500,1461642.14
2021-08-27,FINNIFTY,1420,56800,96.19
2021-08-27,NIFTY,14379497,718974850,1200675.15
2021-08-30,BANKNIFTY,28088135,702203375,2541666.20
2021-08-30,FINNIFTY,2045,81800,141.16
2021-08-30,NIFTY,18901683,945084150,1586832.19
2021-08-31,BANKNIFTY,31054737,776368425,2835644.54
2021-08-31,FINNIFTY,2410,96400,165.07
2021-08-31,NIFTY,28160068,1408003400,2389683.49
2021-09-01,BANKNIFTY,42377562,1059439050,3896844.98
2021-09-01,FINNIFTY,1650,66000,117.49
2021-09-01,NIFTY,34180776,1709038800,2924814.13
2021-09-02,BANKNIFTY,69536251,1738406275,6385060.19
2021-09-02,FINNIFTY,2398,95920,169.63
2021-09-02,NIFTY,43987106,2199355300,3772779.91
2021-09-03,BANKNIFTY,22385395,559634875,2076357.17
2021-09-03,FINNIFTY,878,35120,61.64
2021-09-03,NIFTY,17734890,886744500,1535908.80
2021-09-06,BANKNIFTY,20246716,506167900,1873413.15
2021-09-06,FINNIFTY,1051,42040,74.53
2021-09-06,NIFTY,15140078,757003900,1315416.93
2021-09-07,BANKNIFTY,34173261,854331525,3138380.76
2021-09-07,FINNIFTY,1378,55120,97.78
2021-09-07,NIFTY,22952424,1147621200,1995699.17
2021-09-08,BANKNIFTY,38458013,961450325,3537635.25
2021-09-08,FINNIFTY,1640,65600,116.64
2021-09-08,NIFTY,28465868,1423293400,2470024.02
2021-09-09,BANKNIFTY,66607290,1665182250,6119640.09
2021-09-09,FINNIFTY,2962,118480,212.44
2021-09-09,NIFTY,39953684,1997684200,3464236.94
2021-09-13,BANKNIFTY,19094779,477369475,1753016.86
2021-09-13,FINNIFTY,760,30400,52.64
2021-09-13,NIFTY,15937877,796893850,1382544.19
2021-09-14,BANKNIFTY,21944204,548605100,2018899.28
2021-09-14,FINNIFTY,593,23720,42.08
2021-09-14,NIFTY,16718959,835947950,1454357.32
2021-09-15,BANKNIFTY,34402692,860067300,3169706.71
2021-09-15,FINNIFTY,939,37560,66.79
2021-09-15,NIFTY,26979196,1348959800,2352948.97
2021-09-16,BANKNIFTY,91665355,2291633875,8558279.92
2021-09-16,FINNIFTY,1113,44520,79.26
2021-09-16,NIFTY,40053547,2002677350,3514440.42
2021-09-17,BANKNIFTY,32558179,813954475,3091819.03
2021-09-17,FINNIFTY,661,26440,46.80
2021-09-17,NIFTY,25027552,1251377600,2216400.31
2021-09-20,BANKNIFTY,30407608,760190200,2870576.51
2021-09-20,FINNIFTY,1559,62360,109.40
2021-09-20,NIFTY,26316947,1315847350,2315788.72
2021-09-21,BANKNIFTY,40185132,1004628300,3745379.66
2021-09-21,FINNIFTY,2833,113320,198.49
2021-09-21,NIFTY,27991486,1399574300,2445533.42
2021-09-22,BANKNIFTY,37776151,944403775,3526420.31
2021-09-22,FINNIFTY,2043,81720,144.01
2021-09-22,NIFTY,23839754,1191987700,2095632.90
2021-09-23,BANKNIFTY,85226385,2130659625,8024873.62
2021-09-23,FINNIFTY,2602,104080,184.20
2021-09-23,NIFTY,44188624,2209431200,3913550.76
2021-09-24,BANKNIFTY,20435241,510881025,1944775.44
2021-09-24,FINNIFTY,310,12400,22.05
2021-09-24,NIFTY,16144849,807242450,1444512.21
2021-09-27,BANKNIFTY,22755853,568896325,2178010.33
2021-09-27,FINNIFTY,110,4400,7.94
2021-09-27,NIFTY,16471907,823595350,1474332.92
2021-09-28,BANKNIFTY,40689964,1017249100,3877924.50
2021-09-28,FINNIFTY,328,13120,23.31
2021-09-28,NIFTY,31479443,1573972150,2805552.03
2021-09-29,BANKNIFTY,39422583,985564575,3734241.52
2021-09-29,FINNIFTY,462,18480,33.03
2021-09-29,NIFTY,28190164,1409508200,2501449.06
2021-09-30,BANKNIFTY,82839497,2070987425,7820471.54
2021-09-30,FINNIFTY,692,27680,49.19
2021-09-30,NIFTY,51146426,2557321300,4529279.17
2021-10-01,BANKNIFTY,18984266,474606650,1778918.31
2021-10-01,FINNIFTY,363,14520,25.93
2021-10-01,NIFTY,14775737,738786850,1302676.30
2021-10-04,BANKNIFTY,18191300,454782500,1714199.36
2021-10-04,FINNIFTY,1483,59320,111.14
2021-10-04,NIFTY,18998828,949941400,1681133.84
2021-10-05,BANKNIFTY,24350874,608771850,2298019.26
2021-10-05,FINNIFTY,1869,74760,132.11
2021-10-05,NIFTY,20555099,1027754950,1823209.37
2021-10-06,BANKNIFTY,46450368,1161259200,4407784.80
2021-10-06,FINNIFTY,2189,87560,158.66
2021-10-06,NIFTY,36267239,1813361950,3228160.87
2021-10-07,BANKNIFTY,74598245,1864956125,7063764.16
2021-10-07,FINNIFTY,1689,67560,122.18
2021-10-07,NIFTY,42978651,2148932550,3829824.95
2021-10-08,BANKNIFTY,21137589,528439725,2014275.37
2021-10-08,FINNIFTY,1009,40360,72.26
2021-10-08,NIFTY,14982188,749109400,1342555.50
2021-10-11,BANKNIFTY,25948571,648714275,2485843.44
2021-10-11,FINNIFTY,778,31120,56.04
2021-10-11,NIFTY,18042947,902147350,1622559.41
2021-10-12,BANKNIFTY,30387606,759690150,2920697.93
2021-10-12,FINNIFTY,1336,53440,96.29
2021-10-12,NIFTY,21854465,1092723250,1963469.10
2021-10-13,BANKNIFTY,30835742,770893550,2981761.81
2021-10-13,FINNIFTY,1140,45600,82.52
2021-10-13,NIFTY,26953391,1347669550,2437669.18
2021-10-14,BANKNIFTY,79740619,1993515475,7772095.71
2021-10-14,FINNIFTY,2180,87200,158.81
2021-10-14,NIFTY,41611579,2080578950,3795141.88
2021-10-18,BANKNIFTY,25398765,634969125,2530840.37
2021-10-18,FINNIFTY,2968,118720,228.82
2021-10-18,NIFTY,16628327,831416350,1533954.51
2021-10-19,BANKNIFTY,33812962,845324050,3371897.93
2021-10-19,FINNIFTY,41224,1648960,3151.99
2021-10-19,NIFTY,25254094,1262704700,2337020.71
2021-10-20,BANKNIFTY,37770921,944273025,3750574.65
2021-10-20,FINNIFTY,54,2160,3.95
2021-10-20,NIFTY,34971345,1748567250,3221212.47
2021-10-21,BANKNIFTY,86315846,2157896150,8576222.21
2021-10-21,FINNIFTY,344,13760,25.29
2021-10-21,NIFTY,62552688,3127634400,5710005.71
2021-10-22,BANKNIFTY,24397438,609935950,2467967.42
2021-10-22,FINNIFTY,977,39080,73.85
2021-10-22,NIFTY,21532923,1076646150,1970487.61
2021-10-25,BANKNIFTY,34753423,868835575,3584265.35
2021-10-25,FINNIFTY,2646,105840,206.27
2021-10-25,NIFTY,24116955,1205847750,2199626.61
2021-10-26,BANKNIFTY,31432132,785803300,3246479.74
2021-10-26,FINNIFTY,27323,1092920,2144.35
2021-10-26,NIFTY,25628182,1281409100,2341840.84
2021-10-27,BANKNIFTY,31825670,795641750,3285649.98
2021-10-27,FINNIFTY,7,280,0.56
2021-10-27,NIFTY,27362385,1368119250,2506025.82
2021-10-28,BANKNIFTY,94780466,2369511650,9573841.85
2021-10-28,FINNIFTY,41,1640,3.22
2021-10-28,NIFTY,53265285,2663264250,4828161.15
2021-10-29,BANKNIFTY,32862906,821572650,3261317.39
2021-10-29,FINNIFTY,164,6560,11.70
2021-10-29,NIFTY,24572514,1228625700,2204696.16
2021-11-01,BANKNIFTY,30642662,766066550,3043756.29
2021-11-01,FINNIFTY,959,38360,70.81
2021-11-01,NIFTY,24740293,1237014650,2219792.68
2021-11-02,BANKNIFTY,43380754,1084518850,4344498.11
2021-11-02,FINNIFTY,19400,776000,1479.10
2021-11-02,NIFTY,29168474,1458423700,2623966.37
2021-11-03,BANKNIFTY,100904061,2522601525,10062818.96
2021-11-03,FINNIFTY,62,2480,4.76
2021-11-03,NIFTY,51635037,2581751850,4632123.14
2021-11-04,BANKNIFTY,4101029,102525725,410178.97
2021-11-04,FINNIFTY,114,4560,8.75
2021-11-04,NIFTY,3402512,170125600,306797.86
2021-11-08,BANKNIFTY,30396618,759915450,3013002.76
2021-11-08,FINNIFTY,3902,156080,296.82
2021-11-08,NIFTY,25098128,1254906400,2265011.86
2021-11-09,BANKNIFTY,25864021,646600525,2567211.70
2021-11-09,FINNIFTY,20376,815040,1560.44
2021-11-09,NIFTY,21569631,1078481550,1953271.04
2021-11-10,BANKNIFTY,32418171,810454275,3192908.39
2021-11-10,FINNIFTY,41,1640,3.02
2021-11-10,NIFTY,26932690,1346634500,2432619.29
2021-11-11,BANKNIFTY,78159560,1953989000,7597090.38
2021-11-11,FINNIFTY,284,11360,21.62
2021-11-11,NIFTY,49303670,2465183500,4426764.53
2021-11-12,BANKNIFTY,18651543,466288575,1818585.02
2021-11-12,FINNIFTY,701,28040,54.12
2021-11-12,NIFTY,19466088,973304400,1759844.78
2021-11-15,BANKNIFTY,22621544,565538600,2213332.72
2021-11-15,FINNIFTY,1037,41480,79.06
2021-11-15,NIFTY,19095856,954792800,1736046.63
2021-11-16,BANKNIFTY,29619242,740481050,2878386.75
2021-11-16,FINNIFTY,18654,746160,1412.62
2021-11-16,NIFTY,23471603,1173580150,2129517.37
2021-11-17,BANKNIFTY,39672300,991807500,3822732.03
2021-11-17,FINNIFTY,173,6920,12.46
2021-11-17,NIFTY,27667479,1383373950,2498039.50
2021-11-18,BANKNIFTY,93528871,2338221775,8925976.17
2021-11-18,FINNIFTY,301,12040,21.66
2021-11-18,NIFTY,59016055,2950802750,5274466.25
2021-11-22,BANKNIFTY,36346349,908658725,3439249.23
2021-11-22,FINNIFTY,2044,81760,147.53
2021-11-22,NIFTY,30692230,1534611500,2717684.72
2021-11-23,BANKNIFTY,37770233,944255825,3532453.76
2021-11-23,FINNIFTY,13137,525480,946.88
2021-11-23,NIFTY,32767118,1638355900,2874812.21
2021-11-24,BANKNIFTY,46174338,1154358450,4355401.68
2021-11-24,FINNIFTY,44,1760,3.17
2021-11-24,NIFTY,35357009,1767850450,3106918.56
2021-11-25,BANKNIFTY,84823311,2120582775,7946121.50
2021-11-25,FINNIFTY,205,8200,14.29
2021-11-25,NIFTY,58808885,2940444250,5145509.94
2021-11-26,BANKNIFTY,26550122,663753050,2449163.71
2021-11-26,FINNIFTY,1680,67200,119.01
2021-11-26,NIFTY,28229945,1411497250,2451990.35
2021-11-29,BANKNIFTY,30658286,766457150,2784398.42
2021-11-29,FINNIFTY,1297,51880,90.51
2021-11-29,NIFTY,29586700,1479335000,2544647.43
2021-11-30,BANKNIFTY,45738679,1143466975,4159629.57
2021-11-30,FINNIFTY,22381,895240,1582.18
2021-11-30,NIFTY,42445817,2122290850,3650222.45
2021-12-01,BANKNIFTY,47113430,1177835750,4274694.07
2021-12-01,FINNIFTY,62,2480,4.43
2021-12-01,NIFTY,36126094,1806304700,3104395.71
2021-12-02,BANKNIFTY,81760151,2044003775,7447255.55
2021-12-02,FINNIFTY,399,15960,28.74
2021-12-02,NIFTY,62470088,3123504400,5395435.07
2021-12-03,BANKNIFTY,25042090,626052250,2303636.24
2021-12-03,FINNIFTY,2427,97080,170.76
2021-12-03,NIFTY,23812673,1190633650,2073783.39
2021-12-06,BANKNIFTY,29949699,748742475,2726274.55
2021-12-06,FINNIFTY,2159,86360,151.22
2021-12-06,NIFTY,27106196,1355309800,2340342.52
2021-12-07,BANKNIFTY,36819432,920485800,3373048.89
2021-12-07,FINNIFTY,27900,1116000,1993.73
2021-12-07,NIFTY,31394795,1569739750,2706324.04
2021-12-08,BANKNIFTY,42206707,1055167675,3920416.93
2021-12-08,FINNIFTY,69,2760,4.90
2021-12-08,NIFTY,34757983,1737899150,3024403.09
2021-12-09,BANKNIFTY,97030985,2425774625,9019181.29
2021-12-09,FINNIFTY,768,30720,55.65
2021-12-09,NIFTY,66922788,3346139400,5846139.61
2021-12-10,BANKNIFTY,20473517,511837925,1905282.48
2021-12-10,FINNIFTY,2222,88880,157.78
2021-12-10,NIFTY,18559429,927971450,1629213.72
2021-12-13,BANKNIFTY,29974838,749370950,2808576.77
2021-12-13,FINNIFTY,3455,138200,249.60
2021-12-13,NIFTY,30470729,1523536450,2677930.47
2021-12-14,BANKNIFTY,34883159,872078975,3239294.93
2021-12-14,FINNIFTY,29998,1199920,2145.49
2021-12-14,NIFTY,31736861,1586843050,2770191.89
2021-12-15,BANKNIFTY,34210213,855255325,3178664.52
2021-12-15,FINNIFTY,60,2400,4.31
2021-12-15,NIFTY,36714381,1835719050,3192374.66
2021-12-16,BANKNIFTY,97918586,2447964650,9033808.02
2021-12-16,FINNIFTY,454,18160,32.53
2021-12-16,NIFTY,66036126,3301806300,5722707.70
2021-12-17,BANKNIFTY,27297149,682428725,2485808.13
2021-12-17,FINNIFTY,1811,72440,126.99
2021-12-17,NIFTY,25915535,1295776750,2237804.31
2021-12-20,BANKNIFTY,33887026,847175650,2984896.04
2021-12-20,FINNIFTY,3936,157440,265.03
2021-12-20,NIFTY,35987677,1799383850,3035067.19
2021-12-21,BANKNIFTY,39359037,983975925,3455241.31
2021-12-21,FINNIFTY,35284,1411360,2387.07
2021-12-21,NIFTY,38586355,1929317750,3264006.96
2021-12-22,BANKNIFTY,44773314,1119332850,3924529.25
2021-12-22,FINNIFTY,140,5600,9.11
2021-12-22,NIFTY,36509833,1825491650,3091399.31
2021-12-23,BANKNIFTY,95617813,2390445325,8446483.34
2021-12-23,FINNIFTY,326,13040,22.02
2021-12-23,NIFTY,62719655,3135982750,5355052.41
2021-12-24,BANKNIFTY,27450992,686274800,2413946.77
2021-12-24,FINNIFTY,1801,72040,122.87
2021-12-24,NIFTY,22650519,1132525950,1939340.01
2021-12-27,BANKNIFTY,33056742,826418550,2892830.05
2021-12-27,FINNIFTY,3368,134720,229.27
2021-12-27,NIFTY,25077800,1253890000,2142666.92
2021-12-28,BANKNIFTY,31221407,780535175,2755129.09
2021-12-28,FINNIFTY,31094,1243760,2134.36
2021-12-28,NIFTY,24941326,1247066300,2140731.39
2021-12-29,BANKNIFTY,35817608,895440200,3160700.09
2021-12-29,FINNIFTY,12,480,0.80
2021-12-29,NIFTY,31945954,1597297700,2753731.76
2021-12-30,BANKNIFTY,88373202,2209330050,7757042.90
2021-12-30,FINNIFTY,37,1480,2.49
2021-12-30,NIFTY,49132126,2456606300,4232110.78
2021-12-31,BANKNIFTY,18391160,459779000,1638621.76
2021-12-31,FINNIFTY,695,27800,48.70
2021-12-31,NIFTY,16177228,808861400,1404661.18
2022-01-03,BANKNIFTY,34787391,869684775,3139797.18
2022-01-03,FINNIFTY,4994,199760,352.62
2022-01-03,NIFTY,23335748,1166787400,2043829.30
2022-01-04,BANKNIFTY,43019894,1075497350,3949891.94
2022-01-04,FINNIFTY,45180,1807200,3234.54
2022-01-04,NIFTY,32044331,1602216550,2836822.29
2022-01-05,BANKNIFTY,65625652,1640641300,6135484.19
2022-01-05,FINNIFTY,509,20360,37.53
2022-01-05,NIFTY,39978076,1998903800,3564951.62
2022-01-06,BANKNIFTY,124994169,3124854225,11695245.87
2022-01-06,FINNIFTY,1250,50000,90.18
2022-01-06,NIFTY,65298169,3264908450,5798283.41
2022-01-07,BANKNIFTY,36002185,900054625,3428134.22
2022-01-07,FINNIFTY,3602,144080,261.83
2022-01-07,NIFTY,22704027,1135201350,2029111.08
2022-01-10,BANKNIFTY,34257489,856437225,3277075.20
2022-01-10,FINNIFTY,5995,239800,438.63
2022-01-10,NIFTY,22999327,1149966350,2063207.89
2022-01-11,BANKNIFTY,40233036,1005825900,3866856.42
2022-01-11,FINNIFTY,54146,2165840,4000.14
2022-01-11,NIFTY,25440898,1272044900,2293133.37
2022-01-12,BANKNIFTY,42010584,1050264600,4070439.22
2022-01-12,FINNIFTY,723,28920,54.45
2022-01-12,NIFTY,31771538,1588576900,2881361.45
2022-01-13,BANKNIFTY,101933347,2548333675,9837913.65
2022-01-13,FINNIFTY,1182,47280,89.27
2022-01-13,NIFTY,55313312,2765665600,5038746.53
2022-01-14,BANKNIFTY,23086875,577171875,2218947.76
2022-01-14,FINNIFTY,2529,101160,185.91
2022-01-14,NIFTY,19209160,960458000,1755438.59
2022-01-17,BANKNIFTY,25773585,644339625,2484530.20
2022-01-17,FINNIFTY,5356,214240,399.49
2022-01-17,NIFTY,18930938,946546900,1729712.64
2022-01-18,BANKNIFTY,48406447,1210161175,4684945.74
2022-01-18,FINNIFTY,87242,3489680,6489.65
2022-01-18,NIFTY,38649371,1932468550,3536113.84
2022-01-19,BANKNIFTY,61066730,1526668250,5840349.84
2022-01-19,FINNIFTY,790,31600,57.48
2022-01-19,NIFTY,47943233,2397161650,4341240.97
2022-01-20,BANKNIFTY,119458879,2986471975,11359681.93
2022-01-20,FINNIFTY,689,27560,49.95
2022-01-20,NIFTY,76944715,3847235750,6878494.22
2022-01-21,BANKNIFTY,30859067,771476675,2917366.04
2022-01-21,FINNIFTY,2903,116120,207.38
2022-01-21,NIFTY,28583280,1429164000,2537612.84
2022-01-24,BANKNIFTY,46069914,1151747850,4312669.30
2022-01-24,FINNIFTY,7123,284920,501.37
2022-01-24,MIDCPNIFTY,693,51975,39.98
2022-01-24,NIFTY,42683018,2134150900,3733266.19
2022-01-25,BANKNIFTY,50470768,1261769200,4711476.62
2022-01-25,FINNIFTY,49853,1994120,3509.39
2022-01-25,MIDCPNIFTY,1002,75150,55.45
2022-01-25,NIFTY,48419101,2420955050,4177161.22
2022-01-27,BANKNIFTY,129555947,3238898675,12163606.92
2022-01-27,FINNIFTY,140,5600,10.18
2022-01-27,NIFTY,86630581,4331529050,7405400.55
2022-01-28,BANKNIFTY,22685638,567140950,2180090.31
2022-01-28,FINNIFTY,1163,46520,83.82
2022-01-28,MIDCPNIFTY,61,4575,3.53
2022-01-28,NIFTY,19240289,962014450,1682387.78
2022-01-31,BANKNIFTY,21775962,544399050,2088126.08
2022-01-31,FINNIFTY,2389,95560,168.71
2022-01-31,MIDCPNIFTY,113,8475,6.71
2022-01-31,NIFTY,18665425,933271250,1634584.50
2022-02-01,BANKNIFTY,53359753,1333993825,5167651.10
2022-02-01,FINNIFTY,42130,1685200,3038.95
2022-02-01,MIDCPNIFTY,886,66450,52.11
2022-02-01,NIFTY,44005536,2200276800,3883943.80
2022-02-02,BANKNIFTY,51719063,1292976575,5056583.03
2022-02-02,FINNIFTY,448,17920,32.26
2022-02-02,NIFTY,37059383,1852969150,3283748.76
2022-02-03,BANKNIFTY,116655844,2916396100,11451966.57
2022-02-03,FINNIFTY,880,35200,65.01
2022-02-03,MIDCPNIFTY,2,150,0.12
2022-02-03,NIFTY,67548362,3377418100,5979233.42
2022-02-04,BANKNIFTY,31766041,794151025,3105706.22
2022-02-04,FINNIFTY,3047,121880,219.37
2022-02-04,MIDCPNIFTY,4,300,0.23
2022-02-04,NIFTY,25015816,1250790800,2204818.94
2022-02-07,BANKNIFTY,38196214,954905350,3694939.53
2022-02-07,FINNIFTY,8997,359880,640.49
2022-02-07,MIDCPNIFTY,15,1125,0.87
2022-02-07,NIFTY,36266270,1813313500,3173378.54
2022-02-08,BANKNIFTY,56988531,1424713275,5424410.86
2022-02-08,FINNIFTY,81167,3246680,5711.74
2022-02-08,MIDCPNIFTY,491,36825,28.11
2022-02-08,NIFTY,48309239,2415461950,4179697.99
2022-02-09,BANKNIFTY,48796100,1219902500,4700921.35
2022-02-09,FINNIFTY,573,22920,39.91
2022-02-09,NIFTY,42044711,2102235550,3666766.23
2022-02-10,BANKNIFTY,120745834,3018645850,11770120.73
2022-02-10,FINNIFTY,1657,66280,117.59
2022-02-10,NIFTY,71971466,3598573300,6318545.66
2022-02-11,BANKNIFTY,27522867,688071675,2667767.91
2022-02-11,FINNIFTY,5402,216080,378.68
2022-02-11,NIFTY,27956835,1397841750,2443784.80
2022-02-14,BANKNIFTY,37647272,941181800,3538021.66
2022-02-14,FINNIFTY,10402,416080,718.40
2022-02-14,NIFTY,34208291,1710414550,2933863.30
2022-02-15,BANKNIFTY,57435153,1435878825,5400208.42
2022-02-15,FINNIFTY,102920,4116800,7136.06
2022-02-15,MIDCPNIFTY,40,3000,2.15
2022-02-15,NIFTY,51089416,2554470800,4390803.22
2022-02-16,BANKNIFTY,73729285,1843232125,7033818.96
2022-02-16,FINNIFTY,682,27280,48.11
2022-02-16,NIFTY,63140315,3157015750,5490694.81
2022-02-17,BANKNIFTY,132463507,3311587675,12538527.36
2022-02-17,FINNIFTY,773,30920,54.88
2022-02-17,NIFTY,85152688,4257634400,7391535.99
2022-02-18,BANKNIFTY,25496552,637413800,2402053.68
2022-02-18,FINNIFTY,3647,145880,256.60
2022-02-18,MIDCPNIFTY,5,375,0.27
2022-02-18,NIFTY,21186447,1059322350,1841620.09
2022-02-21,BANKNIFTY,38633655,965841375,3649169.77
2022-02-21,FINNIFTY,10843,433720,753.77
2022-02-21,MIDCPNIFTY,11,825,0.62
2022-02-21,NIFTY,32525214,1626260700,2817156.17
2022-02-22,BANKNIFTY,42028442,1050711050,3932313.06
2022-02-22,FINNIFTY,111138,4445520,7717.00
2022-02-22,MIDCPNIFTY,95,7125,5.15
2022-02-22,NIFTY,41393027,2069651350,3542169.26
2022-02-23,BANKNIFTY,50211710,1255292750,4724360.00
2022-02-23,FINNIFTY,134,5360,9.04
2022-02-23,NIFTY,43705991,2185299550,3756504.49
2022-02-24,BANKNIFTY,117478200,2936955000,10636933.61
2022-02-24,FINNIFTY,451,18040,31.77
2022-02-24,NIFTY,97433714,4871685700,8110229.50
2022-02-25,BANKNIFTY,29193519,729837975,2671778.04
2022-02-25,FINNIFTY,4152,166080,280.22
2022-02-25,NIFTY,25503440,1275172000,2144105.36
2022-02-28,BANKNIFTY,33750066,843751650,3070596.17
2022-02-28,FINNIFTY,87260,3490400,5888.52
2022-02-28,MIDCPNIFTY,27,2025,1.40
2022-02-28,NIFTY,35056583,1752829150,2939606.33
2022-03-02,BANKNIFTY,48601860,1215046500,4339055.65
2022-03-02,FINNIFTY,373,14920,24.80
2022-03-02,NIFTY,46336978,2316848900,3867064.57
2022-03-03,BANKNIFTY,137748460,3443711500,12172344.52
2022-03-03,FINNIFTY,562,22480,37.89
2022-03-03,NIFTY,85510210,4275510500,7115938.90
2022-03-04,BANKNIFTY,30645133,766128325,2702254.61
2022-03-04,FINNIFTY,3896,155840,258.62
2022-03-04,NIFTY,27707825,1385391250,2296757.51
2022-03-07,BANKNIFTY,31045667,776141675,2645770.82
2022-03-07,FINNIFTY,11564,462560,734.18
2022-03-07,NIFTY,28669811,1433490550,2330396.88
2022-03-08,BANKNIFTY,42685818,1067145450,3567315.47
2022-03-08,FINNIFTY,166065,6642600,10246.26
2022-03-08,MIDCPNIFTY,10,750,0.53
2022-03-08,NIFTY,37789899,1889494950,3041004.44
2022-03-09,BANKNIFTY,55101818,1377545450,4646743.40
2022-03-09,FINNIFTY,765,30600,48.40
2022-03-09,NIFTY,48928261,2446413050,3983682.36
2022-03-10,BANKNIFTY,156085368,3902134200,13624814.91
2022-03-10,FINNIFTY,925,37000,60.43
2022-03-10,NIFTY,101894703,5094735150,8486147.45
2022-03-11,BANKNIFTY,28441272,711031800,2485768.71
2022-03-11,FINNIFTY,3724,148960,248.21
2022-03-11,NIFTY,22390751,1119537550,1871627.27
2022-03-14,BANKNIFTY,29860223,746505575,2630481.42
2022-03-14,FINNIFTY,10414,416560,692.60
2022-03-14,NIFTY,25357714,1267885700,2131506.56
2022-03-15,BANKNIFTY,42787339,1069683475,3792818.88
2022-03-15,FINNIFTY,211994,8479760,13982.19
2022-03-15,MIDCPNIFTY,16,1200,0.90
2022-03-15,NIFTY,38852618,1942630900,3274287.37
2022-03-16,BANKNIFTY,40989714,1024742850,3658297.75
2022-03-16,FINNIFTY,513,20520,34.04
2022-03-16,NIFTY,42940231,2147011550,3637057.34
2022-03-17,BANKNIFTY,101582569,2539564225,9242300.91
2022-03-17,FINNIFTY,1356,54240,94.62
2022-03-17,NIFTY,82989137,4149456850,7149495.12
2022-03-21,BANKNIFTY,25603934,640098350,2341715.49
2022-03-21,FINNIFTY,13055,522200,899.64
2022-03-21,NIFTY,26608696,1330434800,2304740.03
2022-03-22,BANKNIFTY,42080181,1052004525,3816760.12
2022-03-22,FINNIFTY,302337,12093480,20565.45
2022-03-22,MIDCPNIFTY,22,1650,1.16
2022-03-22,NIFTY,38769034,1938451700,3355886.48
2022-03-23,BANKNIFTY,57948479,1448711975,5309540.62
2022-03-23,FINNIFTY,1165,46600,81.52
2022-03-23,NIFTY,53986837,2699341850,4685915.06
2022-03-24,BANKNIFTY,125352099,3133802475,11251047.16
2022-03-24,FINNIFTY,1607,64280,112.08
2022-03-24,NIFTY,85749868,4287493400,7400913.16
2022-03-25,BANKNIFTY,21689858,542246450,1949243.93
2022-03-25,FINNIFTY,5812,232480,402.62
2022-03-25,NIFTY,20461466,1023073300,1773148.42
2022-03-28,BANKNIFTY,30472864,761821600,2732266.64
2022-03-28,FINNIFTY,19840,793600,1349.56
2022-03-28,NIFTY,30707399,1535369950,2651411.94
2022-03-29,BANKNIFTY,35900602,897515050,3237217.47
2022-03-29,FINNIFTY,218221,8728840,14695.51
2022-03-29,MIDCPNIFTY,18,1350,1.03
2022-03-29,NIFTY,31973802,1598690100,2769414.54
2022-03-30,BANKNIFTY,42377023,1059425575,3849200.20
2022-03-30,FINNIFTY,333,13320,22.99
2022-03-30,MIDCPNIFTY,3,225,0.16
2022-03-30,NIFTY,40501746,2025087300,3535392.24
2022-03-31,BANKNIFTY,100465284,2511632100,9155313.26
2022-03-31,FINNIFTY,798,31920,55.89
2022-03-31,NIFTY,70014663,3500733150,6129003.65
2022-04-01,BANKNIFTY,23662753,591568825,2182804.07
2022-04-01,FINNIFTY,9278,371120,645.23
2022-04-01,NIFTY,19208706,960435300,1688531.04
2022-04-04,BANKNIFTY,45946340,1148658500,4395762.74
2022-04-04,FINNIFTY,38628,1545120,2815.22
2022-04-04,MIDCPNIFTY,3,225,0.15
2022-04-04,NIFTY,40311209,2015560450,3616083.75
2022-04-05,BANKNIFTY,50040367,1251009175,4809334.58
2022-04-05,FINNIFTY,407793,16311720,29535.35
2022-04-05,MIDCPNIFTY,25,1875,1.50
2022-04-05,NIFTY,37460909,1873045450,3385327.87
2022-04-06,BANKNIFTY,60842510,1521062750,5768267.22
2022-04-06,FINNIFTY,1554,62160,113.85
2022-04-06,NIFTY,47150676,2357533800,4227099.85
2022-04-07,BANKNIFTY,144714522,3617863050,13655868.50
2022-04-07,FINNIFTY,3236,129440,235.17
2022-04-07,NIFTY,78113698,3905684900,6941797.31
2022-04-08,BANKNIFTY,33056425,826410625,3140053.46
2022-04-08,FINNIFTY,15234,609360,1086.69
2022-04-08,NIFTY,31047379,1552368950,2770705.22
2022-04-11,BANKNIFTY,38633238,965830950,3669650.97
2022-04-11,FINNIFTY,41376,1655040,2948.54
2022-04-11,NIFTY,37310729,1865536450,3327402.17
2022-04-12,BANKNIFTY,63619613,1590490325,5997220.98
2022-04-12,FINNIFTY,318580,12743200,22392.51
2022-04-12,MIDCPNIFTY,64,4800,3.84
2022-04-12,NIFTY,56568396,2828419800,4993451.06
2022-04-13,BANKNIFTY,116092327,2902308175,10974378.16
2022-04-13,FINNIFTY,706,28240,50.33
2022-04-13,NIFTY,83178850,4158942500,7322389.94
2022-04-18,BANKNIFTY,34651354,866283850,3220882.26
2022-04-18,FINNIFTY,25351,1014040,1755.52
2022-04-18,MIDCPNIFTY,2,150,0.08
2022-04-18,NIFTY,30977916,1548895800,2691309.42
2022-04-19,BANKNIFTY,57804217,1445105425,5358206.36
2022-04-19,FINNIFTY,517038,20681520,35141.63
2022-04-19,MIDCPNIFTY,41,3075,2.35
2022-04-19,NIFTY,46830627,2341531350,4048754.26
2022-04-20,BANKNIFTY,70897024,1772425600,6489167.39
2022-04-20,FINNIFTY,1303,52120,89.29
2022-04-20,NIFTY,57706606,2885330300,4954174.47
2022-04-21,BANKNIFTY,121322153,3033053825,11134630.45
2022-04-21,FINNIFTY,2331,93240,161.77
2022-04-21,NIFTY,81467330,4073366500,7058851.07
2022-04-22,BANKNIFTY,27978301,699457525,2569973.22
2022-04-22,FINNIFTY,8566,342640,586.79
2022-04-22,NIFTY,28736346,1436817300,2493060.74
2022-04-25,BANKNIFTY,40247726,1006193150,3653037.01
2022-04-25,FINNIFTY,28317,1132680,1903.31
2022-04-25,NIFTY,34945758,1747287900,2995719.88
2022-04-26,BANKNIFTY,41108508,1027712700,3763827.46
2022-04-26,FINNIFTY,486902,19476080,32759.22
2022-04-26,MIDCPNIFTY,58,4350,3.28
2022-04-26,NIFTY,39073458,1953672900,3360926.62
2022-04-27,BANKNIFTY,54654701,1366367525,4960350.28
2022-04-27,FINNIFTY,518,20720,35.61
2022-04-27,NIFTY,51951534,2597576700,4451248.11
2022-04-28,BANKNIFTY,122000718,3050017950,11075693.98
2022-04-28,FINNIFTY,2014,80560,138.06
2022-04-28,NIFTY,89301736,4465086800,7684007.21
2022-04-29,BANKNIFTY,32535635,813390875,2990727.35
2022-04-29,FINNIFTY,26546,1061840,1805.14
2022-04-29,NIFTY,35000367,1750018350,3043191.71
2022-05-02,BANKNIFTY,35777898,894447450,3248670.61
2022-05-02,FINNIFTY,448416,17936640,29809.89
2022-05-02,MIDCPNIFTY,10,750,0.60
2022-05-02,NIFTY,34883217,1744160850,2994986.50
2022-05-04,BANKNIFTY,68394935,1709873375,6179698.47
2022-05-04,FINNIFTY,1271,50840,85.98
2022-05-04,NIFTY,72551849,3627592450,6186643.43
2022-05-05,BANKNIFTY,148542909,3713572725,13253982.47
2022-05-05,FINNIFTY,3435,137400,231.52
2022-05-05,NIFTY,112758869,5637943450,9515297.01
2022-05-06,BANKNIFTY,34907874,872696850,3054945.87
2022-05-06,FINNIFTY,12722,508880,833.92
2022-05-06,MIDCPNIFTY,11,825,0.65
2022-05-06,NIFTY,33272547,1663627350,2777205.68
2022-05-09,BANKNIFTY,42788876,1069721900,3704016.24
2022-05-09,FINNIFTY,47579,1903160,3048.24
2022-05-09,MIDCPNIFTY,46,3450,2.70
2022-05-09,NIFTY,44299445,2214972250,3652482.56
2022-05-10,BANKNIFTY,45664275,1141606875,3961728.30
2022-05-10,FINNIFTY,652329,26093160,41664.24
2022-05-10,MIDCPNIFTY,12,900,0.72
2022-05-10,NIFTY,45171314,2258565700,3715033.85
2022-05-11,BANKNIFTY,65939130,1648478250,5718425.55
2022-05-11,FINNIFTY,1052,42080,69.55
2022-05-11,NIFTY,71077150,3553857500,5797895.01
2022-05-12,BANKNIFTY,140809563,3520239075,11958239.21
2022-05-12,FINNIFTY,1101,44040,71.97
2022-05-12,NIFTY,106496664,5324833200,8519436.13
2022-05-13,BANKNIFTY,37326625,933165625,3182264.96
2022-05-13,FINNIFTY,14610,584400,933.06
2022-05-13,NIFTY,36629226,1831461300,2958119.67
2022-05-16,BANKNIFTY,43022090,1075552250,3636749.02
2022-05-16,FINNIFTY,45232,1809280,2835.64
2022-05-16,NIFTY,35660689,1783034450,2862440.78
2022-05-17,BANKNIFTY,47172077,1179301925,4022783.57
2022-05-17,FINNIFTY,555421,22216840,34914.43
2022-05-17,MIDCPNIFTY,21,1575,1.18
2022-05-17,NIFTY,50142409,2507120450,4047153.34
2022-05-18,BANKNIFTY,62241908,1556047700,5362967.90
2022-05-18,FINNIFTY,2621,104840,171.48
2022-05-18,NIFTY,68620713,3431035650,5595167.48
2022-05-19,BANKNIFTY,117796869,2944921725,9871924.89
2022-05-19,FINNIFTY,2748,109920,177.52
2022-05-19,NIFTY,90856507,4542825350,7260592.05
2022-05-20,BANKNIFTY,28805203,720130075,2469688.37
2022-05-20,FINNIFTY,15323,612920,988.46
2022-05-20,NIFTY,30669593,1533479650,2499610.34
2022-05-23,BANKNIFTY,38443563,961089075,3330984.55
2022-05-23,FINNIFTY,48238,1929520,3092.71
2022-05-23,NIFTY,37848222,1892411100,3092427.55
2022-05-24,BANKNIFTY,45559913,1138997825,3929185.93
2022-05-24,FINNIFTY,683986,27359440,43327.27
2022-05-24,MIDCPNIFTY,2,150,0.11
2022-05-24,NIFTY,45894975,2294748750,3736593.08
2022-05-25,BANKNIFTY,50864722,1271618050,4402539.61
2022-05-25,FINNIFTY,1550,62000,100.60
2022-05-25,NIFTY,57540247,2877012350,4661800.54
2022-05-26,BANKNIFTY,142305501,3557637525,12376787.46
2022-05-26,FINNIFTY,1426,57040,92.58
2022-05-26,NIFTY,121189065,6059453250,9755620.31
2022-05-27,BANKNIFTY,26458524,661463100,2357047.86
2022-05-27,FINNIFTY,13997,559880,915.33
2022-05-27,NIFTY,27750703,1387535150,2271805.93
2022-05-30,BANKNIFTY,30081060,752026500,2704061.75
2022-05-30,FINNIFTY,45342,1813680,3008.84
2022-05-30,NIFTY,34739974,1736998700,2882697.09
2022-05-31,BANKNIFTY,42805079,1070126975,3836514.88
2022-05-31,FINNIFTY,830090,33203600,55034.19
2022-05-31,MIDCPNIFTY,8,600,0.43
2022-05-31,NIFTY,48921006,2446050300,4076707.93
2022-06-01,BANKNIFTY,62699478,1567486950,5599402.93
2022-06-01,FINNIFTY,870,34800,58.44
2022-06-01,NIFTY,61696767,3084838350,5123979.95
2022-06-02,BANKNIFTY,130803907,3270097675,11657176.28
2022-06-02,FINNIFTY,1702,68080,114.46
2022-06-02,NIFTY,102145331,5107266550,8463696.85
2022-06-03,BANKNIFTY,29993411,749835275,2699835.42
2022-06-03,FINNIFTY,21914,876560,1470.24
2022-06-03,NIFTY,27700369,1385018450,2325924.22
2022-06-06,BANKNIFTY,33508207,837705175,2988209.85
2022-06-06,FINNIFTY,59542,2381680,3920.63
2022-06-06,NIFTY,33733275,1686663750,2813235.65
2022-06-07,BANKNIFTY,34925080,873127000,3093326.87
2022-06-07,FINNIFTY,1069971,42798840,69263.25
2022-06-07,MIDCPNIFTY,10,750,0.51
2022-06-07,NIFTY,38441751,1922087550,3184721.80
2022-06-08,BANKNIFTY,67598863,1689971575,5969720.03
2022-06-08,FINNIFTY,3332,133280,221.27
2022-06-08,NIFTY,70809317,3540465850,5840159.32
2022-06-09,BANKNIFTY,127842242,3196056050,11179189.72
2022-06-09,FINNIFTY,6015,240600,398.04
2022-06-09,NIFTY,104625964,5231298200,8577535.68
2022-06-10,BANKNIFTY,22466136,561653400,1966095.17
2022-06-10,FINNIFTY,22316,892640,1450.87
2022-06-10,NIFTY,27250549,1362527450,2237344.40
2022-06-13,BANKNIFTY,32175133,804378325,2735146.24
2022-06-13,FINNIFTY,71635,2865400,4477.68
2022-06-13,NIFTY,40350693,2017534650,3243689.81
2022-06-14,BANKNIFTY,45461540,1136538500,3838680.66
2022-06-14,FINNIFTY,1539997,61599880,94542.24
2022-06-14,MIDCPNIFTY,15,1125,0.80
2022-06-14,NIFTY,51608169,2580408450,4112772.10
2022-06-15,BANKNIFTY,45672920,1141823000,3845037.51
2022-06-15,FINNIFTY,5111,204440,322.32
2022-06-15,NIFTY,49005953,2450297650,3893368.56
2022-06-16,BANKNIFTY,157221846,3930546150,13065219.42
2022-06-16,FINNIFTY,7528,301120,474.18
2022-06-16,NIFTY,150257114,7512855700,11768586.58
2022-06-17,BANKNIFTY,33776026,844400650,2781106.09
2022-06-17,FINNIFTY,28508,1140320,1745.52
2022-06-17,NIFTY,38922749,1946137450,3024730.45
2022-06-20,BANKNIFTY,38466325,961658125,3173807.58
2022-06-20,FINNIFTY,116534,4661360,7095.23
2022-06-20,NIFTY,42116277,2105813850,3260567.43
2022-06-21,BANKNIFTY,53835033,1345875825,4480895.40
2022-06-21,FINNIFTY,1646018,65840720,101803.56
2022-06-21,MIDCPNIFTY,30,2250,1.58
2022-06-21,NIFTY,58447919,2922395950,4568085.21
2022-06-22,BANKNIFTY,63852872,1596321800,5277308.25
2022-06-22,FINNIFTY,3438,137520,214.43
2022-06-22,NIFTY,68371733,3418586650,5313338.94
2022-06-23,BANKNIFTY,184027923,4600698075,15247260.26
2022-06-23,FINNIFTY,4722,188880,294.99
2022-06-23,NIFTY,146531030,7326551500,11388430.99
2022-06-24,BANKNIFTY,28266451,706661275,2386235.01
2022-06-24,FINNIFTY,35209,1408360,2227.25
2022-06-24,NIFTY,30628098,1531404900,2420361.03
2022-06-27,BANKNIFTY,36812099,920302475,3141344.74
2022-06-27,FINNIFTY,167446,6697840,10580.84
2022-06-27,NIFTY,38058907,1902945350,3032391.34
2022-06-28,BANKNIFTY,41878497,1046962425,3544985.06
2022-06-28,FINNIFTY,2363378,94535120,147274.32
2022-06-28,MIDCPNIFTY,65,4875,3.26
2022-06-28,NIFTY,44989387,2249469350,3570353.29
2022-06-29,BANKNIFTY,47452956,1186323900,3987132.59
2022-06-29,FINNIFTY,3163,126520,200.23
2022-06-29,NIFTY,60354962,3017748100,4780528.53
2022-06-30,BANKNIFTY,133924348,3348108700,11232677.80
2022-06-30,FINNIFTY,4990,199600,314.65
2022-06-30,NIFTY,112545269,5627263450,8908536.75
2022-07-01,BANKNIFTY,26605434,665135850,2231391.56
2022-07-01,FINNIFTY,45750,1830000,2853.16
2022-07-01,NIFTY,37460612,1873030600,2951377.42
2022-07-04,BANKNIFTY,34860521,871513025,2946315.13
2022-07-04,FINNIFTY,228821,9152840,14366.65
2022-07-04,NIFTY,36668031,1833401550,2898070.17
2022-07-05,BANKNIFTY,49777243,1244431075,4253199.73
2022-07-05,FINNIFTY,3222489,128899560,204668.50
2022-07-05,MIDCPNIFTY,21,1575,1.10
2022-07-05,NIFTY,57140200,2857010000,4557420.90
2022-07-06,BANKNIFTY,70211882,1755297050,5998248.34
2022-07-06,FINNIFTY,12878,515120,832.35
2022-07-06,NIFTY,82132708,4106635400,6542012.98
2022-07-07,BANKNIFTY,143021389,3575534725,12406427.72
2022-07-07,FINNIFTY,14875,595000,966.71
2022-07-07,NIFTY,109757970,5487898500,8824305.66
2022-07-08,BANKNIFTY,24931177,623279425,2193118.88
2022-07-08,FINNIFTY,62789,2511560,4090.04
2022-07-08,NIFTY,26513720,1325686000,2152040.55
2022-07-11,BANKNIFTY,37083387,927084675,3272275.09
2022-07-11,FINNIFTY,322264,12890560,21005.79
2022-07-11,NIFTY,35811725,1790586250,2905270.95
2022-07-12,BANKNIFTY,44031639,1100790975,3895560.75
2022-07-12,FINNIFTY,4350446,174017840,283292.29
2022-07-12,MIDCPNIFTY,48,3600,2.39
2022-07-12,NIFTY,41746796,2087339800,3379192.42
2022-07-13,BANKNIFTY,65744792,1643619800,5787855.38
2022-07-13,FINNIFTY,8994,359760,586.95
2022-07-13,NIFTY,59548603,2977430150,4800712.82
2022-07-14,BANKNIFTY,145314086,3632852150,12665740.63
2022-07-14,FINNIFTY,11447,457880,743.64
2022-07-14,NIFTY,116343821,5817191050,9311336.48
2022-07-15,BANKNIFTY,30437326,760933150,2653830.34
2022-07-15,FINNIFTY,82044,3281760,5287.55
2022-07-15,NIFTY,30611063,1530553150,2455607.09
2022-07-18,BANKNIFTY,41995367,1049884175,3686704.77
2022-07-18,FINNIFTY,447027,17881080,29045.98
2022-07-18,NIFTY,35003612,1750180600,2834067.30
2022-07-19,BANKNIFTY,67785182,1694629550,6015939.17
2022-07-19,FINNIFTY,6198239,247929560,406160.82
2022-07-19,MIDCPNIFTY,34,2550,1.79
2022-07-19,NIFTY,46819838,2340991900,3815839.20
2022-07-20,BANKNIFTY,75342657,1883566425,6782016.98
2022-07-20,FINNIFTY,16213,648520,1090.48
2022-07-20,NIFTY,54721121,2736056050,4510862.51
2022-07-21,BANKNIFTY,162364639,4059115975,14668231.57
2022-07-21,FINNIFTY,19091,763640,1281.10
2022-07-21,NIFTY,102027628,5101381400,8439695.82
2022-07-22,BANKNIFTY,37570138,939253450,3445685.86
2022-07-22,FINNIFTY,140651,5626040,9450.49
2022-07-22,MIDCPNIFTY,3,225,0.15
2022-07-22,NIFTY,30773802,1538690100,2571882.32
2022-07-25,BANKNIFTY,51203381,1280084525,4712448.11
2022-07-25,FINNIFTY,594324,23772960,40020.69
2022-07-25,NIFTY,35587611,1779380550,2970474.16
2022-07-26,BANKNIFTY,52694202,1317355050,4825889.92
2022-07-26,FINNIFTY,6421247,256849880,431327.66
2022-07-26,MIDCPNIFTY,14,1050,0.78
2022-07-26,NIFTY,38745066,1937253300,3222584.36
2022-07-27,BANKNIFTY,64036443,1600911075,5867139.01
2022-07-27,FINNIFTY,5604,224160,383.14
2022-07-27,NIFTY,52386542,2619327100,4345678.77
2022-07-28,BANKNIFTY,142570280,3564257000,13266287.44
2022-07-28,FINNIFTY,13436,537440,925.01
2022-07-28,NIFTY,110239243,5511962150,9276223.30
2022-07-29,BANKNIFTY,37849598,946239950,3560094.62
2022-07-29,FINNIFTY,144695,5787800,10076.37
2022-07-29,NIFTY,36433311,1821665550,3120621.72
2022-08-01,BANKNIFTY,39865202,996630050,3759086.12
2022-08-01,FINNIFTY,603993,24159720,42200.56
2022-08-01,NIFTY,37026474,1851323700,3193513.13
2022-08-02,BANKNIFTY,62134071,1553351775,5892059.67
2022-08-02,FINNIFTY,8404497,336179880,588558.96
2022-08-02,MIDCPNIFTY,8,600,0.45
2022-08-02,NIFTY,51664460,2583223000,4474359.78
2022-08-03,BANKNIFTY,70386064,1759651600,6678482.55
2022-08-03,FINNIFTY,13856,554240,984.92
2022-08-03,NIFTY,65217640,3260882000,5646289.55
2022-08-04,BANKNIFTY,190695364,4767384100,18028147.28
2022-08-04,FINNIFTY,34734,1389360,2438.62
2022-08-04,NIFTY,148169548,7408477400,12856277.40
2022-08-05,BANKNIFTY,41741816,1043545400,3972888.33
2022-08-05,FINNIFTY,578030,23121200,40436.95
2022-08-05,NIFTY,35550867,1777543350,3106657.31
2022-08-08,BANKNIFTY,46543705,1163592625,4436370.52
2022-08-08,FINNIFTY,7919226,316769040,558639.11
2022-08-08,MIDCPNIFTY,3,225,0.17
2022-08-08,NIFTY,40405513,2020275650,3535149.08
2022-08-10,BANKNIFTY,60922642,1523066050,5835355.23
2022-08-10,FINNIFTY,18862,754480,1340.78
2022-08-10,NIFTY,55169916,2758495800,4831711.59
2022-08-11,BANKNIFTY,128226854,3205671350,12420751.52
2022-08-11,FINNIFTY,50172,2006880,3584.06
2022-08-11,MIDCPNIFTY,1,75,0.05
2022-08-11,NIFTY,94870598,4743529900,8366640.10
2022-08-12,BANKNIFTY,31475342,786883550,3068420.86
2022-08-12,FINNIFTY,580075,23203000,41719.46
2022-08-12,NIFTY,28507052,1425352600,2524479.04
2022-08-16,BANKNIFTY,42596387,1064909675,4180055.11
2022-08-16,FINNIFTY,7014889,280595560,510252.95
2022-08-16,MIDCPNIFTY,11,825,0.70
2022-08-16,NIFTY,32841853,1642092650,2918888.62
2022-08-17,BANKNIFTY,54193571,1354839275,5331692.35
2022-08-17,FINNIFTY,38053,1522120,2795.15
2022-08-17,NIFTY,44643448,2232172400,3989917.04
2022-08-18,BANKNIFTY,160282286,4007057150,15817417.30
2022-08-18,FINNIFTY,52952,2118080,3884.35
2022-08-18,NIFTY,110007212,5500360600,9849661.70
2022-08-19,BANKNIFTY,53148724,1328718100,5241051.61
2022-08-19,FINNIFTY,348974,13958960,25548.91
2022-08-19,NIFTY,45276389,2263819450,4056090.05
2022-08-22,BANKNIFTY,48517423,1212935575,4711284.95
2022-08-22,FINNIFTY,1226636,49065440,88059.58
2022-08-22,NIFTY,43477075,2173853750,3859139.73
2022-08-23,BANKNIFTY,70603147,1765078675,6816564.01
2022-08-23,FINNIFTY,10790717,431628680,769729.45
2022-08-23,MIDCPNIFTY,26,1950,1.66
2022-08-23,NIFTY,68073889,3403694450,5987970.60
2022-08-24,BANKNIFTY,79807198,1995179950,7767462.58
2022-08-24,FINNIFTY,27144,1085760,1964.82
2022-08-24,NIFTY,65513954,3275697700,5773513.38
2022-08-25,BANKNIFTY,181176709,4529417725,17799768.88
2022-08-25,FINNIFTY,59273,2370920,4304.73
2022-08-25,MIDCPNIFTY,1,75,0.06
2022-08-25,NIFTY,114353884,5717694200,10108159.01
2022-08-26,BANKNIFTY,49190943,1229773575,4842146.10
2022-08-26,FINNIFTY,363413,14536520,26258.42
2022-08-26,NIFTY,35652297,1782614850,3156809.80
2022-08-29,BANKNIFTY,48394168,1209854200,4666868.05
2022-08-29,FINNIFTY,1208882,48355280,85422.77
2022-08-29,MIDCPNIFTY,1,75,0.06
2022-08-29,NIFTY,49292576,2464628800,4305330.39
2022-08-30,BANKNIFTY,77326281,1933157025,7550035.49
2022-08-30,FINNIFTY,12099203,483968120,870745.43
2022-08-30,MIDCPNIFTY,11,825,0.66
2022-08-30,NIFTY,67608551,3380427550,5950926.25
2022-09-01,BANKNIFTY,204264178,5106604450,20101567.65
2022-09-01,FINNIFTY,99493,3979720,7290.29
2022-09-01,MIDCPNIFTY,4,300,0.24
2022-09-01,NIFTY,124678277,6233913850,10970163.15
2022-09-02,BANKNIFTY,41707958,1042698950,4130546.96
2022-09-02,FINNIFTY,452165,18086600,32737.02
2022-09-02,MIDCPNIFTY,4,300,0.24
2022-09-02,NIFTY,35053783,1752689150,3096930.09
2022-09-05,BANKNIFTY,44093825,1102345625,4384558.42
2022-09-05,FINNIFTY,1572685,62907400,114914.46
2022-09-05,NIFTY,33250928,1662546400,2938133.70
2022-09-06,BANKNIFTY,65196729,1629918225,6511432.71
2022-09-06,FINNIFTY,18915715,756628600,1381784.02
2022-09-06,MIDCPNIFTY,140,10500,8.39
2022-09-06,NIFTY,45350918,2267545900,4012534.01
2022-09-07,BANKNIFTY,68467011,1711675275,6796316.79
2022-09-07,FINNIFTY,111000,4440000,8133.90
2022-09-07,NIFTY,57202792,2860139600,5050707.11
2022-09-08,BANKNIFTY,169252902,4231322550,16927271.35
2022-09-08,FINNIFTY,119752,4790080,8825.08
2022-09-08,MIDCPNIFTY,1,75,0.06
2022-09-08,NIFTY,98843881,4942194050,8764099.93
2022-09-09,BANKNIFTY,38045400,951135000,3861853.69
2022-09-09,FINNIFTY,688720,27548800,50815.23
2022-09-09,MIDCPNIFTY,1,75,0.06
2022-09-09,NIFTY,30013331,1500666550,2689106.28
2022-09-12,BANKNIFTY,34036807,850920175,3456253.77
2022-09-12,FINNIFTY,1707632,68305280,126231.43
2022-09-12,NIFTY,30103427,1505171350,2701734.29
2022-09-13,BANKNIFTY,35559998,888999950,3616682.03
2022-09-13,FINNIFTY,17370286,694811440,1292469.29
2022-09-13,MIDCPNIFTY,91,6825,5.97
2022-09-13,NIFTY,30506848,1525342400,2750035.30
2022-09-14,BANKNIFTY,103025952,2575648800,10577874.16
2022-09-14,FINNIFTY,119356,4774240,8936.44
2022-09-14,NIFTY,63639800,3181990000,5731023.03
2022-09-15,BANKNIFTY,225698433,5642460825,23361283.66
2022-09-15,FINNIFTY,185575,7423000,13894.65
2022-09-15,NIFTY,115817390,5790869500,10410681.58
2022-09-16,BANKNIFTY,47829926,1195748150,4911724.96
2022-09-16,FINNIFTY,1067472,42698880,78510.00
2022-09-16,NIFTY,43643683,2182184150,3893864.47
2022-09-19,BANKNIFTY,49611727,1240293175,5101271.51
2022-09-19,FINNIFTY,3396063,135842520,250641.29
2022-09-19,MIDCPNIFTY,1,75,0.06
2022-09-19,NIFTY,40249735,2012486750,3570370.27
2022-09-20,BANKNIFTY,48161435,1204035875,5000109.18
2022-09-20,FINNIFTY,25340868,1013634720,1903179.11
2022-09-20,MIDCPNIFTY,131,9825,8.11
2022-09-20,NIFTY,42254967,2112748350,3771434.26
2022-09-21,BANKNIFTY,71425554,1785638850,7385773.15
2022-09-21,FINNIFTY,75006,3000240,5609.88
2022-09-21,NIFTY,56730026,2836501300,5045582.99
2022-09-22,BANKNIFTY,213741842,5343546050,21861294.60
2022-09-22,FINNIFTY,147438,5897520,10928.27
2022-09-22,NIFTY,122195125,6109756250,10805460.88
2022-09-23,BANKNIFTY,51023298,1275582450,5136941.19
2022-09-23,FINNIFTY,1295265,51810600,94274.20
2022-09-23,MIDCPNIFTY,2,150,0.06
2022-09-23,NIFTY,37517755,1875887750,3310184.84
2022-09-26,BANKNIFTY,60497014,1512425350,5950807.55
2022-09-26,FINNIFTY,4064591,162583640,288937.10
2022-09-26,NIFTY,48093467,2404673350,4166690.55
2022-09-27,BANKNIFTY,69088302,1727207550,6746954.33
2022-09-27,FINNIFTY,28495638,1139825520,2004026.04
2022-09-27,MIDCPNIFTY,221,16575,13.27
2022-09-27,NIFTY,51747986,2587399300,4456919.17
2022-09-28,BANKNIFTY,94980538,2374513450,9150195.13
2022-09-28,FINNIFTY,97505,3900200,6810.85
2022-09-28,NIFTY,61985049,3099252450,5295666.72
2022-09-29,BANKNIFTY,203884225,5097105625,19383004.58
2022-09-29,FINNIFTY,153038,6121520,10696.93
2022-09-29,NIFTY,110878858,5543942900,9406457.54
2022-09-30,BANKNIFTY,56839194,1420979850,5467743.17
2022-09-30,FINNIFTY,1435376,57415040,99986.18
2022-09-30,NIFTY,42937641,2146882050,3664315.56
2022-10-03,BANKNIFTY,52169441,1304236025,5037134.84
2022-10-03,FINNIFTY,3769548,150781920,262653.47
2022-10-03,NIFTY,49801782,2490089100,4257511.53
2022-10-04,BANKNIFTY,64724607,1618115175,6313179.78
2022-10-04,FINNIFTY,25087145,1003485800,1776745.04
2022-10-04,MIDCPNIFTY,432,32400,27.52
2022-10-04,NIFTY,51208744,2560437200,4412865.49
2022-10-06,BANKNIFTY,174684512,4367112800,17221517.35
2022-10-06,FINNIFTY,205409,8216360,14810.37
2022-10-06,NIFTY,109315919,5465795950,9490861.57
2022-10-07,BANKNIFTY,39117672,977941800,3837692.86
2022-10-07,FINNIFTY,1333048,53321920,94539.43
2022-10-07,NIFTY,33086174,1654308700,2879258.47
2022-10-10,BANKNIFTY,63401043,1585026075,6206161.39
2022-10-10,FINNIFTY,5716748,228669920,403246.25
2022-10-10,NIFTY,51495905,2574795250,4451119.41
2022-10-11,BANKNIFTY,63996460,1599911500,6279566.62
2022-10-11,FINNIFTY,34630478,1385219120,2438084.63
2022-10-11,MIDCPNIFTY,370,27750,23.12
2022-10-11,NIFTY,53224398,2661219900,4590325.16
2022-10-12,BANKNIFTY,78716900,1967922500,7679729.11
2022-10-12,FINNIFTY,146268,5850720,10324.85
2022-10-12,NIFTY,72606443,3630322150,6224425.85
2022-10-13,BANKNIFTY,214620468,5365511700,20844099.30
2022-10-13,FINNIFTY,220490,8819600,15524.56
2022-10-13,NIFTY,117036568,5851828400,9992379.74
2022-10-14,BANKNIFTY,43641436,1091035900,4316986.11
2022-10-14,FINNIFTY,1626092,65043680,115457.43
2022-10-14,NIFTY,39123522,1956176100,3392129.30
2022-10-17,BANKNIFTY,59883273,1497081825,5946549.95
2022-10-17,FINNIFTY,6046499,241859960,431271.77
2022-10-17,NIFTY,44312946,2215647300,3835594.58
2022-10-18,BANKNIFTY,55458462,1386461550,5575237.58
2022-10-18,FINNIFTY,34329942,1373197680,2475995.36
2022-10-18,MIDCPNIFTY,480,36000,30.56
2022-10-18,NIFTY,46282970,2314148500,4040174.56
2022-10-19,BANKNIFTY,88907445,2222686125,8990269.13
2022-10-19,FINNIFTY,313132,12525280,22761.92
2022-10-19,NIFTY,62012617,3100630850,5432435.01
2022-10-20,BANKNIFTY,196574727,4914368175,19708581.24
2022-10-20,FINNIFTY,278250,11130000,20097.98
2022-10-20,NIFTY,111133166,5556658300,9717500.33
2022-10-21,BANKNIFTY,54889078,1372226950,5598645.04
2022-10-21,FINNIFTY,2593185,103727400,188909.57
2022-10-21,NIFTY,34394906,1719745300,3028669.47
2022-10-25,BANKNIFTY,69324363,1733109075,7157214.98
2022-10-25,FINNIFTY,34733065,1389322600,2553469.39
2022-10-25,MIDCPNIFTY,644,48300,40.35
2022-10-25,NIFTY,43755315,2187765750,3877666.79
2022-10-27,BANKNIFTY,171795005,4294875125,17761122.79
2022-10-27,FINNIFTY,202974,8118960,14951.76
2022-10-27,NIFTY,98939719,4946985950,8777132.88
2022-10-31,BANKNIFTY,41812991,1045324775,4321435.33
2022-10-31,FINNIFTY,6060510,242420400,448223.86
2022-10-31,NIFTY,32449098,1622454900,2913860.32
2022-11-01,BANKNIFTY,61824573,1545614325,6423482.34
2022-11-01,FINNIFTY,51076722,2043068880,3809681.32
2022-11-01,MIDCPNIFTY,1035,77625,64.76
2022-11-01,NIFTY,44231694,2211584700,4009265.42
2022-11-02,BANKNIFTY,67021957,1675548925,6953219.00
2022-11-02,FINNIFTY,320811,12832440,23924.10
2022-11-02,NIFTY,43263369,2163168450,3922805.42
2022-11-03,BANKNIFTY,192173576,4804339400,19844147.50
2022-11-03,FINNIFTY,568259,22730360,42267.95
2022-11-03,NIFTY,113353296,5667664800,10237750.84
2022-11-04,BANKNIFTY,40837906,1020947650,4226024.67
2022-11-04,FINNIFTY,4843918,193756720,360709.93
2022-11-04,NIFTY,27616899,1380844950,2504562.61
2022-11-07,BANKNIFTY,54089932,1352248300,5628975.48
2022-11-07,FINNIFTY,43479268,1739170720,3249082.03
2022-11-07,MIDCPNIFTY,1450,108750,90.99
2022-11-07,NIFTY,42455772,2122788600,3861094.73
2022-11-09,BANKNIFTY,75570453,1889261325,7904258.88
2022-11-09,FINNIFTY,322452,12898080,24218.07
2022-11-09,NIFTY,55778251,2788912550,5087844.68
2022-11-10,BANKNIFTY,168621555,4215538875,17527600.61
2022-11-10,FINNIFTY,458275,18331000,34272.26
2022-11-10,NIFTY,104644519,5232225950,9463423.96
2022-11-11,BANKNIFTY,51493163,1287329075,5430963.79
2022-11-11,FINNIFTY,6149355,245974200,467989.59
2022-11-11,NIFTY,33475576,1673778800,3071405.75
2022-11-14,BANKNIFTY,47785287,1194632175,5044928.17
2022-11-14,FINNIFTY,10912391,436495640,831512.96
2022-11-14,NIFTY,31514003,1575700150,2896144.31
2022-11-15,BANKNIFTY,53010969,1325274225,5600222.81
2022-11-15,FINNIFTY,52388334,2095533360,3987324.80
2022-11-15,MIDCPNIFTY,2731,204825,172.29
2022-11-15,NIFTY,39616994,1980849700,3640666.48
2022-11-16,BANKNIFTY,80420839,2010520975,8536924.55
2022-11-16,FINNIFTY,700307,28012280,53721.80
2022-11-16,NIFTY,59493307,2974665350,5476427.66
2022-11-17,BANKNIFTY,159232942,3980823550,16904966.09
2022-11-17,FINNIFTY,922092,36883680,70484.86
2022-11-17,NIFTY,98674922,4933746100,9078183.20
2022-11-18,BANKNIFTY,40974631,1024365775,4347221.54
2022-11-18,FINNIFTY,4428002,177120080,338650.97
2022-11-18,NIFTY,36399704,1819985200,3348255.78
2022-11-21,BANKNIFTY,39753849,993846225,4219722.18
2022-11-21,FINNIFTY,9685087,387403480,736621.26
2022-11-21,NIFTY,35791456,1789572800,3278149.87
2022-11-22,BANKNIFTY,34252907,856322675,3637239.08
2022-11-22,FINNIFTY,44880976,1795239040,3409955.43
2022-11-22,MIDCPNIFTY,4648,348600,293.98
2022-11-22,NIFTY,33034421,1651721050,3019668.65
2022-11-23,BANKNIFTY,61263235,1531580875,6534755.72
2022-11-23,FINNIFTY,502525,20101000,38443.39
2022-11-23,NIFTY,47044403,2352220150,4309035.46
2022-11-24,BANKNIFTY,156285445,3907136125,16754007.73
2022-11-24,FINNIFTY,755123,30204920,57776.20
2022-11-24,NIFTY,99102352,4955117600,9105969.95
2022-11-25,BANKNIFTY,53653817,1341345425,5797964.07
2022-11-25,FINNIFTY,5009684,200387360,385819.20
2022-11-25,NIFTY,33354556,1667727800,3093442.43
2022-11-28,BANKNIFTY,51835324,1295883100,5591227.58
2022-11-28,FINNIFTY,12009259,480370360,923835.38
2022-11-28,NIFTY,37124974,1856248700,3448957.72
2022-11-30,BANKNIFTY,92577815,2314445375,9988212.49
2022-11-30,FINNIFTY,821165,32846600,63610.49
2022-11-30,NIFTY,58635068,2931753400,5471209.37
2022-12-01,BANKNIFTY,187260967,4681524175,20308607.71
2022-12-01,FINNIFTY,1066866,42674640,82908.64
2022-12-01,NIFTY,123376622,6168831100,11610829.51
2022-12-02,BANKNIFTY,40214387,1005359675,4351397.19
2022-12-02,FINNIFTY,4570892,182835680,353400.03
2022-12-02,NIFTY,35145007,1757250350,3308162.96
2022-12-05,BANKNIFTY,49861516,1246537900,5392482.34
2022-12-05,FINNIFTY,13772650,550906000,1063437.59
2022-12-05,MIDCPNIFTY,4,300,0.26
2022-12-05,NIFTY,45126938,2256346900,4240303.04
2022-12-06,BANKNIFTY,42663856,1066596400,4623520.48
2022-12-06,FINNIFTY,62336851,2493474040,4801816.99
2022-12-06,MIDCPNIFTY,4262,319650,270.28
2022-12-06,NIFTY,41112995,2055649750,3851768.93
2022-12-07,BANKNIFTY,81153206,2028830150,8788808.79
2022-12-07,FINNIFTY,794795,31791800,61526.12
2022-12-07,NIFTY,64932291,3246614550,6072428.03
2022-12-08,BANKNIFTY,187701052,4692526300,20359532.10
2022-12-08,FINNIFTY,1249958,49998320,96529.57
2022-12-08,NIFTY,109564661,5478233050,10210637.13
2022-12-09,BANKNIFTY,53727896,1343197400,5879198.48
2022-12-09,FINNIFTY,5541745,221669800,428518.40
2022-12-09,NIFTY,45401065,2270053250,4241270.43
2022-12-12,BANKNIFTY,57660063,1441501575,6304411.29
2022-12-12,FINNIFTY,16488891,659555640,1273780.75
2022-12-12,NIFTY,49493023,2474651150,4601090.06
2022-12-13,BANKNIFTY,47189098,1179727450,5170274.29
2022-12-13,FINNIFTY,64389423,2575576920,4996940.55
2022-12-13,MIDCPNIFTY,4850,363750,307.45
2022-12-13,NIFTY,41519195,2075959750,3863247.39
2022-12-14,BANKNIFTY,60959616,1523990400,6707300.22
2022-12-14,FINNIFTY,899249,35969960,70152.35
2022-12-14,NIFTY,51787410,2589370500,4838340.58
2022-12-15,BANKNIFTY,204309575,5107739375,22428008.28
2022-12-15,FINNIFTY,1739770,69590800,135319.90
2022-12-15,NIFTY,127440128,6372006400,11843779.43
2022-12-16,BANKNIFTY,69680659,1742016475,7580594.68
2022-12-16,FINNIFTY,10372602,414904080,796440.28
2022-12-16,NIFTY,57248606,2862430300,5285870.96
2022-12-19,BANKNIFTY,56446768,1411169200,6133610.91
2022-12-19,FINNIFTY,21457253,858290120,1650767.77
2022-12-19,NIFTY,47680364,2384018200,4392705.57
2022-12-20,BANKNIFTY,73433599,1835839975,7959578.96
2022-12-20,FINNIFTY,99132175,3965287000,7602298.56
2022-12-20,MIDCPNIFTY,3461,259575,218.15
2022-12-20,NIFTY,62178284,3108914200,5715960.67
2022-12-21,BANKNIFTY,138054620,3451365500,14939291.25
2022-12-21,FINNIFTY,1724645,68985800,132924.13
2022-12-21,NIFTY,98886257,4944312850,9092895.63
2022-12-22,BANKNIFTY,250207202,6255180050,26672893.74
2022-12-22,FINNIFTY,1377244,55089760,105188.64
2022-12-22,NIFTY,152373748,7618687400,13887850.62
2022-12-23,BANKNIFTY,50108998,1252724950,5291838.69
2022-12-23,FINNIFTY,6792556,271702240,510867.50
2022-12-23,NIFTY,49573355,2478667750,4494625.38
2022-12-26,BANKNIFTY,69441444,1736036100,7356887.04
2022-12-26,FINNIFTY,22282203,891288120,1679488.80
2022-12-26,NIFTY,47263086,2363154300,4269997.52
2022-12-27,BANKNIFTY,80188823,2004720575,8547260.42
2022-12-27,FINNIFTY,104368434,4174737360,7912178.62
2022-12-27,MIDCPNIFTY,5737,430275,364.94
2022-12-27,NIFTY,51930551,2596527550,4695208.26
2022-12-28,BANKNIFTY,93147926,2328698150,9996784.00
2022-12-28,FINNIFTY,647931,25917240,49369.81
2022-12-28,NIFTY,60356172,3017808600,5469404.49
2022-12-29,BANKNIFTY,226923419,5673085475,24277553.97
2022-12-29,FINNIFTY,1362126,54485040,103515.81
2022-12-29,NIFTY,120551295,6027564750,10901867.88
2022-12-30,BANKNIFTY,53600896,1340022400,5810275.81
2022-12-30,FINNIFTY,8869706,354788240,678542.32
2022-12-30,NIFTY,39902993,1995149650,3646403.68
2023-01-02,BANKNIFTY,56770323,1419258075,6156701.99
2023-01-02,FINNIFTY,21977476,879099040,1679672.68
2023-01-02,NIFTY,38961678,1948083900,3556828.14
2023-01-03,BANKNIFTY,62232533,1555813325,6762544.04
2023-01-03,FINNIFTY,103356019,4134240760,7925462.48
2023-01-03,MIDCPNIFTY,6721,504075,427.40
2023-01-03,NIFTY,42953910,2147695500,3920514.49
2023-01-04,BANKNIFTY,121250162,3031254050,13127671.27
2023-01-04,FINNIFTY,1586021,63440840,121760.44
2023-01-04,NIFTY,84158031,4207901550,7655094.76
2023-01-05,BANKNIFTY,257446586,6436164650,27567045.62
2023-01-05,FINNIFTY,2273165,90926600,173525.70
2023-01-05,NIFTY,153097294,7654864700,13827505.55
2023-01-06,BANKNIFTY,64543018,1613575450,6868905.53
2023-01-06,FINNIFTY,11846616,473864640,890274.06
2023-01-06,NIFTY,52815457,2640772850,4768201.20
2023-01-09,BANKNIFTY,67997343,1699933575,7259588.61
2023-01-09,FINNIFTY,27382225,1095289000,2057436.67
2023-01-09,NIFTY,59277213,2963860650,5366315.09
2023-01-10,BANKNIFTY,79457374,1986434350,8434206.10
2023-01-10,FINNIFTY,115706561,4628262440,8595679.85
2023-01-10,MIDCPNIFTY,6280,471000,398.79
2023-01-10,NIFTY,58671161,2933558050,5298111.49
2023-01-11,BANKNIFTY,117234684,2930867100,12399811.73
2023-01-11,FINNIFTY,1469199,58767960,109150.76
2023-01-11,NIFTY,83419376,4170968800,7508414.43
2023-01-12,BANKNIFTY,252542319,6313557975,26615539.30
2023-01-12,FINNIFTY,1797966,71918640,133735.58
2023-01-12,NIFTY,138306170,6915308500,12392303.15
2023-01-13,BANKNIFTY,53812260,1345306500,5698445.48
2023-01-13,FINNIFTY,12480662,499226480,929413.88
2023-01-13,NIFTY,47116583,2355829150,4241308.88
2023-01-16,BANKNIFTY,69920394,1748009850,7442292.21
2023-01-16,FINNIFTY,33531021,1341240840,2503750.09
2023-01-16,NIFTY,47787131,2389356550,4308236.70
2023-01-17,BANKNIFTY,78263832,1956595800,8291403.13
2023-01-17,FINNIFTY,115621207,4624848280,8589849.80
2023-01-17,MIDCPNIFTY,3826,286950,241.45
2023-01-17,NIFTY,52903333,2645166650,4767451.35
2023-01-18,BANKNIFTY,97095866,2427396650,10319695.66
2023-01-18,FINNIFTY,1712517,68500680,128279.55
2023-01-18,NIFTY,67554895,3377744750,6115482.03
2023-01-19,BANKNIFTY,196425085,4910627125,20817632.88
2023-01-19,FINNIFTY,2073203,82928120,155144.51
2023-01-19,NIFTY,122502754,6125137700,11098001.05
2023-01-20,BANKNIFTY,44047999,1101199975,4702395.19
2023-01-20,FINNIFTY,8440375,337615000,635157.83
2023-01-20,NIFTY,42221668,2111083400,3834596.53
2023-01-23,BANKNIFTY,56576687,1414417175,6065956.43
2023-01-23,FINNIFTY,19245834,769833360,1456589.08
2023-01-23,NIFTY,44280994,2214049700,4021398.58
2023-01-24,BANKNIFTY,76633712,1915842800,8228839.26
2023-01-24,FINNIFTY,87875334,3515013360,6653758.19
2023-01-24,MIDCPNIFTY,3969,297675,251.09
2023-01-24,NIFTY,50553453,2527672650,4596161.28
2023-01-25,BANKNIFTY,259863112,6496577800,27360384.66
2023-01-25,FINNIFTY,2493765,99750600,186884.62
2023-01-25,NIFTY,134180194,6709009700,12089059.70
2023-01-27,BANKNIFTY,48346227,1208655675,4984675.96
2023-01-27,FINNIFTY,18747401,749896040,1365376.02
2023-01-27,NIFTY,42744862,2137243100,3822036.90
2023-01-30,BANKNIFTY,60492551,1512313775,6155814.98
2023-01-30,FINNIFTY,42788020,1711520800,3087296.30
2023-01-30,NIFTY,44007925,2200396250,3907045.43
2023-01-31,BANKNIFTY,47440682,1186017050,4864794.29
2023-01-31,FINNIFTY,126857379,5074295160,9184961.97
2023-01-31,MIDCPNIFTY,3661,274575,232.12
2023-01-31,NIFTY,39179262,1958963100,3487913.61
2023-02-01,BANKNIFTY,160897345,4022433625,16613110.90
2023-02-01,FINNIFTY,2943011,117720440,216886.45
2023-02-01,NIFTY,121926757,6096337850,10871491.46
2023-02-02,BANKNIFTY,259919316,6497982900,26343329.45
2023-02-02,FINNIFTY,2409632,96385280,174642.36
2023-02-02,NIFTY,155492022,7774601100,13699451.58
2023-02-03,BANKNIFTY,58779147,1469478675,6059011.80
2023-02-03,FINNIFTY,17603357,704134280,1284447.81
2023-02-03,NIFTY,47740546,2387027300,4243030.96
2023-02-06,BANKNIFTY,55819209,1395480225,5803372.43
2023-02-06,FINNIFTY,29327770,1173110800,2159506.11
2023-02-06,NIFTY,42537965,2126898250,3791308.74
2023-02-07,BANKNIFTY,63666181,1591654525,6610404.43
2023-02-07,FINNIFTY,137143452,5485738080,10088271.16
2023-02-07,MIDCPNIFTY,5800,435000,368.65
2023-02-07,NIFTY,49253494,2462674700,4388215.48
2023-02-08,BANKNIFTY,91629192,2290729800,9537561.24
2023-02-08,FINNIFTY,2049395,81975800,151857.93
2023-02-08,NIFTY,78030662,3901533100,6969682.00
2023-02-09,BANKNIFTY,210304049,5257601225,21814349.95
2023-02-09,FINNIFTY,2867651,114706040,211800.34
2023-02-09,NIFTY,127688467,6384423350,11409007.82
2023-02-10,BANKNIFTY,36213563,905339075,3786419.84
2023-02-10,FINNIFTY,11098224,443928960,823007.16
2023-02-10,NIFTY,34909393,1745469650,3128459.96
2023-02-13,BANKNIFTY,56664878,1416621950,5894473.44
2023-02-13,FINNIFTY,28044696,1121787840,2072925.93
2023-02-13,MIDCPNIFTY,12,900,0.77
2023-02-13,NIFTY,40538237,2026911850,3622190.87
2023-02-14,BANKNIFTY,65103508,1627587700,6771791.99
2023-02-14,FINNIFTY,115453513,4618140520,8558197.52
2023-02-14,MIDCPNIFTY,4678,350850,297.38
2023-02-14,NIFTY,43236000,2161800000,3869956.74
2023-02-15,BANKNIFTY,95145557,2378638925,9920183.23
2023-02-15,FINNIFTY,2461510,98460400,183063.41
2023-02-15,NIFTY,72612117,3630605850,6515884.15
2023-02-16,BANKNIFTY,209243277,5231081925,21909596.40
2023-02-16,FINNIFTY,3488740,139549600,260779.10
2023-02-16,NIFTY,129715156,6485757800,11726303.72
2023-02-17,BANKNIFTY,62090984,1552274600,6449212.77
2023-02-17,FINNIFTY,18089123,723564920,1339365.39
2023-02-17,NIFTY,46426701,2321335050,4186062.62
2023-02-20,BANKNIFTY,73143923,1828598075,7557255.47
2023-02-20,FINNIFTY,42154295,1686171800,3108129.63
2023-02-20,MIDCPNIFTY,1,75,0.06
2023-02-20,NIFTY,48662386,2433119300,4379965.96
2023-02-21,BANKNIFTY,81396275,2034906875,8349299.23
2023-02-21,FINNIFTY,141994960,5679798400,10394880.68
2023-02-21,MIDCPNIFTY,2016,151200,127.72
2023-02-21,NIFTY,49559506,2477975300,4447306.37
2023-02-22,BANKNIFTY,110180000,2754500000,11169739.58
2023-02-22,FINNIFTY,2861987,114479480,207495.54
2023-02-22,NIFTY,81096732,4054836600,7203822.53
2023-02-23,BANKNIFTY,268130244,6703256100,26881777.91
2023-02-23,FINNIFTY,3877379,155095160,279284.72
2023-02-23,NIFTY,145904164,7295208200,12847008.40
2023-02-24,BANKNIFTY,60137728,1503443200,6066244.88
2023-02-24,FINNIFTY,17350532,694021280,1248634.67
2023-02-24,NIFTY,44684960,2234248000,3942572.14
2023-02-27,BANKNIFTY,73646509,1841162725,7415848.47
2023-02-27,FINNIFTY,40172318,1606892720,2884705.91
2023-02-27,NIFTY,55813723,2790686150,4886527.78
2023-02-28,BANKNIFTY,71538122,1788453050,7231028.63
2023-02-28,FINNIFTY,136202600,5448104000,9814851.82
2023-02-28,MIDCPNIFTY,2666,199950,167.92
2023-02-28,NIFTY,59510745,2975537250,5199381.14
2023-03-01,BANKNIFTY,98725689,2468142225,10019807.83
2023-03-01,FINNIFTY,3450171,138006840,250298.42
2023-03-01,MIDCPNIFTY,1,75,0.06
2023-03-01,NIFTY,70222406,3511120300,6133094.52
2023-03-02,BANKNIFTY,223606809,5590170225,22700176.99
2023-03-02,FINNIFTY,5516705,220668200,399753.85
2023-03-02,NIFTY,128186115,6409305750,11164322.01
2023-03-03,BANKNIFTY,69790448,1744761200,7187421.97
2023-03-03,FINNIFTY,34072275,1362891000,2485476.36
2023-03-03,NIFTY,50524116,2526205800,4442208.71
2023-03-06,BANKNIFTY,76087589,1902189725,7906666.63
2023-03-06,FINNIFTY,129335543,5173421720,9518680.01
2023-03-06,MIDCPNIFTY,2551,191325,159.36
2023-03-06,NIFTY,52460235,2623011750,4656266.64
2023-03-08,BANKNIFTY,106230078,2655751950,10987423.37
2023-03-08,FINNIFTY,3202539,128101560,234930.93
2023-03-08,NIFTY,80954391,4047719550,7160117.59
2023-03-09,BANKNIFTY,228016028,5700400700,23656315.33
2023-03-09,FINNIFTY,4838426,193537040,355613.10
2023-03-09,NIFTY,142141781,7107089050,12577430.92
2023-03-10,BANKNIFTY,62233360,1555834000,6357540.94
2023-03-10,FINNIFTY,22010635,880425400,1587388.47
2023-03-10,MIDCPNIFTY,2,150,0.12
2023-03-10,NIFTY,47897390,2394869500,4196484.48
2023-03-13,BANKNIFTY,99871306,2496782650,10107973.23
2023-03-13,FINNIFTY,57247450,2289898000,4102324.75
2023-03-13,NIFTY,76638838,3831941900,6678940.35
2023-03-14,BANKNIFTY,101667409,2541685225,10103595.15
2023-03-14,FINNIFTY,179364635,7174585400,12631905.58
2023-03-14,MIDCPNIFTY,880,66000,55.67
2023-03-14,NIFTY,69565855,3478292750,5992931.45
2023-03-15,BANKNIFTY,134929836,3373245900,13415291.44
2023-03-15,FINNIFTY,4132300,165292000,293136.97
2023-03-15,NIFTY,91173658,4558682900,7841753.31
2023-03-16,BANKNIFTY,316593644,7914841100,30999075.11
2023-03-16,FINNIFTY,5518327,220733080,387292.22
2023-03-16,NIFTY,184461690,9223084500,15703037.53
2023-03-17,BANKNIFTY,69141008,1728525200,6837424.54
2023-03-17,FINNIFTY,28206485,1128259400,1983192.98
2023-03-17,NIFTY,56350628,2817531400,4837703.46
2023-03-20,BANKNIFTY,79189373,1979734325,7810558.30
2023-03-20,FINNIFTY,55915093,2236603720,3923798.54
2023-03-20,MIDCPNIFTY,2,150,0.13
2023-03-20,NIFTY,62095832,3104791600,5299058.21
2023-03-21,BANKNIFTY,74776905,1869422625,7428760.82
2023-03-21,FINNIFTY,176385688,7055427520,12500871.76
2023-03-21,MIDCPNIFTY,2548,191100,160.89
2023-03-21,NIFTY,52390313,2619515650,4480889.76
2023-03-22,BANKNIFTY,87061383,2176534575,8720941.17
2023-03-22,FINNIFTY,2333138,93325520,167229.78
2023-03-22,NIFTY,63752250,3187612500,5473715.02
2023-03-23,BANKNIFTY,289063311,7226582775,28901717.04
2023-03-23,FINNIFTY,4806723,192268920,343027.14
2023-03-23,NIFTY,150313480,7515674000,12890885.18
2023-03-24,BANKNIFTY,67935735,1698393375,6759085.90
2023-03-24,FINNIFTY,26417613,1056704520,1875319.43
2023-03-24,NIFTY,53577083,2678854150,4592019.25
2023-03-27,BANKNIFTY,83248367,2081209175,8242383.76
2023-03-27,FINNIFTY,54210285,2168411400,3833842.02
2023-03-27,NIFTY,66123507,3306175350,5650324.40
2023-03-28,BANKNIFTY,80291411,2007285275,7953067.92
2023-03-28,FINNIFTY,158123619,6324944760,11170474.59
2023-03-28,MIDCPNIFTY,3892,291900,246.32
2023-03-28,NIFTY,59748482,2987424100,5097795.78
2023-03-29,BANKNIFTY,251824223,6295605575,25026934.09
2023-03-29,FINNIFTY,4340916,173636640,308871.80
2023-03-29,NIFTY,145915032,7295751600,12436226.12
2023-03-31,BANKNIFTY,57573609,1439340225,5834037.80
2023-03-31,FINNIFTY,28704462,1148178480,2066664.02
2023-03-31,NIFTY,47984533,2399226650,4156895.49
2023-04-03,BANKNIFTY,55675480,1391887000,5667942.76
2023-04-03,FINNIFTY,123084960,4923398400,8919079.82
2023-04-03,MIDCPNIFTY,973,72975,61.40
2023-04-03,NIFTY,49185035,2459251750,4274795.63
2023-04-05,BANKNIFTY,86153457,2153836425,8832773.92
2023-04-05,FINNIFTY,4600123,184004920,337335.00
2023-04-05,NIFTY,82084268,4104213400,7170899.78
2023-04-06,BANKNIFTY,248930337,6223258425,25580095.18
2023-04-06,FINNIFTY,7576116,303044640,558466.26
2023-04-06,NIFTY,149177805,7458890250,13108309.29
2023-04-10,BANKNIFTY,65894422,1647360550,6780604.57
2023-04-10,FINNIFTY,46762657,1870506280,3452589.78
2023-04-10,MIDCPNIFTY,4,300,0.26
2023-04-10,NIFTY,49800300,2490015000,4398368.75
2023-04-11,BANKNIFTY,73264659,1831616475,7562873.17
2023-04-11,FINNIFTY,153058662,6122346480,11362030.86
2023-04-11,MIDCPNIFTY,702,52650,44.22
2023-04-11,NIFTY,53250661,2662533050,4716670.84
2023-04-12,BANKNIFTY,83438044,2085951100,8660195.80
2023-04-12,FINNIFTY,3467256,138690240,259161.43
2023-04-12,MIDCPNIFTY,2,150,0.11
2023-04-12,NIFTY,79468204,3973410200,7061869.30
2023-04-13,BANKNIFTY,275318540,6882963500,28733190.06
2023-04-13,FINNIFTY,8042240,321689600,602794.72
2023-04-13,NIFTY,147502269,7375113450,13120660.27
2023-04-17,BANKNIFTY,87920485,2198012125,9276037.91
2023-04-17,FINNIFTY,56579176,2263167040,4259538.82
2023-04-17,NIFTY,59365612,2968280600,5270258.71
2023-04-18,BANKNIFTY,87756647,2193916175,9294356.83
2023-04-18,FINNIFTY,193161122,7726444880,14547788.63
2023-04-18,MIDCPNIFTY,3090,231750,195.98
2023-04-18,NIFTY,59076409,2953820450,5239615.60
2023-04-19,BANKNIFTY,114288475,2857211875,12062999.84
2023-04-19,FINNIFTY,3080859,123234360,231794.52
2023-04-19,NIFTY,81823992,4091199600,7237713.36
2023-04-20,BANKNIFTY,253866695,6346667375,26809677.51
2023-04-20,FINNIFTY,4351931,174077240,327039.87
2023-04-20,NIFTY,141835265,7091763250,12525037.31
2023-04-21,BANKNIFTY,62379774,1559494350,6597318.41
2023-04-21,FINNIFTY,20911431,836457240,1571908.81
2023-04-21,NIFTY,44992175,2249608750,3981723.93
2023-04-24,BANKNIFTY,75428340,1885708500,8015217.33
2023-04-24,FINNIFTY,52640067,2105602680,3981711.28
2023-04-24,NIFTY,53970487,2698524350,4777779.32
2023-04-25,BANKNIFTY,74962868,1874071700,8027268.43
2023-04-25,FINNIFTY,185808280,7432331200,14126267.86
2023-04-25,MIDCPNIFTY,332,24900,20.32
2023-04-25,NIFTY,48295713,2414785650,4289657.68
2023-04-26,BANKNIFTY,119410802,2985270050,12753726.95
2023-04-26,FINNIFTY,4294742,171789680,326150.92
2023-04-26,MIDCPNIFTY,7,525,0.41
2023-04-26,NIFTY,80509476,4025473800,7156380.46
2023-04-27,BANKNIFTY,254036606,6350915150,27252402.39
2023-04-27,FINNIFTY,6133530,245341200,466385.70
2023-04-27,NIFTY,123258966,6162948300,10998668.79
2023-04-28,BANKNIFTY,57434191,1435854385,6194630.94
2023-04-28,FINNIFTY,38051220,1522048800,2904297.09
2023-04-28,MIDCPNIFTY,4,300,0.22
2023-04-28,NIFTY,48302057,2415102850,4345777.52
2023-05-02,BANKNIFTY,61816194,1545391810,6711243.80
2023-05-02,FINNIFTY,150637017,6025480680,11589045.45
2023-05-02,MIDCPNIFTY,10,750,0.55
2023-05-02,NIFTY,47251289,2362564450,4286187.86
2023-05-03,BANKNIFTY,104728313,2618192645,11318922.18
2023-05-03,FINNIFTY,4207952,168318080,323101.85
2023-05-03,MIDCPNIFTY,2970,222750,175.20
2023-05-03,NIFTY,76466151,3823307550,6928116.89
2023-05-04,BANKNIFTY,222188133,5554685315,24131578.36
2023-05-04,FINNIFTY,9047412,361896480,697637.71
2023-05-04,MIDCPNIFTY,4,300,0.22
2023-05-04,NIFTY,140505800,7025290000,12755274.55
2023-05-05,BANKNIFTY,90161512,2253998270,9772750.98
2023-05-05,FINNIFTY,40070554,1602822160,3081564.27
2023-05-05,MIDCPNIFTY,7,525,0.39
2023-05-05,NIFTY,61133111,3056655550,5567535.77
2023-05-08,BANKNIFTY,91124972,2278102120,9882027.68
2023-05-08,FINNIFTY,66198930,2647957200,5107288.02
2023-05-08,MIDCPNIFTY,9,675,0.50
2023-05-08,NIFTY,56791335,2839566750,5182262.92
2023-05-09,BANKNIFTY,86613306,2165314990,9426440.29
2023-05-09,FINNIFTY,202206010,8088240400,15653996.15
2023-05-09,MIDCPNIFTY,97,7275,5.49
2023-05-09,NIFTY,52494342,2624717100,4805500.70
2023-05-10,BANKNIFTY,159452085,3986267665,17244750.47
2023-05-10,FINNIFTY,6284096,251363840,483953.59
2023-05-10,MIDCPNIFTY,7257,544275,407.28
2023-05-10,NIFTY,87788027,4389401350,8022316.33
2023-05-11,BANKNIFTY,277171737,6929245465,30165027.97
2023-05-11,FINNIFTY,5488075,219523000,424099.93
2023-05-11,MIDCPNIFTY,2,150,0.11
2023-05-11,NIFTY,142261219,7113060950,13033543.82
2023-05-12,BANKNIFTY,66024434,1650550450,7201857.25
2023-05-12,FINNIFTY,23434805,937392200,1821163.46
2023-05-12,MIDCPNIFTY,9,675,0.50
2023-05-12,NIFTY,44204514,2210225700,4046214.85
2023-05-15,BANKNIFTY,63393356,1584750300,6962201.06
2023-05-15,FINNIFTY,39676337,1587053480,3097842.41
2023-05-15,MIDCPNIFTY,21,1575,1.15
2023-05-15,NIFTY,45409570,2270478500,4167954.85
2023-05-16,BANKNIFTY,77610614,1940223530,8532097.03
2023-05-16,FINNIFTY,177767559,7110702360,13876140.68
2023-05-16,MIDCPNIFTY,41,3075,2.34
2023-05-16,NIFTY,50943621,2547181050,4683486.60
2023-05-17,BANKNIFTY,136208178,3405111420,14915913.21
2023-05-17,FINNIFTY,3763475,150539000,292853.74
2023-05-17,MIDCPNIFTY,22401,1680075,1262.05
2023-05-17,NIFTY,99896439,4994821950,9131496.61
2023-05-18,BANKNIFTY,299441559,7485967215,32918067.69
2023-05-18,FINNIFTY,5531222,221248880,431190.30
2023-05-18,MIDCPNIFTY,2,150,0.11
2023-05-18,NIFTY,166149516,8307475800,15158883.90
2023-05-19,BANKNIFTY,73341440,1833428920,8055700.28
2023-05-19,FINNIFTY,27410871,1096434840,2126032.76
2023-05-19,MIDCPNIFTY,8,600,0.46
2023-05-19,NIFTY,60104916,3005245800,5471873.69
2023-05-22,BANKNIFTY,81056886,2026316430,8924013.71
2023-05-22,FINNIFTY,53323327,2132933080,4141475.11
2023-05-22,MIDCPNIFTY,5,375,0.29
2023-05-22,NIFTY,63243163,3162158150,5780437.41
2023-05-23,BANKNIFTY,62591364,1564678990,6905413.02
2023-05-23,FINNIFTY,157263678,6290547120,12228354.89
2023-05-23,MIDCPNIFTY,194,14550,11.15
2023-05-23,NIFTY,48952936,2447646800,4491945.18
2023-05-24,BANKNIFTY,118043172,2950963710,12970482.69
2023-05-24,FINNIFTY,3515796,140631840,273490.40
2023-05-24,MIDCPNIFTY,171437,12857775,9781.86
2023-05-24,NIFTY,95761747,4788087350,8780329.85
2023-05-25,BANKNIFTY,267802960,6694902870,29243864.44
2023-05-25,FINNIFTY,5316465,212658600,409984.74
2023-05-25,NIFTY,163314324,8165716200,14935983.32
2023-05-26,BANKNIFTY,55157812,1378595560,6057524.17
2023-05-26,FINNIFTY,23332513,933300520,1804050.39
2023-05-26,MIDCPNIFTY,2,150,0.12
2023-05-26,NIFTY,53818176,2690908800,4958390.70
2023-05-29,BANKNIFTY,57723312,1442676850,6402151.80
2023-05-29,FINNIFTY,50971501,2038860040,3986636.34
2023-05-29,MIDCPNIFTY,4,300,0.24
2023-05-29,NIFTY,55731391,2786569550,5166379.97
2023-05-30,BANKNIFTY,62739224,1568263460,6954378.95
2023-05-30,FINNIFTY,179048930,7161957200,14003638.91
2023-05-30,MIDCPNIFTY,1613,120975,94.28
2023-05-30,NIFTY,52724746,2636237300,4901708.20
2023-05-31,BANKNIFTY,132694747,3316808785,14671157.38
2023-05-31,FINNIFTY,5265051,210602040,412051.88
2023-05-31,MIDCPNIFTY,628274,47120550,36739.79
2023-05-31,NIFTY,92665882,4633294100,8604832.18
2023-06-01,BANKNIFTY,258818814,6470071730,28553823.45
2023-06-01,FINNIFTY,7268956,290758240,567509.72
2023-06-01,MIDCPNIFTY,2,150,0.12
2023-06-01,NIFTY,143328150,7166407500,13302735.66
2023-06-02,BANKNIFTY,63473454,1586390890,7006575.85
2023-06-02,FINNIFTY,30808855,1232354200,2396708.25
2023-06-02,MIDCPNIFTY,10,750,0.60
2023-06-02,NIFTY,53490594,2674529700,4972203.67
2023-06-05,BANKNIFTY,55706875,1392251755,6166063.20
2023-06-05,FINNIFTY,45351982,1814079280,3539560.50
2023-06-05,MIDCPNIFTY,12,900,0.71
2023-06-05,NIFTY,40926245,2046312250,3810602.16
2023-06-06,BANKNIFTY,56520683,1412690525,6247242.83
2023-06-06,FINNIFTY,156826984,6273079360,12207488.31
2023-06-06,MIDCPNIFTY,4532,339900,266.76
2023-06-06,NIFTY,49728488,2486424400,4629422.20
2023-06-07,BANKNIFTY,83336557,2082989235,9221306.66
2023-06-07,FINNIFTY,3346854,133874160,262484.08
2023-06-07,MIDCPNIFTY,1812310,135923250,107534.22
2023-06-07,NIFTY,74462475,3723123750,6947840.40
2023-06-08,BANKNIFTY,276702735,6916850405,30635887.46
2023-06-08,FINNIFTY,6455469,258218760,506475.10
2023-06-08,MIDCPNIFTY,49,3675,2.93
2023-06-08,NIFTY,161069946,8053497300,15068602.00
2023-06-09,BANKNIFTY,60660492,1515793070,6706170.18
2023-06-09,FINNIFTY,28042832,1121713280,2186505.22
2023-06-09,MIDCPNIFTY,1803,135225,107.18
2023-06-09,NIFTY,52826274,2641313700,4935583.91
2023-06-12,BANKNIFTY,50463758,1261012700,5569566.53
2023-06-12,FINNIFTY,42993298,1719731920,3346970.30
2023-06-12,MIDCPNIFTY,4661,349575,276.76
2023-06-12,NIFTY,44694016,2234700800,4168541.63
2023-06-13,BANKNIFTY,52129071,1302645745,5756167.08
2023-06-13,FINNIFTY,154198226,6167929040,12002910.73
2023-06-13,MIDCPNIFTY,36274,2720550,2173.40
2023-06-13,NIFTY,40205235,2010261750,3758241.74
2023-06-14,BANKNIFTY,81397100,2034355610,8998312.36
2023-06-14,FINNIFTY,3128815,125152600,244867.68
2023-06-14,MIDCPNIFTY,3838064,287854800,230558.62
2023-06-14,NIFTY,63451999,3172599950,5938781.43
2023-06-15,BANKNIFTY,272651732,6814538770,29893082.85
2023-06-15,FINNIFTY,7188018,287520720,559411.11
2023-06-15,MIDCPNIFTY,1859,139425,110.77
2023-06-15,NIFTY,169273331,8463666550,15858022.28
2023-06-16,BANKNIFTY,59958717,1496859375,6574542.56
2023-06-16,FINNIFTY,32247165,1289886600,2506273.57
2023-06-16,MIDCPNIFTY,4698,352350,285.06
2023-06-16,NIFTY,51927540,2596377000,4883418.57
2023-06-19,BANKNIFTY,87930673,2196317875,9642015.76
2023-06-19,FINNIFTY,79915993,3196639720,6216607.27
2023-06-19,MIDCPNIFTY,8841,663075,537.79
2023-06-19,NIFTY,54278662,2713933100,5115374.72
2023-06-20,BANKNIFTY,80705658,2015227040,8812789.10
2023-06-20,FINNIFTY,207131763,8285270520,16083804.24
2023-06-20,MIDCPNIFTY,60527,4539525,3678.01
2023-06-20,NIFTY,59743953,2987197650,5611703.07
2023-06-21,BANKNIFTY,117373130,2932382120,12857841.69
2023-06-21,FINNIFTY,5945134,237805360,467373.35
2023-06-21,MIDCPNIFTY,12718006,953850450,782130.66
2023-06-21,NIFTY,84989053,4249452650,8005216.87
2023-06-22,BANKNIFTY,309572892,7736257740,33937430.42
2023-06-22,FINNIFTY,9126072,365042880,717716.43
2023-06-22,MIDCPNIFTY,7815,586125,476.45
2023-06-22,NIFTY,182911377,9145568850,17228991.66
2023-06-23,BANKNIFTY,66568697,1658520115,7262903.32
2023-06-23,FINNIFTY,33375321,1335012840,2618211.95
2023-06-23,MIDCPNIFTY,54504,4087800,3304.21
2023-06-23,NIFTY,58276600,2913830000,5466748.63
2023-06-26,BANKNIFTY,63617879,1585257725,6932602.29
2023-06-26,FINNIFTY,52587246,2103489840,4111408.64
2023-06-26,MIDCPNIFTY,427907,32093025,25847.65
2023-06-26,NIFTY,55217547,2760877350,5168552.08
2023-06-27,BANKNIFTY,85720721,2135993335,9347528.98
2023-06-27,FINNIFTY,222954460,8918178400,17542678.69
2023-06-27,MIDCPNIFTY,4222841,316713075,255954.62
2023-06-27,NIFTY,56305852,2815292600,5271401.39
2023-06-28,BANKNIFTY,297833184,7432970600,32918293.41
2023-06-28,FINNIFTY,7496713,299868520,594164.00
2023-06-28,MIDCPNIFTY,2777,208275,169.18
2023-06-28,NIFTY,177756568,8887828400,16821266.29
2023-06-30,BANKNIFTY,59479302,1472818500,6587737.28
2023-06-30,FINNIFTY,27708707,1108348280,2217618.69
2023-06-30,MIDCPNIFTY,52150,3911250,3220.52
2023-06-30,NIFTY,48259667,2412983350,4605297.29
2023-07-03,BANKNIFTY,82580960,2048282660,9253224.80
2023-07-03,FINNIFTY,92445843,3697833720,7507747.24
2023-07-03,MIDCPNIFTY,103453,7758975,6417.74
2023-07-03,NIFTY,60671144,3033557200,5849360.64
2023-07-04,BANKNIFTY,100725760,2500440050,11326185.60
2023-07-04,FINNIFTY,306869245,12274769800,25088478.15
2023-07-04,MIDCPNIFTY,216196,16214700,13329.28
2023-07-04,NIFTY,56777916,2838895800,5485568.69
2023-07-05,BANKNIFTY,126397317,3149348525,14246456.02
2023-07-05,FINNIFTY,5938398,237535920,483472.53
2023-07-05,MIDCPNIFTY,19065071,1429880325,1178556.46
2023-07-05,NIFTY,81169581,4058479050,7862049.84
2023-07-06,BANKNIFTY,282411236,7047680540,31898701.93
2023-07-06,FINNIFTY,7285646,291425840,592162.48
2023-07-06,MIDCPNIFTY,25507,1913025,1591.08
2023-07-06,NIFTY,168806483,8440324150,16392632.79
2023-07-07,BANKNIFTY,69149643,1709923075,7740843.70
2023-07-07,FINNIFTY,33617837,1344713480,2718669.07
2023-07-07,MIDCPNIFTY,126623,9496725,7878.53
2023-07-07,NIFTY,63931730,3196586500,6230355.94
2023-07-10,BANKNIFTY,80840314,2005246990,9052342.25
2023-07-10,FINNIFTY,74626484,2985059360,6011109.68
2023-07-10,MIDCPNIFTY,142716,10703700,8860.09
2023-07-10,NIFTY,61463373,3073168650,5971470.51
2023-07-11,BANKNIFTY,69776504,1729526030,7812435.28
2023-07-11,FINNIFTY,244505321,9780212840,19689018.95
2023-07-11,MIDCPNIFTY,359057,26929275,22325.94
2023-07-11,NIFTY,50221526,2511076300,4889651.18
2023-07-12,BANKNIFTY,119529327,2968889345,13345641.60
2023-07-12,FINNIFTY,6306110,252244400,507241.37
2023-07-12,MIDCPNIFTY,24039817,1802986275,1496996.68
2023-07-12,NIFTY,91822820,4591141000,8944642.53
2023-07-13,BANKNIFTY,286870957,7148910425,32108103.59
2023-07-13,FINNIFTY,8390420,335616800,675590.67
2023-07-13,MIDCPNIFTY,27515,2063625,1720.68
2023-07-13,NIFTY,190598357,9529917850,18585738.24
2023-07-14,BANKNIFTY,67490994,1658811250,7450279.54
2023-07-14,FINNIFTY,39220781,1568831240,3150268.67
2023-07-14,MIDCPNIFTY,140186,10513950,8732.11
2023-07-14,NIFTY,60852855,3042642750,5940124.99
2023-07-17,BANKNIFTY,96191112,2353906240,10597114.42
2023-07-17,FINNIFTY,89723637,3588945480,7233152.20
2023-07-17,MIDCPNIFTY,276710,20753250,17377.42
2023-07-17,NIFTY,56186218,2809310900,5499707.32
2023-07-18,BANKNIFTY,112945281,2752747875,12559831.67
2023-07-18,FINNIFTY,317768446,12710737840,25842214.90
2023-07-18,MIDCPNIFTY,411307,30848025,25787.60
2023-07-18,NIFTY,61842355,3092117750,6100718.26
2023-07-19,BANKNIFTY,124236279,3048883715,13906833.78
2023-07-19,FINNIFTY,4184593,167383720,341422.92
2023-07-19,MIDCPNIFTY,22520339,1689025425,1418155.35
2023-07-19,NIFTY,98997797,4949889850,9793608.13
2023-07-20,BANKNIFTY,297440329,7251512095,33270593.70
2023-07-20,FINNIFTY,7680559,307222360,627150.47
2023-07-20,MIDCPNIFTY,42795,3209625,2686.56
2023-07-20,NIFTY,199417994,9970899700,19796545.74
2023-07-21,BANKNIFTY,102399591,1535993865,7090100.30
2023-07-21,FINNIFTY,34905362,1396214480,2875587.08
2023-07-21,MIDCPNIFTY,97842,7338150,6194.86
2023-07-21,NIFTY,62619044,3130952200,6230421.84
2023-07-24,BANKNIFTY,111225641,1668384615,7709482.42
2023-07-24,FINNIFTY,75915486,3036619440,6248560.55
2023-07-24,MIDCPNIFTY,219486,16461450,13913.94
2023-07-24,NIFTY,66031778,3301588900,6542616.54
2023-07-25,BANKNIFTY,108817741,1632266115,7531139.61
2023-07-25,FINNIFTY,265279301,10611172040,21789147.91
2023-07-25,MIDCPNIFTY,509647,38223525,32254.99
2023-07-25,NIFTY,53294155,2664707750,5273711.33
2023-07-26,BANKNIFTY,162958809,2444382135,11281027.61
2023-07-26,FINNIFTY,4685866,187434640,387070.66
2023-07-26,MIDCPNIFTY,26686541,2001490575,1693579.30
2023-07-26,NIFTY,84046335,4202316750,8327570.55
2023-07-27,BANKNIFTY,490543150,7358147250,33851294.08
2023-07-27,FINNIFTY,8230444,329217760,680712.80
2023-07-27,MIDCPNIFTY,39243,2943225,2504.77
2023-07-27,NIFTY,217940410,10897020500,21565778.91
2023-07-28,BANKNIFTY,88293231,1324398465,6055838.08
2023-07-28,FINNIFTY,31368400,1254736000,2557521.98
2023-07-28,MIDCPNIFTY,137568,10317600,8752.86
2023-07-28,NIFTY,53721963,2686098150,5306779.98
2023-07-31,BANKNIFTY,81966071,1229491065,5617366.35
2023-07-31,FINNIFTY,63329512,2533180480,5160367.30
2023-07-31,MIDCPNIFTY,740587,55544025,47634.38
2023-07-31,NIFTY,53942754,2697137700,5329069.36
2023-08-01,BANKNIFTY,96218708,1443280620,6609241.21
2023-08-01,FINNIFTY,243173772,9726950880,19793051.12
2023-08-01,MIDCPNIFTY,1369163,102687225,88251.06
2023-08-01,NIFTY,51004809,2550240450,5046143.98
2023-08-02,BANKNIFTY,220899360,3313490400,15010545.96
2023-08-02,FINNIFTY,6197114,247884560,501342.45
2023-08-02,MIDCPNIFTY,44444186,3333313950,2827657.76
2023-08-02,NIFTY,110155376,5507768800,10816893.82
2023-08-03,BANKNIFTY,505502681,7582540215,33934585.78
2023-08-03,FINNIFTY,9376495,375059800,752043.83
2023-08-03,MIDCPNIFTY,177743,13330725,11405.62
2023-08-03,NIFTY,225429300,11271465000,21937826.64
2023-08-04,BANKNIFTY,142324318,2134864770,9615749.01
2023-08-04,FINNIFTY,44946408,1797856320,3597438.28
2023-08-04,MIDCPNIFTY,435117,32633775,27987.07
2023-08-04,NIFTY,60180096,3009004800,5881462.64
2023-08-07,BANKNIFTY,115489383,1732340745,7787816.06
2023-08-07,FINNIFTY,74747597,2989903880,5994952.80
2023-08-07,MIDCPNIFTY,709070,53180250,45743.96
2023-08-07,NIFTY,55659671,2782983550,5455404.66
2023-08-08,BANKNIFTY,113694195,1705412925,7685995.41
2023-08-08,FINNIFTY,250634998,10025399920,20134205.59
2023-08-08,MIDCPNIFTY,1826272,136970400,117072.95
2023-08-08,NIFTY,50429495,2521474750,4948008.76
2023-08-09,BANKNIFTY,175470207,2632053105,11805681.65
2023-08-09,FINNIFTY,5898492,235939680,473741.19
2023-08-09,MIDCPNIFTY,56886440,4266483000,3654953.59
2023-08-09,NIFTY,87089888,4354494400,8524713.32
2023-08-10,BANKNIFTY,505074906,7576123590,33870495.27
2023-08-10,FINNIFTY,11522743,460909720,924197.04
2023-08-10,MIDCPNIFTY,274804,20610300,17835.87
2023-08-10,NIFTY,218034151,10901707550,21341327.74
2023-08-11,BANKNIFTY,94375767,1415636505,6316890.57
2023-08-11,FINNIFTY,43430815,1737232600,3457209.68
2023-08-11,MIDCPNIFTY,489126,36684450,31631.48
2023-08-11,NIFTY,48262035,2413101750,4727866.90
2023-08-14,BANKNIFTY,107041533,1605622995,7097412.72
2023-08-14,FINNIFTY,211224068,8448962720,16600269.33
2023-08-14,MIDCPNIFTY,1877518,140813850,120280.16
2023-08-14,NIFTY,64945112,3247255600,6329125.16
2023-08-16,BANKNIFTY,165504949,2482574235,10938135.44
2023-08-16,FINNIFTY,4779326,191173040,374665.02
2023-08-16,MIDCPNIFTY,64147876,4811090700,4125046.23
2023-08-16,NIFTY,86019221,4300961050,8361789.24
2023-08-17,BANKNIFTY,426300962,6394514430,28121665.44
2023-08-17,FINNIFTY,8078545,323141800,633075.89
2023-08-17,MIDCPNIFTY,386245,28968375,25001.36
2023-08-17,NIFTY,173717910,8685895500,16876882.59
2023-08-18,BANKNIFTY,77602031,1164030465,5131166.47
2023-08-18,FINNIFTY,23434513,937380520,1831488.05
2023-08-18,MIDCPNIFTY,2360138,177010350,152135.30
2023-08-18,NIFTY,58695120,2934756000,5690262.30
2023-08-21,BANKNIFTY,88942705,1334140575,5887799.09
2023-08-21,FINNIFTY,52028084,2081123360,4076799.36
2023-08-21,MIDCPNIFTY,50327096,3774532200,3259434.16
2023-08-21,NIFTY,55378608,2768930400,5370348.72
2023-08-22,BANKNIFTY,70416951,1056254265,4672338.86
2023-08-22,FINNIFTY,217452270,8698090800,17062177.00
2023-08-22,MIDCPNIFTY,570290,42771750,37200.73
2023-08-22,NIFTY,46525271,2326263550,4521033.14
2023-08-23,BANKNIFTY,210431532,3156472980,13987638.37
2023-08-23,FINNIFTY,6871498,274859920,540552.04
2023-08-23,MIDCPNIFTY,2701728,202629600,178307.26
2023-08-23,NIFTY,84948618,4247430900,8258424.33
2023-08-24,BANKNIFTY,541685659,8125284885,36322451.57
2023-08-24,FINNIFTY,10184007,407360280,808410.14
2023-08-24,MIDCPNIFTY,1367073,102530475,90349.67
2023-08-24,NIFTY,197822853,9891142650,19280145.07
2023-08-25,BANKNIFTY,111501526,1672522890,7426488.67
2023-08-25,FINNIFTY,35276285,1411051400,2777998.63
2023-08-25,MIDCPNIFTY,5432628,407447100,356980.41
2023-08-25,NIFTY,58167961,2908398050,5637067.28
2023-08-28,BANKNIFTY,96871719,1453075785,6472834.10
2023-08-28,FINNIFTY,51435798,2057431920,4057588.50
2023-08-28,MIDCPNIFTY,58772855,4407964125,3860829.18
2023-08-28,NIFTY,51205218,2560260900,4956237.09
2023-08-29,BANKNIFTY,93330614,1399959210,6256894.71
2023-08-29,FINNIFTY,219253189,8770127560,17364584.53
2023-08-29,MIDCPNIFTY,383810,28785750,25382.57
2023-08-29,NIFTY,47007232,2350361600,4557595.17
2023-08-30,BANKNIFTY,196954469,2954317035,13202958.36
2023-08-30,FINNIFTY,5966275,238651000,475355.58
2023-08-30,MIDCPNIFTY,1093069,81980175,73005.76
2023-08-30,NIFTY,76882342,3844117100,7465394.68
2023-08-31,BANKNIFTY,517983367,7769750505,34351236.42
2023-08-31,FINNIFTY,9133975,365359000,722621.23
2023-08-31,MIDCPNIFTY,1173936,88045200,78389.48
2023-08-31,NIFTY,176246568,8812328400,17046867.89
2023-09-01,BANKNIFTY,133050252,1995753780,8839562.91
2023-09-01,FINNIFTY,37101383,1484055320,2926365.75
2023-09-01,MIDCPNIFTY,5371122,402834150,359123.59
2023-09-01,NIFTY,51014267,2550713350,4944749.55
2023-09-04,BANKNIFTY,138471422,2077071330,9262686.60
2023-09-04,FINNIFTY,57674923,2306996920,4563327.58
2023-09-04,MIDCPNIFTY,59140362,4435527150,3974526.64
2023-09-04,NIFTY,53462502,2673125100,5205485.06
2023-09-05,BANKNIFTY,145310475,2179657125,9725598.27
2023-09-05,FINNIFTY,198017426,7920697040,15656548.12
2023-09-05,MIDCPNIFTY,779540,58465500,52803.88
2023-09-05,NIFTY,50354232,2517711600,4914826.81
2023-09-06,BANKNIFTY,501128608,7516929120,33405503.20
2023-09-06,FINNIFTY,5362685,214507400,425629.69
2023-09-06,MIDCPNIFTY,1165631,87422325,79011.01
2023-09-06,NIFTY,83674524,4183726200,8185661.03
2023-09-07,BANKNIFTY,113742448,1706136720,7630129.54
2023-09-07,FINNIFTY,14741929,589677160,1169853.03
2023-09-07,MIDCPNIFTY,1197577,89818275,81371.08
2023-09-07,NIFTY,327537762,16376888100,32160116.29
2023-09-08,BANKNIFTY,146558759,2198381385,9934526.33
2023-09-08,FINNIFTY,42123927,1684957080,3389385.62
2023-09-08,MIDCPNIFTY,6433890,482541750,440111.40
2023-09-08,NIFTY,59850060,2992503000,5931588.84
2023-09-11,BANKNIFTY,132151460,1982271900,9006973.63
2023-09-11,FINNIFTY,56469198,2258767920,4571142.32
2023-09-11,MIDCPNIFTY,61096567,4582242525,4214139.98
2023-09-11,NIFTY,55774767,2788738350,5558667.90
2023-09-12,BANKNIFTY,204791378,3071870670,14015917.33
2023-09-12,FINNIFTY,268707607,10748304280,21827246.44
2023-09-12,MIDCPNIFTY,2124680,159351000,144678.81
2023-09-12,NIFTY,79627051,3981352550,7970133.61
2023-09-13,BANKNIFTY,663508363,9952625445,45464993.42
2023-09-13,FINNIFTY,7665839,306633560,623997.89
2023-09-13,MIDCPNIFTY,2876499,215737425,194128.93
2023-09-13,NIFTY,81905618,4095280900,8193383.81
2023-09-14,BANKNIFTY,94737506,1421062590,6551920.41
2023-09-14,FINNIFTY,17805366,712214640,1453039.06
2023-09-14,MIDCPNIFTY,2364961,177372075,161115.18
2023-09-14,NIFTY,326206926,16310346300,32788389.59
2023-09-15,BANKNIFTY,114911947,1723679205,7970102.00
2023-09-15,FINNIFTY,51263753,2050550120,4208867.65
2023-09-15,MIDCPNIFTY,5843407,438255525,401221.10
2023-09-15,NIFTY,43624445,2181222250,4402538.26
2023-09-18,BANKNIFTY,122836697,1842550455,8513324.84
2023-09-18,FINNIFTY,189391838,7575673520,15506435.08
2023-09-18,MIDCPNIFTY,33150002,2486250150,2276725.19
2023-09-18,NIFTY,38107293,1905364650,3845445.40
2023-09-20,BANKNIFTY,562440534,8436608010,38467585.00
2023-09-20,FINNIFTY,5589638,223585520,453797.33
2023-09-20,MIDCPNIFTY,1242825,93211875,85560.24
2023-09-20,NIFTY,79820581,3991029050,8016082.49
2023-09-21,BANKNIFTY,87325833,1309887495,5927857.75
2023-09-21,FINNIFTY,14316406,572656240,1148746.79
2023-09-21,MIDCPNIFTY,2903010,217725750,198652.72
2023-09-21,NIFTY,294675032,14733751600,29179321.26
2023-09-22,BANKNIFTY,130112070,1951681050,8780998.50
2023-09-22,FINNIFTY,40406301,1616252040,3218927.06
2023-09-22,MIDCPNIFTY,8925658,669424350,608120.16
2023-09-22,NIFTY,58011371,2900568550,5754822.88
2023-09-25,BANKNIFTY,132852730,1992790950,8949697.84
2023-09-25,FINNIFTY,71116566,2844662640,5647884.05
2023-09-25,MIDCPNIFTY,135265621,10144921575,9225456.86
2023-09-25,NIFTY,60056747,3002837350,5931792.66
2023-09-26,BANKNIFTY,106302025,1594530375,7159182.00
2023-09-26,FINNIFTY,285281704,11411268160,22635518.43
2023-09-26,MIDCPNIFTY,2369182,177688650,163370.75
2023-09-26,NIFTY,44148036,2207401800,4360173.14
2023-09-27,BANKNIFTY,270580736,4058711040,18090566.28
2023-09-27,FINNIFTY,8027629,321105160,636326.66
2023-09-27,MIDCPNIFTY,2830565,212292375,194228.84
2023-09-27,NIFTY,110525385,5526269250,10877934.48
2023-09-28,BANKNIFTY,445068449,6676026735,29794849.81
2023-09-28,FINNIFTY,10176748,407069920,807758.07
2023-09-28,MIDCPNIFTY,7588587,569144025,518258.37
2023-09-28,NIFTY,240621446,12031072300,23677492.25
2023-09-29,BANKNIFTY,86976575,1304648625,5841474.29
2023-09-29,FINNIFTY,33127600,1325104000,2628067.44
2023-09-29,MIDCPNIFTY,85415410,6406155750,5832732.03
2023-09-29,NIFTY,48193003,2409650150,4744588.03
2023-10-03,BANKNIFTY,108607984,1629119760,7263326.80
2023-10-03,FINNIFTY,230820285,9232811400,18221034.57
2023-10-03,MIDCPNIFTY,1482542,111190650,101335.76
2023-10-03,NIFTY,56222306,2811115300,5512567.38
2023-10-04,BANKNIFTY,491518326,7372774890,32497762.20
2023-10-04,FINNIFTY,5468773,218750920,431327.65
2023-10-04,MIDCPNIFTY,2591046,194328450,175553.89
2023-10-04,NIFTY,92126864,4606343200,8976838.05
2023-10-05,BANKNIFTY,63536539,953048085,4238852.82
2023-10-05,FINNIFTY,10510694,420427760,830914.71
2023-10-05,MIDCPNIFTY,3389990,254249250,230428.73
2023-10-05,NIFTY,317556195,15877809750,31043020.63
2023-10-06,BANKNIFTY,93352469,1400287035,6233079.40
2023-10-06,FINNIFTY,29420624,1176824960,2332793.84
2023-10-06,MIDCPNIFTY,9021213,676590975,615345.00
2023-10-06,NIFTY,45369033,2268451650,4464033.44
2023-10-09,BANKNIFTY,105495479,1582432185,6996722.47
2023-10-09,FINNIFTY,51626168,2065046720,4061972.49
2023-10-09,MIDCPNIFTY,90742391,6805679325,6147359.90
2023-10-09,NIFTY,55389476,2769473800,5422479.76
2023-10-10,BANKNIFTY,130171079,1952566185,8645105.93
2023-10-10,FINNIFTY,274300967,10972038680,21713483.70
2023-10-10,MIDCPNIFTY,841498,63112350,57590.59
2023-10-10,NIFTY,51797228,2589861400,5085150.26
2023-10-11,BANKNIFTY,560431427,8406471405,37466758.75
2023-10-11,FINNIFTY,5634260,225370400,450548.73
2023-10-11,MIDCPNIFTY,1539561,115467075,106367.96
2023-10-11,NIFTY,75920843,3796042150,7507218.17
2023-10-12,BANKNIFTY,44044598,660668970,2959412.46
2023-10-12,FINNIFTY,8551394,342055760,682207.80
2023-10-12,MIDCPNIFTY,1826820,137011500,125913.22
2023-10-12,NIFTY,294775240,14738762000,29201248.28
2023-10-13,BANKNIFTY,85262074,1278931110,5705634.27
2023-10-13,FINNIFTY,24303370,972134800,1935266.15
2023-10-13,MIDCPNIFTY,8249880,618741000,567312.04
2023-10-13,NIFTY,48313331,2415666550,4781779.65
2023-10-16,BANKNIFTY,88777520,1331662800,5920084.67
2023-10-16,FINNIFTY,51839478,2073579120,4119686.71
2023-10-16,MIDCPNIFTY,100474898,7535617350,6903933.69
2023-10-16,NIFTY,42776710,2138835500,4232811.54
2023-10-17,BANKNIFTY,110865767,1662986505,7407490.54
2023-10-17,FINNIFTY,233312460,9332498400,18621776.36
2023-10-17,MIDCPNIFTY,716179,53713425,49604.19
2023-10-17,NIFTY,44624250,2231212500,4422933.46
2023-10-18,BANKNIFTY,581323703,8719855545,38514670.54
2023-10-18,FINNIFTY,7656241,306249640,609094.22
2023-10-18,MIDCPNIFTY,1748175,131113125,120173.52
2023-10-18,NIFTY,84323128,4216156400,8345859.43
2023-10-19,BANKNIFTY,71442041,1071630615,4733503.73
2023-10-19,FINNIFTY,17372964,694918560,1370302.72
2023-10-19,MIDCPNIFTY,2602054,195154050,177500.01
2023-10-19,NIFTY,347357227,17367861350,34121662.35
2023-10-20,BANKNIFTY,74434997,1116524955,4911968.87
2023-10-20,FINNIFTY,36451206,1458048240,2868489.28
2023-10-20,MIDCPNIFTY,13677195,1025789625,924348.33
2023-10-20,NIFTY,38046334,1902316700,3738078.66
2023-10-23,BANKNIFTY,106530616,1597959240,7013732.57
2023-10-23,FINNIFTY,194443273,7777730920,15234665.64
2023-10-23,MIDCPNIFTY,80187215,6014041125,5361381.79
2023-10-23,NIFTY,59306202,2965310100,5791945.96
2023-10-25,BANKNIFTY,279606078,4194091170,18131352.97
2023-10-25,FINNIFTY,6678322,267132880,519136.84
2023-10-25,MIDCPNIFTY,3470933,260319975,231234.98
2023-10-25,NIFTY,149652069,7482603450,14425634.69
2023-10-26,BANKNIFTY,504738796,7571081940,32163213.58
2023-10-26,FINNIFTY,8204355,328174200,628107.73
2023-10-26,MIDCPNIFTY,3236717,242753775,211272.44
2023-10-26,NIFTY,240014909,12000745450,22819762.30
2023-10-27,BANKNIFTY,84973918,1274608770,5461298.47
2023-10-27,FINNIFTY,23233304,929332160,1777511.32
2023-10-27,MIDCPNIFTY,12084085,906306375,794818.52
2023-10-27,NIFTY,44470142,2223507100,4249996.63
2023-10-30,BANKNIFTY,134891961,2023379415,8687971.91
2023-10-30,FINNIFTY,56455231,2258209240,4324818.03
2023-10-30,MIDCPNIFTY,131735004,9880125300,8607983.49
2023-10-30,NIFTY,56273719,2813685950,5379401.49
2023-10-31,BANKNIFTY,167027933,2505418995,10807804.41
2023-10-31,FINNIFTY,326797847,13071913880,25184412.76
2023-10-31,MIDCPNIFTY,1397196,104789700,92143.90
2023-10-31,NIFTY,62749291,3137464550,6018041.69
2023-11-01,BANKNIFTY,567543661,8513154915,36398150.27
2023-11-01,FINNIFTY,4388466,175538640,337575.69
2023-11-01,MIDCPNIFTY,1374647,103098525,90455.15
2023-11-01,NIFTY,78459061,3922953050,7498684.46
2023-11-02,BANKNIFTY,84870816,1273062240,5506526.98
2023-11-02,FINNIFTY,12131309,485252360,937451.36
2023-11-02,MIDCPNIFTY,2468715,185153625,163532.44
2023-11-02,NIFTY,310094025,15504701250,29666637.44
2023-11-03,BANKNIFTY,74173116,1112596740,4832311.86
2023-11-03,FINNIFTY,17668138,706725520,1372742.16
2023-11-03,MIDCPNIFTY,8477797,635834775,566213.86
2023-11-03,NIFTY,35770904,1788545200,3452265.74
2023-11-06,BANKNIFTY,86398828,1295982420,5647968.43
2023-11-06,FINNIFTY,39560073,1582402920,3084393.63
2023-11-06,MIDCPNIFTY,86763090,6507231750,5829644.95
2023-11-06,NIFTY,45445718,2272285900,4403253.67
2023-11-07,BANKNIFTY,155183607,2327754105,10149503.53
2023-11-07,FINNIFTY,349183165,13967326600,27202710.81
2023-11-07,MIDCPNIFTY,938097,70357275,63287.70
2023-11-07,NIFTY,49970471,2498523550,4849773.01
2023-11-08,BANKNIFTY,577906327,8668594905,37904547.93
2023-11-08,FINNIFTY,5587652,223506080,437887.04
2023-11-08,MIDCPNIFTY,1552075,116405625,105560.84
2023-11-08,NIFTY,63604257,3180212850,6185154.37
2023-11-09,BANKNIFTY,67364874,1010473110,4439361.29
2023-11-09,FINNIFTY,11195204,447808160,876113.73
2023-11-09,MIDCPNIFTY,3065586,229918950,209826.09
2023-11-09,NIFTY,294302058,14715102900,28609086.05
2023-11-10,BANKNIFTY,84973763,1274606445,5591920.54
2023-11-10,FINNIFTY,28831132,1153245280,2254650.76
2023-11-10,MIDCPNIFTY,12377599,928319925,850115.45
2023-11-10,NIFTY,38558930,1927946500,3753198.61
2023-11-13,BANKNIFTY,103116651,1546749765,6796221.01
2023-11-13,FINNIFTY,211717424,8468696960,16576594.15
2023-11-13,MIDCPNIFTY,60631365,4547352375,4200276.69
2023-11-13,NIFTY,36583606,1829180300,3565420.67
2023-11-15,BANKNIFTY,486818496,7302277440,32352457.78
2023-11-15,FINNIFTY,4869807,194792280,384691.09
2023-11-15,MIDCPNIFTY,1508011,113100825,105494.96
2023-11-15,NIFTY,65722032,3286101600,6451152.15
2023-11-16,BANKNIFTY,62923920,943858800,4197411.78
2023-11-16,FINNIFTY,11955588,478223520,944656.04
2023-11-16,MIDCPNIFTY,3109627,233222025,219575.10
2023-11-16,NIFTY,378520298,18926014900,37429190.11
2023-11-17,BANKNIFTY,91591430,1373871450,6057660.63
2023-11-17,FINNIFTY,23654795,946191800,1863236.42
2023-11-17,MIDCPNIFTY,12730596,954794700,904978.67
2023-11-17,NIFTY,45698245,2284912250,4532305.08
2023-11-20,BANKNIFTY,104969006,1574535090,6912641.55
2023-11-20,FINNIFTY,44684830,1787393200,3505161.94
2023-11-20,MIDCPNIFTY,116534628,8740097100,8280459.78
2023-11-20,NIFTY,47159559,2357977950,4666648.84
2023-11-21,BANKNIFTY,114423481,1716352215,7532523.81
2023-11-21,FINNIFTY,223044627,8921785080,17509025.93
2023-11-21,MIDCPNIFTY,1779507,133463025,126997.00
2023-11-21,NIFTY,46760805,2338040250,4633962.95
2023-11-22,BANKNIFTY,608289754,9124346310,39726053.48
2023-11-22,FINNIFTY,5800596,232023840,455944.68
2023-11-22,MIDCPNIFTY,2685636,201422700,191591.95
2023-11-22,NIFTY,88674332,4433716600,8782931.78
2023-11-23,BANKNIFTY,44812526,672187890,2945495.43
2023-11-23,FINNIFTY,8549722,341988880,672193.06
2023-11-23,MIDCPNIFTY,3775862,283189650,269622.41
2023-11-23,NIFTY,328321780,16416089000,32563904.67
2023-11-24,BANKNIFTY,65430592,981458880,4304329.79
2023-11-24,FINNIFTY,21783546,871341840,1712517.69
2023-11-24,MIDCPNIFTY,60174235,4513067625,4286232.32
2023-11-24,NIFTY,34136123,1706806150,3393958.34
2023-11-28,BANKNIFTY,92840570,1392608550,6114960.19
2023-11-28,FINNIFTY,226970381,9078815240,17873331.14
2023-11-28,MIDCPNIFTY,1198893,89916975,85871.75
2023-11-28,NIFTY,44807564,2240378200,4447091.41
2023-11-29,BANKNIFTY,243617540,3654263100,16183977.26
2023-11-29,FINNIFTY,5334486,213379440,426594.36
2023-11-29,MIDCPNIFTY,1861640,139623000,134621.87
2023-11-29,NIFTY,99766425,4988321250,9979084.97
2023-11-30,BANKNIFTY,551232994,8268494910,36778397.37
2023-11-30,FINNIFTY,6403642,256145680,514265.83
2023-11-30,MIDCPNIFTY,1980837,148562775,143528.02
2023-11-30,NIFTY,266933643,13346682150,26813532.81
2023-12-01,BANKNIFTY,77802547,1167038205,5261492.12
2023-12-01,FINNIFTY,14392013,575680520,1165099.88
2023-12-01,MIDCPNIFTY,7307956,548096700,535049.19
2023-12-01,NIFTY,33754965,1687748250,3428549.81
2023-12-04,BANKNIFTY,168945536,2534183040,11646700.63
2023-12-04,FINNIFTY,58451503,2338060120,4831064.19
2023-12-04,MIDCPNIFTY,95066865,7130014875,7049593.28
2023-12-04,NIFTY,59389442,2969472100,6115499.87
2023-12-05,BANKNIFTY,218663781,3279956715,15414858.85
2023-12-05,FINNIFTY,322457847,12898313880,27122735.32
2023-12-05,MIDCPNIFTY,1974257,148069275,147074.25
2023-12-05,NIFTY,64731062,3236553100,6732870.84
2023-12-06,BANKNIFTY,662402482,9936037230,46657163.03
2023-12-06,FINNIFTY,4045990,161839600,342902.89
2023-12-06,MIDCPNIFTY,1658035,124352625,124726.57
2023-12-06,NIFTY,93729095,4686454750,9793368.32
2023-12-07,BANKNIFTY,70700562,1060508430,4986124.74
2023-12-07,FINNIFTY,8988616,359544640,755757.36
2023-12-07,MIDCPNIFTY,3536318,265223850,265068.05
2023-12-07,NIFTY,324125133,16206256650,33878154.33
2023-12-08,BANKNIFTY,115866450,1737996750,8208903.91
2023-12-08,FINNIFTY,22789130,911565200,1926093.68
2023-12-08,MIDCPNIFTY,13653330,1023999750,1024112.80
2023-12-08,NIFTY,51723653,2586182650,5437753.26
2023-12-11,BANKNIFTY,123044298,1845664470,8767903.65
2023-12-11,FINNIFTY,46822339,1872893560,3979700.15
2023-12-11,MIDCPNIFTY,93291245,6996843375,7004939.33
2023-12-11,NIFTY,44180381,2209019050,4648627.80
2023-12-12,BANKNIFTY,158496054,2377440810,11268651.54
2023-12-12,FINNIFTY,249120976,9964839040,21138851.02
2023-12-12,MIDCPNIFTY,1750652,131298900,132476.76
2023-12-12,NIFTY,52040776,2602038800,5480331.83
2023-12-13,BANKNIFTY,648062793,9720941895,45771258.81
2023-12-13,FINNIFTY,4412855,176514200,375036.38
2023-12-13,MIDCPNIFTY,2379814,178486050,179967.25
2023-12-13,NIFTY,108505243,5425262150,11363744.89
2023-12-14,BANKNIFTY,78066967,1171004505,5611194.94
2023-12-14,FINNIFTY,11607288,464291520,999923.10
2023-12-14,MIDCPNIFTY,4147963,311097225,318468.72
2023-12-14,NIFTY,320612040,16030602000,33901532.43
2023-12-15,BANKNIFTY,103093736,1546406040,7434955.41
2023-12-15,FINNIFTY,20644800,825792000,1778202.72
2023-12-15,MIDCPNIFTY,10513186,788488950,812944.57
2023-12-15,NIFTY,53807024,2690351200,5748505.18
2023-12-18,BANKNIFTY,105334427,1580016405,7614862.66
2023-12-18,FINNIFTY,41403105,1656124200,3566063.03
2023-12-18,MIDCPNIFTY,144052970,10803972750,11145263.21
2023-12-18,NIFTY,48855366,2442768300,5253276.95
2023-12-19,BANKNIFTY,158515855,2377737825,11416772.42
2023-12-19,FINNIFTY,321908721,12876348840,27602505.91
2023-12-19,MIDCPNIFTY,1989919,149243925,154074.14
2023-12-19,NIFTY,63445470,3172273500,6810154.19
2023-12-20,BANKNIFTY,715324873,10729873095,51411247.00
2023-12-20,FINNIFTY,6375503,255020120,547798.40
2023-12-20,MIDCPNIFTY,8473999,635549925,654797.10
2023-12-20,NIFTY,147228765,7361438250,15797181.14
2023-12-21,BANKNIFTY,91886741,1378301115,6566722.69
2023-12-21,FINNIFTY,12598987,503959480,1071539.59
2023-12-21,MIDCPNIFTY,13089588,981719100,988785.90
2023-12-21,NIFTY,467224411,23361220550,49475916.25
2023-12-22,BANKNIFTY,106402815,1596042225,7658426.45
2023-12-22,FINNIFTY,29251792,1170071680,2496191.71
2023-12-22,MIDCPNIFTY,92405113,6930383475,7089567.78
2023-12-22,NIFTY,55159596,2757979800,5907539.00
2023-12-26,BANKNIFTY,111344977,1670174655,7979459.04
2023-12-26,FINNIFTY,261402939,10456117560,22233713.22
2023-12-26,MIDCPNIFTY,1772610,132945750,137861.41
2023-12-26,NIFTY,56417964,2820898200,6043518.18
2023-12-27,BANKNIFTY,262056594,3930848910,18911966.69
2023-12-27,FINNIFTY,3953319,158132760,340964.68
2023-12-27,MIDCPNIFTY,3411414,255856050,264750.98
2023-12-27,NIFTY,119684619,5984230950,12884854.88
2023-12-28,BANKNIFTY,479525992,7192889880,34851077.67
2023-12-28,FINNIFTY,5227307,209092280,452609.66
2023-12-28,MIDCPNIFTY,2575355,193151625,200017.83
2023-12-28,NIFTY,231642873,11582143650,25129542.16
2023-12-29,BANKNIFTY,78653866,1179807990,5736777.25
2023-12-29,FINNIFTY,12873187,514927480,1112488.85
2023-12-29,MIDCPNIFTY,10765608,807420600,839576.18
2023-12-29,NIFTY,41309757,2065487850,4514112.09
2024-01-01,BANKNIFTY,107236626,1608549390,7816097.13
2024-01-01,FINNIFTY,37625610,1505024400,3242063.08
2024-01-01,MIDCPNIFTY,74449972,5583747900,5823565.35
2024-01-01,NIFTY,51516253,2575812650,5618421.85
2024-01-02,BANKNIFTY,164082107,2461231605,11866037.84
2024-01-02,FINNIFTY,271250672,10850026880,23198447.32
2024-01-02,MIDCPNIFTY,2367727,177579525,184754.16
2024-01-02,NIFTY,70646417,3532320850,7680875.89
2024-01-03,BANKNIFTY,681970172,10229552580,48824484.35
2024-01-03,FINNIFTY,3505912,140236480,300054.52
2024-01-03,MIDCPNIFTY,2593122,194484150,202058.25
2024-01-03,NIFTY,94835676,4741783800,10266341.28
2024-01-04,BANKNIFTY,75636029,1134540435,5482223.37
2024-01-04,FINNIFTY,10670676,426827040,916772.86
2024-01-04,MIDCPNIFTY,4504801,337860075,355402.79
2024-01-04,NIFTY,286186489,14309324450,30945119.16
2024-01-05,BANKNIFTY,113228795,1698431925,8216918.15
2024-01-05,FINNIFTY,19958966,798358640,1717639.55
2024-01-05,MIDCPNIFTY,19270511,1445288325,1525032.88
2024-01-05,NIFTY,44359091,2217954550,4828632.60
2024-01-08,BANKNIFTY,144038782,2160581730,10394251.31
2024-01-08,FINNIFTY,48274137,1930965480,4146775.80
2024-01-08,MIDCPNIFTY,135373722,10153029150,10654155.09
2024-01-08,NIFTY,63965217,3198260850,6949901.98
2024-01-09,BANKNIFTY,194085092,2911276380,13923805.41
2024-01-09,FINNIFTY,345932838,13837313520,29557456.22
2024-01-09,MIDCPNIFTY,2685602,201420150,211767.67
2024-01-09,NIFTY,72124699,3606234950,7818445.28
2024-01-10,BANKNIFTY,688161087,10322416305,48819876.06
2024-01-10,FINNIFTY,4139723,165588920,352402.53
2024-01-10,MIDCPNIFTY,4115454,308659050,320730.98
2024-01-10,NIFTY,110270773,5513538650,11904648.84
2024-01-11,BANKNIFTY,62435111,936526665,4468392.28
2024-01-11,FINNIFTY,8631307,345252280,736853.80
2024-01-11,MIDCPNIFTY,4302310,322673250,337442.42
2024-01-11,NIFTY,351304208,17565210400,38049929.26
2024-01-12,BANKNIFTY,84003390,1260050850,6023064.80
2024-01-12,FINNIFTY,17224113,688964520,1471239.86
2024-01-12,MIDCPNIFTY,12547018,941026350,989248.33
2024-01-12,NIFTY,55332184,2766609200,6056293.14
2024-01-15,BANKNIFTY,105366904,1580503560,7606386.24
2024-01-15,FINNIFTY,36567986,1462719440,3136656.47
2024-01-15,MIDCPNIFTY,120640443,9048033225,9612004.01
2024-01-15,NIFTY,49665918,2483295900,5472712.05
2024-01-16,BANKNIFTY,140241855,2103627825,10160530.63
2024-01-16,FINNIFTY,268980067,10759202680,23081955.22
2024-01-16,MIDCPNIFTY,2596886,194766450,206843.11
2024-01-16,NIFTY,59794174,2989708700,6593569.03
2024-01-17,BANKNIFTY,693048594,10395728910,48533751.34
2024-01-17,FINNIFTY,5502781,220111240,462118.11
2024-01-17,MIDCPNIFTY,3279442,245958150,258349.86
2024-01-17,NIFTY,107580732,5379036600,11734454.79
2024-01-18,BANKNIFTY,72023973,1080359595,4985556.69
2024-01-18,FINNIFTY,7495700,299828000,619856.43
2024-01-18,MIDCPNIFTY,7896933,592269975,615212.16
2024-01-18,NIFTY,473885944,23694297200,50868612.76
2024-01-19,BANKNIFTY,76217266,1143258990,5281983.93
2024-01-19,FINNIFTY,14227039,569081560,1174926.76
2024-01-19,MIDCPNIFTY,13874329,1040574675,1097617.92
2024-01-19,NIFTY,41296298,2064814900,4477047.23
2024-01-23,BANKNIFTY,140254911,2103823665,9666241.18
2024-01-23,FINNIFTY,369710108,14788404320,30133549.53
2024-01-23,MIDCPNIFTY,2624045,196803375,208346.69
2024-01-23,NIFTY,78952624,3947631200,8516532.34
2024-01-24,BANKNIFTY,272707903,4090618545,18494129.87
2024-01-24,FINNIFTY,4887080,195483200,397082.01
2024-01-24,MIDCPNIFTY,3771261,282844575,296608.92
2024-01-24,NIFTY,148993031,7449651550,15932649.99
2024-01-25,BANKNIFTY,518421452,7776321780,34884145.48
2024-01-25,FINNIFTY,7630318,305212720,618636.48
2024-01-25,MIDCPNIFTY,6830946,512320950,536935.02
2024-01-25,NIFTY,256103118,12805155900,27356431.80
2024-01-29,BANKNIFTY,108739236,1631088540,7450491.16
2024-01-29,FINNIFTY,36381849,1455273960,2971246.86
2024-01-29,MIDCPNIFTY,155567040,11667528000,12379156.22
2024-01-29,NIFTY,39393774,1969688700,4283899.61
2024-01-30,BANKNIFTY,146657811,2199867165,10041430.70
2024-01-30,FINNIFTY,307071320,12282852800,24969551.96
2024-01-30,MIDCPNIFTY,1200908,90068100,96724.65
2024-01-30,NIFTY,47936877,2396843850,5222415.03
2024-01-31,BANKNIFTY,798200812,11973012180,54951493.25
2024-01-31,FINNIFTY,2448769,97950760,203198.82
2024-01-31,MIDCPNIFTY,1052691,78951825,84500.51
2024-01-31,NIFTY,64123785,3206189250,6971760.54
2024-02-01,BANKNIFTY,88282243,1324233645,6162486.22
2024-02-01,FINNIFTY,6352000,254080000,525827.46
2024-02-01,MIDCPNIFTY,3751737,281380275,301171.15
2024-02-01,NIFTY,386788704,19339435200,42140750.31
2024-02-02,BANKNIFTY,106962094,1604431410,7485655.73
2024-02-02,FINNIFTY,21073307,842932280,1743827.38
2024-02-02,MIDCPNIFTY,13532381,1014928575,1092177.41
2024-02-02,NIFTY,60771120,3038556000,6694385.57
2024-02-05,BANKNIFTY,111082683,1666240245,7694716.05
2024-02-05,FINNIFTY,38257484,1530299360,3129297.63
2024-02-05,MIDCPNIFTY,138832768,10412457600,11198354.50
2024-02-05,NIFTY,54529381,2726469050,5995602.86
2024-02-06,BANKNIFTY,146820959,2202314385,10128546.59
2024-02-06,FINNIFTY,309555880,12382235200,25183878.18
2024-02-06,MIDCPNIFTY,1232461,92434575,100022.04
2024-02-06,NIFTY,54824055,2741202750,6010536.45
2024-02-07,BANKNIFTY,628736838,9431052570,43289270.65
2024-02-07,FINNIFTY,2866926,114677040,235776.24
2024-02-07,MIDCPNIFTY,1590492,119286900,129036.30
2024-02-07,NIFTY,91896318,4594815900,10108203.63
2024-02-08,BANKNIFTY,85748619,1286229285,5909077.39
2024-02-08,FINNIFTY,8896301,355852040,726970.52
2024-02-08,MIDCPNIFTY,3504604,262845300,285576.53
2024-02-08,NIFTY,439471281,21973564050,47962996.94
2024-02-09,BANKNIFTY,96057252,1440858780,6570610.06
2024-02-09,FINNIFTY,15095913,603836520,1220905.41
2024-02-09,MIDCPNIFTY,23508548,1763141100,1889277.17
2024-02-09,NIFTY,44009963,2200498150,4804336.89
2024-02-12,BANKNIFTY,135283915,2029258725,9216125.85
2024-02-12,FINNIFTY,47282116,1891284640,3803072.23
2024-02-12,MIDCPNIFTY,117330764,8799807300,9431437.66
2024-02-12,NIFTY,54485782,2724289100,5937309.20
2024-02-13,BANKNIFTY,204616413,3069246195,13943878.03
2024-02-13,FINNIFTY,382469777,15298791080,30814342.37
2024-02-13,MIDCPNIFTY,1970712,147803400,158035.78
2024-02-13,NIFTY,59224917,2961245850,6443030.91
2024-02-14,BANKNIFTY,922520504,13837807560,63015292.53
2024-02-14,FINNIFTY,4515681,180627240,366157.31
2024-02-14,MIDCPNIFTY,1891426,141856950,151049.91
2024-02-14,NIFTY,99379584,4968979200,10795048.34
2024-02-15,BANKNIFTY,71744358,1076165370,4980383.72
2024-02-15,FINNIFTY,7083699,283347960,577434.11
2024-02-15,MIDCPNIFTY,3665090,274881750,298466.47
2024-02-15,NIFTY,398634403,19931720150,43628346.13
2024-02-16,BANKNIFTY,84929147,1273937205,5938736.93
2024-02-16,FINNIFTY,14096662,563866480,1154518.56
2024-02-16,MIDCPNIFTY,10943580,820768500,900482.75
2024-02-16,NIFTY,32394479,1619723950,3581917.34
2024-02-19,BANKNIFTY,99423430,1491351450,6966767.21
2024-02-19,FINNIFTY,32177299,1287091960,2644568.60
2024-02-19,MIDCPNIFTY,101290252,7596768900,8385998.63
2024-02-19,NIFTY,44124745,2206237250,4888213.24
2024-02-20,BANKNIFTY,163816981,2457254715,11524997.20
2024-02-20,FINNIFTY,323615169,12944606760,26808484.24
2024-02-20,MIDCPNIFTY,947568,71067600,78292.93
2024-02-20,NIFTY,51543581,2577179050,5713539.67
2024-02-21,BANKNIFTY,775840139,11637602085,54828180.76
2024-02-21,FINNIFTY,3238813,129552520,271103.03
2024-02-21,MIDCPNIFTY,2012375,150928125,166121.03
2024-02-21,NIFTY,95728788,4786439400,10607780.02
2024-02-22,BANKNIFTY,58058725,870880875,4093898.86
2024-02-22,FINNIFTY,7559573,302382920,625667.89
2024-02-22,MIDCPNIFTY,4039037,302927775,330916.97
2024-02-22,NIFTY,469431778,23471588900,51781010.61
2024-02-23,BANKNIFTY,82176502,1232647530,5820976.26
2024-02-23,FINNIFTY,15687519,627500760,1303625.26
2024-02-23,MIDCPNIFTY,16210371,1215777825,1349050.28
2024-02-23,NIFTY,35256522,1762826100,3934684.87
2024-02-26,BANKNIFTY,78140488,1172107320,5506586.56
2024-02-26,FINNIFTY,31960655,1278426200,2647677.97
2024-02-26,MIDCPNIFTY,167501699,12562627425,13807318.09
2024-02-26,NIFTY,38794660,1939733000,4316242.47
2024-02-27,BANKNIFTY,92129466,1381941990,6465908.88
2024-02-27,FINNIFTY,336449265,13457970600,27728357.06
2024-02-27,MIDCPNIFTY,1902344,142675800,158412.73
2024-02-27,NIFTY,48801773,2440088650,5418526.05
2024-02-28,BANKNIFTY,262009628,3930144420,18236245.61
2024-02-28,FINNIFTY,3859560,154382400,318547.93
2024-02-28,MIDCPNIFTY,4122682,309201150,339233.27
2024-02-28,NIFTY,128235369,6411768450,14184200.49
2024-02-29,BANKNIFTY,554578960,8318684400,38358498.47
2024-02-29,FINNIFTY,5107820,204312800,418240.77
2024-02-29,MIDCPNIFTY,4169142,312685650,339096.33
2024-02-29,NIFTY,281874506,14093725300,30990043.42
2024-03-01,BANKNIFTY,82676272,1240144080,5838819.85
2024-03-01,FINNIFTY,16197541,647901640,1340141.47
2024-03-01,MIDCPNIFTY,8131582,609868650,665244.55
2024-03-01,NIFTY,40164312,2008215600,4483934.97
2024-03-04,BANKNIFTY,99352601,1490289015,7077027.33
2024-03-04,FINNIFTY,34549973,1381998920,2884075.91
2024-03-04,MIDCPNIFTY,115572622,8667946650,9511513.53
2024-03-04,NIFTY,34857581,1742879050,3901091.16
2024-03-05,BANKNIFTY,159295033,2389425495,11366078.81
2024-03-05,FINNIFTY,326097247,13043889880,27243598.91
2024-03-05,MIDCPNIFTY,2066393,154979475,170808.80
2024-03-05,NIFTY,54769943,2738497150,6127144.51
2024-03-06,BANKNIFTY,704089155,10561337325,50610429.02
2024-03-06,FINNIFTY,4684555,187382200,394384.09
2024-03-06,MIDCPNIFTY,4519685,338976375,368921.71
2024-03-06,NIFTY,105240676,5262033800,11769957.68
2024-03-07,BANKNIFTY,53012839,795192585,3830388.62
2024-03-07,FINNIFTY,8550871,342034840,719975.13
2024-03-07,MIDCPNIFTY,5586696,419002200,457300.16
2024-03-07,NIFTY,280994695,14049734750,31578576.59
2024-03-11,BANKNIFTY,96463073,1446946095,6911188.51
2024-03-11,FINNIFTY,33791998,1351679920,2830404.89
2024-03-11,MIDCPNIFTY,102076224,7655716800,8319623.46
2024-03-11,NIFTY,45466184,2273309200,5119071.08
2024-03-12,BANKNIFTY,172028998,2580434970,12291991.37
2024-03-12,FINNIFTY,341676031,13667041240,28605072.70
2024-03-12,MIDCPNIFTY,2451813,183885975,199340.86
2024-03-12,NIFTY,52704543,2635227150,5912285.47
2024-03-13,BANKNIFTY,658707154,9880607310,46652262.12
2024-03-13,FINNIFTY,4654519,186180760,390277.74
2024-03-13,MIDCPNIFTY,5073999,380549925,404805.64
2024-03-13,NIFTY,137127909,6856395450,15250539.40
2024-03-14,BANKNIFTY,59516561,892748415,4213601.94
2024-03-14,FINNIFTY,7515376,300615040,627522.06
2024-03-14,MIDCPNIFTY,6906166,517962450,544439.63
2024-03-14,NIFTY,417300461,20865023050,46166807.71
2024-03-15,BANKNIFTY,84711672,1270675080,5950503.99
2024-03-15,FINNIFTY,17559267,702370680,1453818.73
2024-03-15,MIDCPNIFTY,17869074,1340180550,1403712.21
2024-03-15,NIFTY,48923754,2446187700,5414804.84
2024-03-18,BANKNIFTY,106124240,1591863600,7446333.31
2024-03-18,FINNIFTY,38075516,1523020640,3150015.83
2024-03-18,MIDCPNIFTY,138508300,10388122500,10766734.28
2024-03-18,NIFTY,51135606,2556780300,5653124.05
2024-03-19,BANKNIFTY,138148742,2072231130,9682097.29
2024-03-19,FINNIFTY,284166836,11366673440,23409183.24
2024-03-19,MIDCPNIFTY,3300904,247567800,254735.94
2024-03-19,NIFTY,62761260,3138063000,6911372.39
2024-03-20,BANKNIFTY,819668210,12295023150,57057917.86
2024-03-20,FINNIFTY,4557052,182282080,377062.19
2024-03-20,MIDCPNIFTY,4659585,349468875,357094.03
2024-03-20,NIFTY,93428746,4671437300,10245588.99
2024-03-21,BANKNIFTY,64250931,963763965,4530544.05
2024-03-21,FINNIFTY,8741228,349649120,727221.24
2024-03-21,MIDCPNIFTY,9652267,723920025,749278.34
2024-03-21,NIFTY,366751983,18337599150,40364899.65
2024-03-22,BANKNIFTY,68861451,1032921765,4854092.75
2024-03-22,FINNIFTY,16636410,665456400,1383933.89
2024-03-22,MIDCPNIFTY,68833364,5162502300,5370225.09
2024-03-22,NIFTY,51721487,2586074350,5723747.78
2024-03-26,BANKNIFTY,115071156,1726067340,8091767.77
2024-03-26,FINNIFTY,239562086,9582483440,19870594.11
2024-03-26,MIDCPNIFTY,2742935,205720125,216900.55
2024-03-26,NIFTY,46852410,2342620500,5181066.14
2024-03-27,BANKNIFTY,536854500,8052817500,37724401.83
2024-03-27,FINNIFTY,3070309,122812360,257066.81
2024-03-27,MIDCPNIFTY,3060302,229522650,242591.25
2024-03-27,NIFTY,76922512,3846125600,8509636.74
2024-03-28,BANKNIFTY,55519702,832795530,3953606.16
2024-03-28,FINNIFTY,8391907,335676280,708024.27
2024-03-28,MIDCPNIFTY,5449452,408708900,431953.87
2024-03-28,NIFTY,392359931,19617996550,43843076.83
2024-04-01,BANKNIFTY,62695450,940431750,4484331.03
2024-04-01,FINNIFTY,26302607,1052104280,2229675.53
2024-04-01,MIDCPNIFTY,120610330,9045774750,9638243.82
2024-04-01,NIFTY,39210022,1960501100,4417586.00
2024-04-02,BANKNIFTY,104106827,1561602405,7449966.76
2024-04-02,FINNIFTY,317035008,12681400320,26856815.83
2024-04-02,MIDCPNIFTY,3041191,228089325,246756.16
2024-04-02,NIFTY,43616633,2180831650,4908912.03
2024-04-03,BANKNIFTY,633773265,9506598975,45214200.98
2024-04-03,FINNIFTY,4187866,167514640,356572.49
2024-04-03,MIDCPNIFTY,2548353,191126475,206825.19
2024-04-03,NIFTY,82975513,4148775650,9324538.78
2024-04-04,BANKNIFTY,52978783,794681745,3825896.53
2024-04-04,FINNIFTY,7232771,289310840,618701.24
2024-04-04,MIDCPNIFTY,3489951,261746325,283543.70
2024-04-04,NIFTY,453678801,22683940050,50993884.95
2024-04-05,BANKNIFTY,84871377,1273070655,6155504.15
2024-04-05,FINNIFTY,13670860,546834400,1174107.63
2024-04-05,MIDCPNIFTY,10573960,793047000,858764.40
2024-04-05,NIFTY,36149846,1807492300,4080539.82
2024-04-08,BANKNIFTY,83205011,1248075165,6070137.23
2024-04-08,FINNIFTY,26593147,1063725880,2295327.63
2024-04-08,MIDCPNIFTY,127573055,9567979125,10409793.01
2024-04-08,NIFTY,48652859,2432642950,5504870.08
2024-04-09,BANKNIFTY,145525616,2182884240,10651397.40
2024-04-09,FINNIFTY,270768882,10830755280,23472106.27
2024-04-09,MIDCPNIFTY,1889571,141717825,154945.93
2024-04-09,NIFTY,71880933,3594046650,8140794.88
2024-04-10,BANKNIFTY,472425139,7086377085,34604221.92
2024-04-10,FINNIFTY,3755878,150235120,327306.93
2024-04-10,MIDCPNIFTY,2873784,215533800,235931.24
2024-04-10,NIFTY,187043111,9352155550,21207577.80
2024-04-12,BANKNIFTY,78320002,1174800030,5743957.74
2024-04-12,FINNIFTY,9691687,387667480,839298.23
2024-04-12,MIDCPNIFTY,9650525,723789375,794823.94
2024-04-12,NIFTY,48518493,2425924650,5517431.01
2024-04-15,BANKNIFTY,131472179,1972082685,9514112.38
2024-04-15,FINNIFTY,24511526,980461040,2092359.65
2024-04-15,MIDCPNIFTY,89301634,6697622550,7245644.88
2024-04-15,NIFTY,61527180,3076359000,6914920.78
2024-04-16,BANKNIFTY,442627477,6639412155,31559044.46
2024-04-16,FINNIFTY,147899713,5915988520,12467051.87
2024-04-16,MIDCPNIFTY,2396721,179754075,195037.32
2024-04-16,NIFTY,69430972,3471548600,7739456.84
2024-04-18,BANKNIFTY,66250857,993762855,4739800.76
2024-04-18,FINNIFTY,7323890,292955600,621705.87
2024-04-18,MIDCPNIFTY,4566702,342502650,371281.23
2024-04-18,NIFTY,420101826,21005091300,46600162.47
2024-04-19,BANKNIFTY,79476711,1192150665,5645758.15
2024-04-19,FINNIFTY,12239932,489597280,1032428.45
2024-04-19,MIDCPNIFTY,11080475,831035625,888609.18
2024-04-19,NIFTY,48756519,2437825950,5383146.07
2024-04-22,BANKNIFTY,91481802,1372227030,6560414.88
2024-04-22,FINNIFTY,26207179,1048287160,2230408.50
2024-04-22,MIDCPNIFTY,92532571,6939942825,7428989.45
2024-04-22,NIFTY,46446022,2322301100,5168308.18
2024-04-23,BANKNIFTY,111301840,1669527600,8006350.83
2024-04-23,FINNIFTY,223207699,8928307960,19059295.85
2024-04-23,MIDCPNIFTY,1535374,115153050,124517.36
2024-04-23,NIFTY,52864081,2643204050,5922658.91
2024-04-24,BANKNIFTY,448586622,6728799330,32382142.92
2024-04-24,FINNIFTY,2622329,104893160,225850.75
2024-04-24,MIDCPNIFTY,1502250,112668750,122072.99
2024-04-24,NIFTY,63537068,3176853400,7109814.65
2024-04-24,NIFTYNXT50,1724,17240,112.85
2024-04-25,BANKNIFTY,62270040,934050600,4529479.27
2024-04-25,FINNIFTY,6103123,244124920,525717.24
2024-04-25,MIDCPNIFTY,2568024,192601800,209067.71
2024-04-25,NIFTY,357399696,17869984800,40178230.89
2024-04-25,NIFTYNXT50,4121,41210,295.68
2024-04-26,BANKNIFTY,75131231,1126968465,5478987.97
2024-04-26,FINNIFTY,10801656,432066240,929621.40
2024-04-26,MIDCPNIFTY,9408875,705665625,774262.94
2024-04-26,NIFTY,77600347,1940008675,4392089.56
2024-04-26,NIFTYNXT50,2857,28570,197.39
2024-04-29,BANKNIFTY,177803128,2667046920,13047014.50
2024-04-29,FINNIFTY,28342037,1133681480,2451762.50
2024-04-29,MIDCPNIFTY,62603728,4695279600,5177130.14
2024-04-29,NIFTY,86954267,2173856675,4909783.82
2024-04-29,NIFTYNXT50,2072,20720,144.14
2024-04-30,BANKNIFTY,608103355,9121550325,45223210.46
2024-04-30,FINNIFTY,182786478,7311459120,16014580.07
2024-04-30,MIDCPNIFTY,2063917,154793775,173120.44
2024-04-30,NIFTY,115876267,2896906675,6575796.86
2024-04-30,NIFTYNXT50,1823,18230,124.23
2024-05-02,BANKNIFTY,72715094,1090726410,5402735.63
2024-05-02,FINNIFTY,7258259,290330360,637112.00
2024-05-02,MIDCPNIFTY,3236176,242713200,270844.38
2024-05-02,NIFTY,624830856,15620771400,35410455.64
2024-05-02,NIFTYNXT50,3300,33000,234.36
2024-05-03,BANKNIFTY,99997180,1499957700,7394058.04
2024-05-03,FINNIFTY,17521722,700868880,1542136.75
2024-05-03,MIDCPNIFTY,11682163,876162225,973853.63
2024-05-03,NIFTY,105417138,2635428450,5982908.25
2024-05-03,NIFTYNXT50,2483,24830,173.28
2024-05-06,BANKNIFTY,110423836,1656357540,8164143.70
2024-05-06,FINNIFTY,30115679,1204627100,2638477.25
2024-05-06,MIDCPNIFTY,85952630,6446447250,7128080.10
2024-05-06,NIFTY,95486507,2387162675,5395217.63
2024-05-06,NIFTYNXT50,2571,25710,175.64
2024-05-07,BANKNIFTY,161557154,2423357310,11828992.71
2024-05-07,FINNIFTY,278558759,11142350360,24088204.88
2024-05-07,MIDCPNIFTY,3537183,265288725,291133.86
2024-05-07,NIFTY,118484318,2962107950,6669071.07
2024-05-07,NIFTYNXT50,2473,24730,169.20
2024-05-08,BANKNIFTY,592540544,8888108160,42865491.92
2024-05-08,FINNIFTY,3528783,141151320,304752.93
2024-05-08,MIDCPNIFTY,3470280,260271000,285052.43
2024-05-08,NIFTY,174657815,4366445375,9783356.21
2024-05-08,NIFTYNXT50,4787,47870,335.20
2024-05-09,BANKNIFTY,69745180,1046177700,5041182.36
2024-05-09,FINNIFTY,7253381,290135240,621751.01
2024-05-09,MIDCPNIFTY,5534891,415116825,453765.11
2024-05-09,NIFTY,673347966,16833699150,37320416.83
2024-05-09,NIFTYNXT50,2727,27270,189.43
2024-05-10,BANKNIFTY,82312980,1234694700,5913266.10
2024-05-10,FINNIFTY,12584079,503363160,1071297.76
2024-05-10,MIDCPNIFTY,12961946,972145950,1054764.49
2024-05-10,NIFTY,76258158,1906453950,4229434.32
2024-05-10,NIFTYNXT50,22188,221880,1611.71
2024-05-13,BANKNIFTY,120004633,1800069495,8572622.62
2024-05-13,FINNIFTY,30840438,1233617520,2614907.36
2024-05-13,MIDCPNIFTY,152852295,11463922125,12538418.84
2024-05-13,NIFTY,113709628,2842740700,6277378.01
2024-05-13,NIFTYNXT50,3134,31340,215.84
2024-05-14,BANKNIFTY,122506544,1837598160,8814680.91
2024-05-14,FINNIFTY,271913434,10876537360,23129806.90
2024-05-14,MIDCPNIFTY,3073751,230531325,256498.62
2024-05-14,NIFTY,100319168,2507979200,5572961.62
2024-05-14,NIFTYNXT50,3433,34330,242.59
2024-05-15,BANKNIFTY,538355661,8075334915,38605864.73
2024-05-15,FINNIFTY,3364993,134599720,287633.05
2024-05-15,MIDCPNIFTY,3555620,266671500,297881.08
2024-05-15,NIFTY,151044976,3776124400,8399023.09
2024-05-15,NIFTYNXT50,2741,27410,193.75
2024-05-16,BANKNIFTY,74022800,1110342000,5325113.20
2024-05-16,FINNIFTY,8846350,353854000,754995.23
2024-05-16,MIDCPNIFTY,10071131,755334800,848936.85
2024-05-16,NIFTY,806946744,20173668600,44826136.44
2024-05-16,NIFTYNXT50,3691,36910,260.90
2024-05-17,BANKNIFTY,67068032,1006020480,4849563.32
2024-05-17,FINNIFTY,12918149,516725960,1108575.30
2024-05-17,MIDCPNIFTY,62922038,4719152850,5333064.16
2024-05-17,NIFTY,67191567,1679789175,3773488.03
2024-05-17,NIFTYNXT50,35104,351040,2575.68
2024-05-21,BANKNIFTY,121882043,1828230645,8822918.08
2024-05-21,FINNIFTY,228546681,9141867240,19621343.70
2024-05-21,MIDCPNIFTY,1709296,128197150,145458.45
2024-05-21,NIFTY,84107558,2102688950,4733272.88
2024-05-21,NIFTYNXT50,10320,103200,741.74
2024-05-22,BANKNIFTY,598139505,8972092575,42948535.14
2024-05-22,FINNIFTY,3032354,121294160,260587.44
2024-05-22,MIDCPNIFTY,2279714,170978525,194483.58
2024-05-22,NIFTY,107990954,2699773850,6082021.20
2024-05-22,NIFTYNXT50,6447,64470,456.08
2024-05-23,BANKNIFTY,63740273,956104095,4649869.95
2024-05-23,FINNIFTY,6334732,253389280,548176.22
2024-05-23,MIDCPNIFTY,3614477,271085775,309214.88
2024-05-23,NIFTY,651123250,16278081250,37116168.00
2024-05-23,NIFTYNXT50,6936,69360,494.54
2024-05-24,BANKNIFTY,66161113,992416695,4869519.11
2024-05-24,FINNIFTY,10157498,406299875,889159.92
2024-05-24,MIDCPNIFTY,12315569,923667425,1060670.22
2024-05-24,NIFTY,65178697,1629467425,3757250.06
2024-05-24,NIFTYNXT50,10709,107090,773.54
2024-05-27,BANKNIFTY,114594470,1718917050,8511471.58
2024-05-27,FINNIFTY,27774193,1110967675,2451584.05
2024-05-27,MIDCPNIFTY,155161851,11637138800,13600588.77
2024-05-27,NIFTY,79160822,1979020550,4567055.24
2024-05-27,NIFTYNXT50,6896,68960,496.06
2024-05-28,BANKNIFTY,129945612,1949184180,9644349.14
2024-05-28,FINNIFTY,288226976,11529079040,25375538.06
2024-05-28,MIDCPNIFTY,1631431,122357325,143708.46
2024-05-28,NIFTY,70842120,1771053000,4077642.22
2024-05-28,NIFTYNXT50,10300,103000,735.54
2024-05-29,BANKNIFTY,593319502,8899792530,43491611.92
2024-05-29,FINNIFTY,714523,28580920,63617.20
2024-05-29,MIDCPNIFTY,1074916,80618675,94344.99
2024-05-29,NIFTY,129884615,3247115375,7434151.98
2024-05-29,NIFTYNXT50,16355,163550,1183.13
2024-05-30,BANKNIFTY,21823604,327354060,1626505.98
2024-05-30,FINNIFTY,1274958,50998320,112952.72
2024-05-30,MIDCPNIFTY,1912432,143432375,166198.40
2024-05-30,NIFTY,638046439,15951160975,36103721.01
2024-05-30,NIFTYNXT50,53010,530100,3839.46
2024-05-31,BANKNIFTY,30205000,453075000,2238353.64
2024-05-31,FINNIFTY,2289461,91578440,203060.88
2024-05-31,MIDCPNIFTY,5239805,392985350,455574.28
2024-05-31,NIFTY,32257507,806437675,1848362.51
2024-05-31,NIFTYNXT50,2533040,25330400,172283.06
2024-06-03,BANKNIFTY,61146534,917198010,4696577.94
2024-06-03,FINNIFTY,10446310,417852400,954836.03
2024-06-03,MIDCPNIFTY,104779335,7858450125,9236619.85
2024-06-03,NIFTY,59268517,1481712925,3440612.46
2024-06-03,NIFTYNXT50,180,1800,12.91
2024-06-04,BANKNIFTY,131548725,1973230875,9662506.31
2024-06-04,FINNIFTY,264310549,10572421960,22622745.47
2024-06-04,MIDCPNIFTY,788383,59128675,68329.32
2024-06-04,NIFTY,141713738,3542843450,7976033.94
2024-06-04,NIFTYNXT50,167,1670,11.65
2024-06-05,BANKNIFTY,702217625,10533264375,50890264.35
2024-06-05,FINNIFTY,1905096,76203840,164560.32
2024-06-05,MIDCPNIFTY,1858116,139358600,158727.59
2024-06-05,NIFTY,159381199,3984529975,8960760.72
2024-06-05,NIFTYNXT50,245,2450,17.00
2024-06-06,BANKNIFTY,55088370,826325550,4114913.02
2024-06-06,FINNIFTY,4383698,175347920,387354.68
2024-06-06,MIDCPNIFTY,3156030,236702150,275864.55
2024-06-06,NIFTY,760073072,19001826800,43261395.00
2024-06-06,NIFTYNXT50,318,3180,22.48
2024-06-07,BANKNIFTY,67577672,1013665080,5061667.77
2024-06-07,FINNIFTY,7828737,313149480,693987.26
2024-06-07,MIDCPNIFTY,7393480,554510925,649872.47
2024-06-07,NIFTY,82767939,2069198475,4793076.88
2024-06-07,NIFTYNXT50,497,4970,35.17
2024-06-10,BANKNIFTY,85963801,1289457015,6461752.26
2024-06-10,FINNIFTY,21609814,864392545,1923382.30
2024-06-10,MIDCPNIFTY,137302259,10297669425,12037866.58
2024-06-10,NIFTY,77126627,1928165675,4501809.65
2024-06-10,NIFTYNXT50,1331,13310,97.63
2024-06-11,BANKNIFTY,124382949,1865744235,9317674.89
2024-06-11,FINNIFTY,294165124,11766604930,26079177.85
2024-06-11,MIDCPNIFTY,2144081,160806000,189942.20
2024-06-11,NIFTY,92040244,2301006100,5362843.07
2024-06-11,NIFTYNXT50,543,5430,38.89
2024-06-12,BANKNIFTY,678122930,10171843950,50856154.86
2024-06-12,FINNIFTY,2904702,116188080,259854.08
2024-06-12,MIDCPNIFTY,2705836,202937650,241355.06
2024-06-12,NIFTY,122514414,3062860350,7149617.70
2024-06-12,NIFTYNXT50,717,7170,51.93
2024-06-13,BANKNIFTY,49153012,737295180,3696743.02
2024-06-13,FINNIFTY,6064288,242571430,542557.86
2024-06-13,MIDCPNIFTY,7304946,547870900,654886.70
2024-06-13,NIFTY,530671584,13266789600,31036493.57
2024-06-13,NIFTYNXT50,1176,11760,85.32
2024-06-14,BANKNIFTY,67792584,1016888760,5090450.04
2024-06-14,FINNIFTY,12902940,516117375,1156285.28
2024-06-14,MIDCPNIFTY,73625015,5521876075,6638282.20
2024-06-14,NIFTY,56255705,1406392625,3291591.32
2024-06-14,NIFTYNXT50,3068,30680,226.71
2024-06-18,BANKNIFTY,126742093,1901131395,9563024.97
2024-06-18,FINNIFTY,245560385,9822415220,22111485.64
2024-06-18,MIDCPNIFTY,1459717,109478700,132865.91
2024-06-18,NIFTY,64288737,1607218425,3772745.97
2024-06-18,NIFTYNXT50,2090,20900,153.11
2024-06-19,BANKNIFTY,849983678,12749755170,65284033.56
2024-06-19,FINNIFTY,5372649,214905765,492478.19
2024-06-19,MIDCPNIFTY,3123829,234287150,283614.49
2024-06-19,NIFTY,143031478,3575786950,8422592.23
2024-06-19,NIFTYNXT50,2028,20280,148.99
2024-06-20,BANKNIFTY,75554579,1133318685,5859152.85
2024-06-20,FINNIFTY,6569939,262797425,605619.92
2024-06-20,MIDCPNIFTY,3621179,271588325,329747.71
2024-06-20,NIFTY,629368488,15734212200,37063460.90
2024-06-20,NIFTYNXT50,2329,23290,173.44
2024-06-21,BANKNIFTY,93422430,1401336450,7245306.03
2024-06-21,FINNIFTY,12734145,509365680,1172023.14
2024-06-21,MIDCPNIFTY,13534690,1015101675,1239788.35
2024-06-21,NIFTY,87459803,2186495075,5152726.17
2024-06-21,NIFTYNXT50,9384,93840,725.96
2024-06-24,BANKNIFTY,112721213,1690818195,8729998.80
2024-06-24,FINNIFTY,25295282,1011811265,2329079.29
2024-06-24,MIDCPNIFTY,161115713,12083677425,14778111.19
2024-06-24,NIFTY,79677449,1991936225,4678057.06
2024-06-24,NIFTYNXT50,5776,57760,435.13
2024-06-25,BANKNIFTY,162791669,2441875035,12749532.85
2024-06-25,FINNIFTY,323530464,12941217750,30239149.11
2024-06-25,MIDCPNIFTY,2364049,177302125,219385.96
2024-06-25,NIFTY,85857618,2146440450,5040004.58
2024-06-25,NIFTYNXT50,5416,54160,403.23
2024-06-26,BANKNIFTY,624842670,9372640050,49426041.73
2024-06-26,FINNIFTY,3534690,141385485,333664.03
2024-06-26,MIDCPNIFTY,2472293,185420475,228897.31
2024-06-26,NIFTY,130768701,3269217525,7753969.34
2024-06-26,NIFTYNXT50,10157,101570,776.79
2024-06-27,BANKNIFTY,61255385,918830775,4887569.20
2024-06-27,FINNIFTY,5439777,217589355,516505.48
2024-06-27,MIDCPNIFTY,5503296,412743225,508464.12
2024-06-27,NIFTY,732075137,18301878425,43779676.87
2024-06-27,NIFTYNXT50,66716,667160,5138.11
2024-06-28,BANKNIFTY,78069325,1171039875,6211692.63
2024-06-28,FINNIFTY,10310675,412424225,977629.26
2024-06-28,MIDCPNIFTY,11504958,862867875,1061654.56
2024-06-28,NIFTY,78177760,1954444000,4712720.21
2024-06-28,NIFTYNXT50,2145252,21452520,154577.12
2024-07-01,BANKNIFTY,84347146,1265207190,6676743.19
2024-07-01,FINNIFTY,24093361,963731770,2277262.03
2024-07-01,MIDCPNIFTY,92884737,6966351600,8559119.80
2024-07-01,NIFTY,60513824,1512845600,3646750.33
2024-07-01,NIFTYNXT50,2698,26980,213.09
2024-07-02,BANKNIFTY,142475848,2137137720,11241448.17
2024-07-02,FINNIFTY,299530227,11981201460,28198083.84
2024-07-02,MIDCPNIFTY,2127930,159589675,197000.96
2024-07-02,NIFTY,83711328,2092783200,5050702.69
2024-07-02,NIFTYNXT50,1464,14640,113.49
2024-07-03,BANKNIFTY,588898644,8833479660,46860132.84
2024-07-03,FINNIFTY,3409427,136367450,327323.21
2024-07-03,MIDCPNIFTY,2353168,176479100,217755.01
2024-07-03,NIFTY,101300936,2532523400,6126164.92
2024-07-03,NIFTYNXT50,1170,11700,89.37
2024-07-04,BANKNIFTY,64675417,970131255,5156362.47
2024-07-04,FINNIFTY,6040286,241602740,579173.71
2024-07-04,MIDCPNIFTY,4871324,365343425,454700.00
2024-07-04,NIFTY,541814131,13545353275,32942706.74
2024-07-04,NIFTYNXT50,2532,25320,196.43
2024-07-05,BANKNIFTY,83176537,1247648055,6584983.35
2024-07-05,FINNIFTY,11519755,460782415,1095222.18
2024-07-05,MIDCPNIFTY,10127482,759552225,950046.64
2024-07-05,NIFTY,72213239,1805330975,4391225.50
2024-07-05,NIFTYNXT50,2667,26670,206.20
2024-07-08,BANKNIFTY,96343474,1445152110,7619952.30
2024-07-08,FINNIFTY,23775199,951003790,2252560.55
2024-07-08,MIDCPNIFTY,134934831,10120093275,12588144.61
2024-07-08,NIFTY,59427556,1485688900,3614297.26
2024-07-08,NIFTYNXT50,3502,35020,275.95
2024-07-09,BANKNIFTY,96225490,1443382350,7619569.39
2024-07-09,FINNIFTY,235403718,9416134305,22276724.34
2024-07-09,MIDCPNIFTY,1696598,127234550,158625.88
2024-07-09,NIFTY,69058668,1726466700,4197279.06
2024-07-09,NIFTYNXT50,2826,28260,218.39
2024-07-10,BANKNIFTY,546428157,8196422355,42927695.69
2024-07-10,FINNIFTY,2669228,106765535,253421.52
2024-07-10,MIDCPNIFTY,4118723,308887550,383038.51
2024-07-10,NIFTY,162896367,4072409175,9909900.33
2024-07-10,NIFTYNXT50,6054,60540,492.20
2024-07-11,BANKNIFTY,80296386,1204445790,6309148.90
2024-07-11,FINNIFTY,7232388,289290645,684010.60
2024-07-11,MIDCPNIFTY,3654730,274086575,340718.85
2024-07-11,NIFTY,557559114,13938977850,33896580.51
2024-07-11,NIFTYNXT50,19992,199920,1661.18
2024-07-12,BANKNIFTY,87245085,1308676275,6880224.33
2024-07-12,FINNIFTY,11287092,451469640,1070921.36
2024-07-12,MIDCPNIFTY,8430757,632279550,788668.74
2024-07-12,NIFTY,78902540,1972563500,4834320.23
2024-07-12,NIFTYNXT50,8377,83770,673.62
2024-07-15,BANKNIFTY,120393186,1805897790,9484948.58
2024-07-15,FINNIFTY,18819887,752784350,1783610.26
2024-07-15,MIDCPNIFTY,100039864,7502921000,9377452.63
2024-07-15,NIFTY,62031855,1550796375,3804001.89
2024-07-15,NIFTYNXT50,18785,187850,1553.93
2024-07-16,BANKNIFTY,423861198,6357917970,33410050.04
2024-07-16,FINNIFTY,124828260,4993087740,11834745.95
2024-07-16,MIDCPNIFTY,1965331,147211250,185959.45
2024-07-16,NIFTY,76160636,1904015900,4680166.36
2024-07-16,NIFTYNXT50,10186,101860,837.41
2024-07-18,BANKNIFTY,45834542,687518130,3630458.55
2024-07-18,FINNIFTY,4153757,166044710,396386.38
2024-07-18,MIDCPNIFTY,4696619,351858075,441256.01
2024-07-18,NIFTY,751663983,18791599575,46381793.34
2024-07-18,NIFTYNXT50,18033,180330,1481.02
2024-07-19,BANKNIFTY,40941139,614117085,3235745.77
2024-07-19,FINNIFTY,5008695,200201100,476064.11
2024-07-19,MIDCPNIFTY,20596215,1542839250,1901994.42
2024-07-19,NIFTY,49758284,1243957100,3067238.50
2024-07-19,NIFTYNXT50,25424,254240,2094.18
2024-07-22,BANKNIFTY,43485699,652285485,3430265.55
2024-07-22,FINNIFTY,9132258,364912365,865903.81
2024-07-22,MIDCPNIFTY,232428300,17416968125,21575897.31
2024-07-22,NIFTY,50769705,1269242625,3108934.03
2024-07-22,NIFTYNXT50,35057,350570,2906.51
2024-07-23,BANKNIFTY,149081747,2236226205,11689848.12
2024-07-23,FINNIFTY,344715357,13777045155,32308778.31
2024-07-23,MIDCPNIFTY,6474821,323741050,402375.44
2024-07-23,NIFTY,127172965,3179324125,7786648.64
2024-07-23,NIFTYNXT50,34566,345660,2870.98
2024-07-24,BANKNIFTY,784920514,11773807710,60582396.60
2024-07-24,FINNIFTY,7342929,183573225,431238.11
2024-07-24,MIDCPNIFTY,5218888,260944400,325221.77
2024-07-24,NIFTY,138815012,3470375300,8496930.48
2024-07-24,NIFTYNXT50,41119,411190,3333.89
2024-07-25,BANKNIFTY,53719044,805785660,4113433.49
2024-07-25,FINNIFTY,7223692,180592300,418290.74
2024-07-25,MIDCPNIFTY,9698036,484901800,604714.31
2024-07-25,NIFTY,640385066,16009626650,39003496.93
2024-07-25,NIFTYNXT50,94903,949030,7541.28
2024-07-26,BANKNIFTY,71673588,1075103820,5503235.05
2024-07-26,FINNIFTY,14631545,365788625,850823.56
2024-07-26,MIDCPNIFTY,19694946,984747300,1244768.30
2024-07-26,NIFTY,87960937,2199023425,5427314.58
2024-07-26,NIFTYNXT50,1830872,18308720,136838.56
2024-07-29,BANKNIFTY,152386999,2285804985,11849404.35
2024-07-29,FINNIFTY,50626666,1265666650,2970476.10
2024-07-29,MIDCPNIFTY,198273705,9913685250,12705638.26
2024-07-29,NIFTY,96797256,2419931400,6023215.36
2024-07-29,NIFTYNXT50,1119,11190,83.04
2024-07-30,BANKNIFTY,145632013,2184480195,11294601.15
2024-07-30,FINNIFTY,567066065,14176651625,33225739.24
2024-07-30,MIDCPNIFTY,2940727,147036350,190783.40
2024-07-30,NIFTY,80584776,2014619400,5018643.30
2024-07-30,NIFTYNXT50,2010,20100,151.69
2024-07-31,BANKNIFTY,631889216,9478338240,48881330.58
2024-07-31,FINNIFTY,3648420,91210500,214854.26
2024-07-31,MIDCPNIFTY,3760771,188038550,244321.44
2024-07-31,NIFTY,101260270,2531506750,6303240.45
2024-07-31,NIFTYNXT50,1666,16660,126.48
2024-08-01,BANKNIFTY,51634526,774517890,4026118.98
2024-08-01,FINNIFTY,8166678,204166950,481154.63
2024-08-01,MIDCPNIFTY,11457949,572897450,742048.64
2024-08-01,NIFTY,595295870,14882396750,37199986.66
2024-08-01,NIFTYNXT50,3069,30690,232.61
2024-08-02,BANKNIFTY,68752444,1031286660,5327905.87
2024-08-02,FINNIFTY,15093722,377343050,886709.08
2024-08-02,MIDCPNIFTY,24950332,1247516600,1593951.62
2024-08-02,NIFTY,73903659,1847591475,4599220.25
2024-08-02,NIFTYNXT50,1602,16020,120.48
2024-08-05,BANKNIFTY,110968870,1664533050,8403011.37
2024-08-05,FINNIFTY,38501473,962536825,2202455.66
2024-08-05,MIDCPNIFTY,192046073,9602303650,11825630.45
2024-08-05,NIFTY,115830515,2895762875,7060473.25
2024-08-05,NIFTYNXT50,1702,17020,125.41
2024-08-06,BANKNIFTY,140161193,2102417895,10571378.45
2024-08-06,FINNIFTY,522284542,13057113550,29670383.23
2024-08-06,MIDCPNIFTY,4234391,211719550,265324.63
2024-08-06,NIFTY,111212757,2780318925,6748765.96
2024-08-06,NIFTYNXT50,1793,17930,133.72
2024-08-07,BANKNIFTY,680060336,10200905040,51111689.22
2024-08-07,FINNIFTY,3818431,95460775,218458.39
2024-08-07,MIDCPNIFTY,5379431,268971550,337738.65
2024-08-07,NIFTY,138693795,3467344875,8430782.24
2024-08-07,NIFTYNXT50,1498,14980,109.95
2024-08-08,BANKNIFTY,57823929,867358935,4373530.56
2024-08-08,FINNIFTY,8371233,209280825,479310.22
2024-08-08,MIDCPNIFTY,6872096,343604800,431412.56
2024-08-08,NIFTY,724699724,18117493100,43881280.32
2024-08-08,NIFTYNXT50,1383,13830,104.07
2024-08-09,BANKNIFTY,57628111,864421665,4370146.16
2024-08-09,FINNIFTY,10939120,273478000,630154.97
2024-08-09,MIDCPNIFTY,18972306,948615300,1197869.24
2024-08-09,NIFTY,63876170,1596904250,3899776.76
2024-08-09,NIFTYNXT50,2113,21130,161.31
2024-08-12,BANKNIFTY,99787157,1496807355,7595030.52
2024-08-12,FINNIFTY,35124506,878112650,2025798.89
2024-08-12,MIDCPNIFTY,197896426,9894821300,12479538.96
2024-08-12,NIFTY,104122656,2603066400,6356916.66
2024-08-12,NIFTYNXT50,1243,12430,92.34
2024-08-13,BANKNIFTY,138306609,2074599135,10464366.43
2024-08-13,FINNIFTY,531822911,13295572775,30298752.34
2024-08-13,MIDCPNIFTY,3807936,190396800,241911.60
2024-08-13,NIFTY,124052682,3101317050,7555321.59
2024-08-13,NIFTYNXT50,1263,12630,93.79
2024-08-14,BANKNIFTY,488068267,7321024005,36572029.78
2024-08-14,FINNIFTY,4408817,110220425,251939.48
2024-08-14,MIDCPNIFTY,5762074,288103700,363291.45
2024-08-14,NIFTY,327732754,8193318850,19833489.50
2024-08-14,NIFTYNXT50,1577,15770,120.41
2024-08-16,BANKNIFTY,79613602,1194204030,6022537.06
2024-08-16,FINNIFTY,16589513,414737825,949863.14
2024-08-16,MIDCPNIFTY,19903543,995177150,1261063.20
2024-08-16,NIFTY,96076713,2401917825,5864155.64
2024-08-16,NIFTYNXT50,5048,50480,393.99
2024-08-19,BANKNIFTY,83392737,1250891055,6335945.05
2024-08-19,FINNIFTY,28376645,709416125,1630819.63
2024-08-19,MIDCPNIFTY,246886420,12344321000,15727295.55
2024-08-19,NIFTY,72985235,1824630875,4479968.16
2024-08-19,NIFTYNXT50,2535,25350,189.07
2024-08-20,BANKNIFTY,128698621,1930479315,9821029.47
2024-08-20,FINNIFTY,506537001,12663425025,29314315.75
2024-08-20,MIDCPNIFTY,2781371,139068550,179328.84
2024-08-20,NIFTY,82100027,2052500675,5054600.36
2024-08-20,NIFTYNXT50,3331,33310,250.73
2024-08-21,BANKNIFTY,803710927,12055663905,61040044.57
2024-08-21,FINNIFTY,5426476,135661900,315026.47
2024-08-21,MIDCPNIFTY,3765372,188268600,243753.53
2024-08-21,NIFTY,104786856,2619671400,6473039.16
2024-08-21,NIFTYNXT50,3637,36370,275.65
2024-08-22,BANKNIFTY,59545662,893184930,4571904.24
2024-08-22,FINNIFTY,6723889,168097225,392732.08
2024-08-22,MIDCPNIFTY,11246917,562345850,737671.29
2024-08-22,NIFTY,530806080,13270152000,32922678.94
2024-08-22,NIFTYNXT50,7572,75720,580.18
2024-08-23,BANKNIFTY,54964144,824462160,4215383.03
2024-08-23,FINNIFTY,9614997,240374925,560001.26
2024-08-23,MIDCPNIFTY,25841983,1292099150,1686387.23
2024-08-23,NIFTY,47303658,1182591450,2936336.81
2024-08-23,NIFTYNXT50,18410,184100,1457.05
2024-08-26,BANKNIFTY,73879285,1108189275,5685959.03
2024-08-26,FINNIFTY,25653633,641340825,1501014.19
2024-08-26,MIDCPNIFTY,184705769,9235288450,12060276.22
2024-08-26,NIFTY,78824392,1970609800,4915371.86
2024-08-26,NIFTYNXT50,8593,85930,668.92
2024-08-27,BANKNIFTY,131230418,1968456270,10105027.76
2024-08-27,FINNIFTY,546510095,13662752375,32117446.08
2024-08-27,MIDCPNIFTY,2721633,136081650,179509.98
2024-08-27,NIFTY,69935712,1748392800,4364510.30
2024-08-27,NIFTYNXT50,8698,86980,672.72
2024-08-28,BANKNIFTY,588959592,8834393880,45305699.75
2024-08-28,FINNIFTY,3569004,89225100,211452.90
2024-08-28,MIDCPNIFTY,5265264,263263200,346929.34
2024-08-28,NIFTY,137088945,3427223625,8577111.21
2024-08-28,NIFTYNXT50,20569,205690,1558.55
2024-08-29,BANKNIFTY,59405949,891089235,4584219.54
2024-08-29,FINNIFTY,9538056,238451400,565602.84
2024-08-29,MIDCPNIFTY,7792686,389634300,511349.46
2024-08-29,NIFTY,761636330,19040908250,47782195.66
2024-08-29,NIFTYNXT50,50735,507350,3845.00
2024-08-30,BANKNIFTY,57347926,860218890,4427918.24
2024-08-30,FINNIFTY,13083078,327076950,775933.90
2024-08-30,MIDCPNIFTY,16380053,819002650,1079970.53
2024-08-30,NIFTY,59210408,1480260200,3729226.56
2024-08-30,NIFTYNXT50,3026148,30261480,230003.18
2024-09-02,BANKNIFTY,80319831,1204797465,6205365.90
2024-09-02,FINNIFTY,30906643,772666075,1834594.35
2024-09-02,MIDCPNIFTY,167070707,8353535350,11011041.38
2024-09-02,NIFTY,69924577,1748114425,4416291.36
2024-09-02,NIFTYNXT50,949,9490,72.40
2024-09-03,BANKNIFTY,104251715,1563775725,8059792.24
2024-09-03,FINNIFTY,548016804,13700420100,32540421.70
2024-09-03,MIDCPNIFTY,3094829,154741450,206000.05
2024-09-03,NIFTY,58556783,1463919575,3698412.80
2024-09-03,NIFTYNXT50,922,9220,70.52
2024-09-04,BANKNIFTY,619251846,9288777690,47825414.56
2024-09-04,FINNIFTY,4515197,112879925,270053.13
2024-09-04,MIDCPNIFTY,5687971,284398550,377118.11
2024-09-04,NIFTY,118660920,2966523000,7468852.52
2024-09-04,NIFTYNXT50,838,8380,64.59
2024-09-05,BANKNIFTY,38519790,577796850,2985587.26
2024-09-05,FINNIFTY,5815761,145394025,348563.38
2024-09-05,MIDCPNIFTY,6784997,339249850,451245.66
2024-09-05,NIFTY,551916680,13797917000,34772738.44
2024-09-05,NIFTYNXT50,2306,23060,180.64
2024-09-06,BANKNIFTY,93754599,1406318985,7165183.92
2024-09-06,FINNIFTY,17995907,449897675,1066994.59
2024-09-06,MIDCPNIFTY,20951819,1047590950,1379843.55
2024-09-06,NIFTY,97901216,2447530400,6119360.14
2024-09-06,NIFTYNXT50,5649,56490,451.94
2024-09-09,BANKNIFTY,112590369,1688855535,8592910.86
2024-09-09,FINNIFTY,39495073,987376825,2335338.54
2024-09-09,MIDCPNIFTY,150916103,7545805150,9835345.58
2024-09-09,NIFTY,79396603,1984915075,4949294.50
2024-09-09,NIFTYNXT50,1656,16560,127.58
2024-09-10,BANKNIFTY,126927554,1903913310,9755901.13
2024-09-10,FINNIFTY,551230302,13780757550,32642279.66
2024-09-10,MIDCPNIFTY,4613414,230670700,304862.88
2024-09-10,NIFTY,108602067,2715051675,6788452.06
2024-09-10,NIFTYNXT50,1661,16610,130.27
2024-09-11,BANKNIFTY,712594997,10688924955,54742016.45
2024-09-11,FINNIFTY,5867784,146694600,348701.27
2024-09-11,MIDCPNIFTY,5244731,262236550,346932.17
2024-09-11,NIFTY,146385609,3659640225,9169360.90
2024-09-11,NIFTYNXT50,1619,16190,126.43
2024-09-12,BANKNIFTY,66728436,1000926540,5160008.23
2024-09-12,FINNIFTY,10373834,259345850,617606.25
2024-09-12,MIDCPNIFTY,7494008,374700400,496021.56
2024-09-12,NIFTY,818860041,20471501025,51441182.53
2024-09-12,NIFTYNXT50,2959,29590,231.27
2024-09-13,BANKNIFTY,69471102,1042066530,5408199.47
2024-09-13,FINNIFTY,16030378,400759450,962180.57
2024-09-13,MIDCPNIFTY,17358490,867924500,1159035.24
2024-09-13,NIFTY,67669111,1691727775,4281495.36
2024-09-13,NIFTYNXT50,38420,384200,3174.46
2024-09-16,BANKNIFTY,71623891,1074358365,5602517.65
2024-09-16,FINNIFTY,28556522,713913050,1714279.94
2024-09-16,MIDCPNIFTY,200283912,10014195600,13345590.41
2024-09-16,NIFTY,62557347,1563933675,3967967.15
2024-09-16,NIFTYNXT50,5470,54700,439.05
2024-09-17,BANKNIFTY,87947903,1319218545,6887132.45
2024-09-17,FINNIFTY,436870587,10921764675,26229370.02
2024-09-17,MIDCPNIFTY,3330897,166544850,222421.24
2024-09-17,NIFTY,56603944,1415098600,3592520.35
2024-09-17,NIFTYNXT50,7116,71160,570.63
2024-09-18,BANKNIFTY,788743612,11831154180,62258756.99
2024-09-18,FINNIFTY,7576801,189420025,463404.03
2024-09-18,MIDCPNIFTY,5448145,272407250,361362.30
2024-09-18,NIFTY,111021410,2775535250,7044975.05
2024-09-18,NIFTYNXT50,7558,75580,610.09
2024-09-19,BANKNIFTY,67741918,1016128770,5404905.46
2024-09-19,FINNIFTY,10187988,254699700,623315.11
2024-09-19,MIDCPNIFTY,18575451,928772550,1217303.37
2024-09-19,NIFTY,752317613,18807940325,47873378.34
2024-09-19,NIFTYNXT50,10380,103800,815.07
2024-09-20,BANKNIFTY,95527249,1432908735,7644282.80
2024-09-20,FINNIFTY,21678100,541952500,1333909.45
2024-09-20,MIDCPNIFTY,24245863,1212293150,1590675.43
2024-09-20,NIFTY,131398625,3284965625,8395337.63
2024-09-20,NIFTYNXT50,50526,505260,4213.50
2024-09-23,BANKNIFTY,83639794,1254596910,6759506.40
2024-09-23,FINNIFTY,32116809,802920225,1994463.75
2024-09-23,MIDCPNIFTY,197922659,9896132950,13062544.47
2024-09-23,NIFTY,79423057,1985576425,5104119.31
2024-09-23,NIFTYNXT50,21922,219220,1763.15
2024-09-24,BANKNIFTY,113943320,1709149800,9231066.50
2024-09-24,FINNIFTY,504714884,12617872100,31466506.90
2024-09-24,MIDCPNIFTY,3158254,157912700,211005.91
2024-09-24,NIFTY,74424558,1860613950,4794101.82
2024-09-24,NIFTYNXT50,14752,147520,1166.46
2024-09-25,BANKNIFTY,594009750,8910146250,48109029.36
2024-09-25,FINNIFTY,3667760,91694000,229977.61
2024-09-25,MIDCPNIFTY,3879240,193962000,258475.08
2024-09-25,NIFTY,113883563,2847089075,7352629.75
2024-09-25,NIFTYNXT50,19168,191680,1497.58
2024-09-26,BANKNIFTY,46208721,693130815,3762067.62
2024-09-26,FINNIFTY,6855521,171388025,430358.85
2024-09-26,MIDCPNIFTY,6691637,334581850,444374.96
2024-09-26,NIFTY,579694169,14492354225,37761828.36
2024-09-26,NIFTYNXT50,44668,446680,3522.15
2024-09-27,BANKNIFTY,76148354,1142225310,6191428.15
2024-09-27,FINNIFTY,14017024,350425600,877031.52
2024-09-27,MIDCPNIFTY,17251794,862589700,1149531.54
2024-09-27,NIFTY,63126591,1578164775,4143045.97
2024-09-27,NIFTYNXT50,3003168,30031680,234195.53
2024-09-30,BANKNIFTY,131988115,1979821725,10591812.42
2024-09-30,FINNIFTY,30624054,765601350,1894051.78
2024-09-30,MIDCPNIFTY,211523940,10576197000,14039594.48
2024-09-30,NIFTY,97216928,2430423200,6322714.41
2024-09-30,NIFTYNXT50,1662,16620,131.27
2024-10-01,BANKNIFTY,516489785,7747346775,41220497.87
2024-10-01,FINNIFTY,235435964,5885899100,14458773.49
2024-10-01,MIDCPNIFTY,4359231,217961550,290957.84
2024-10-01,NIFTY,108857104,2721427600,7052366.83
2024-10-01,NIFTYNXT50,1895,18950,154.33
2024-10-03,BANKNIFTY,69632588,1044488820,5483934.57
2024-10-03,FINNIFTY,9163189,229079725,554722.91
2024-10-03,MIDCPNIFTY,10352341,517617050,680874.06
2024-10-03,NIFTY,733254888,18331372200,46706316.84
2024-10-03,NIFTYNXT50,2586,25860,211.83
2024-10-04,BANKNIFTY,89116481,1336747215,6985789.99
2024-10-04,FINNIFTY,20293922,507348050,1215749.21
2024-10-04,MIDCPNIFTY,27458783,1372939150,1786373.92
2024-10-04,NIFTY,108615429,2715385725,6915876.88
2024-10-04,NIFTYNXT50,7065,70650,579.73
2024-10-07,BANKNIFTY,126134453,1892016795,9745542.13
2024-10-07,FINNIFTY,48313077,1207826925,2847963.89
2024-10-07,MIDCPNIFTY,235174811,11758740550,14991208.38
2024-10-07,NIFTY,92776843,2319421075,5836478.61
2024-10-07,NIFTYNXT50,2286,22860,179.64
2024-10-08,BANKNIFTY,124149400,1862241000,9555551.17
2024-10-08,FINNIFTY,489710557,12242763925,28685851.40
2024-10-08,MIDCPNIFTY,5468262,273413100,352613.98
2024-10-08,NIFTY,99803327,2495083175,6263269.39
2024-10-08,NIFTYNXT50,2526,25260,196.72
2024-10-09,BANKNIFTY,737674109,11065111635,56806851.68
2024-10-09,FINNIFTY,5004854,125121350,298139.51
2024-10-09,MIDCPNIFTY,4961124,248056200,322850.54
2024-10-09,NIFTY,147048290,3676207250,9258113.50
2024-10-09,NIFTYNXT50,2597,25970,206.72
2024-10-10,BANKNIFTY,55540567,833108505,4303556.65
2024-10-10,FINNIFTY,7452787,186319675,443709.67
2024-10-10,MIDCPNIFTY,9971400,498570000,648617.78
2024-10-10,NIFTY,595544134,14888603350,37350504.15
2024-10-10,NIFTYNXT50,2370,23700,187.29
2024-10-11,BANKNIFTY,68213119,1023196785,5268615.73
2024-10-11,FINNIFTY,14404221,360105525,853851.83
2024-10-11,MIDCPNIFTY,18997223,949861150,1231917.56
2024-10-11,NIFTY,48882826,1222070650,3076828.72
2024-10-11,NIFTYNXT50,2805,28050,226.34
2024-10-14,BANKNIFTY,76203885,1143058275,5918438.54
2024-10-14,FINNIFTY,24355366,608884150,1451022.59
2024-10-14,MIDCPNIFTY,193982336,9699116800,12636534.29
2024-10-14,NIFTY,54926892,1373172300,3460061.69
2024-10-14,NIFTYNXT50,2883,28830,225.91
2024-10-15,BANKNIFTY,115516936,1732754040,8999188.25
2024-10-15,FINNIFTY,478950684,11973767100,28610953.37
2024-10-15,MIDCPNIFTY,3824852,191242600,252307.42
2024-10-15,NIFTY,80765099,2019127475,5078688.32
2024-10-15,NIFTYNXT50,1901,19010,147.39
2024-10-16,BANKNIFTY,557371587,8360573805,43410019.25
2024-10-16,FINNIFTY,3650143,91253575,219590.45
2024-10-16,MIDCPNIFTY,4699239,234961950,310454.37
2024-10-16,NIFTY,140683218,3517080450,8830835.70
2024-10-16,NIFTYNXT50,2472,24720,192.85
2024-10-17,BANKNIFTY,53302964,799544460,4140769.96
2024-10-17,FINNIFTY,7140233,178505825,425294.43
2024-10-17,MIDCPNIFTY,8218281,410914050,537999.79
2024-10-17,NIFTY,602546804,15063670100,37550840.94
2024-10-17,NIFTYNXT50,5850,58500,462.23
2024-10-18,BANKNIFTY,82515986,1237739790,6420891.51
2024-10-18,FINNIFTY,16731312,418282800,997393.68
2024-10-18,MIDCPNIFTY,22462899,1123144950,1460596.57
2024-10-18,NIFTY,74097240,1852431000,4622560.48
2024-10-18,NIFTYNXT50,7835,78350,621.08
2024-10-21,BANKNIFTY,102847820,1542717300,8050331.27
2024-10-21,FINNIFTY,33516769,837919225,2011768.30
2024-10-21,MIDCPNIFTY,240193387,12009669350,15527219.89
2024-10-21,NIFTY,89050649,2226266225,5547329.70
2024-10-21,NIFTYNXT50,5086,50860,396.76
2024-10-22,BANKNIFTY,151465551,2271983265,11804148.56
2024-10-22,FINNIFTY,560155733,14003893325,33482403.09
2024-10-22,MIDCPNIFTY,5320327,266016350,338968.55
2024-10-22,NIFTY,109379556,2734488900,6784438.42
2024-10-22,NIFTYNXT50,8643,86430,641.77
2024-10-23,BANKNIFTY,597342600,8960139000,46077587.53
2024-10-23,FINNIFTY,4250567,106264175,254640.54
2024-10-23,MIDCPNIFTY,7324855,366242750,463296.70
2024-10-23,NIFTY,147377409,3684435225,9066397.09
2024-10-23,NIFTYNXT50,12705,127050,937.19
2024-10-24,BANKNIFTY,57269356,859040340,4443818.79
2024-10-24,FINNIFTY,7262735,181568375,434752.22
2024-10-24,MIDCPNIFTY,8456654,422832700,533486.04
2024-10-24,NIFTY,530998014,13274950350,32478050.80
2024-10-24,NIFTYNXT50,19561,195610,1440.24
2024-10-25,BANKNIFTY,86681918,1300228770,6647469.14
2024-10-25,FINNIFTY,15827042,395676050,942751.36
2024-10-25,MIDCPNIFTY,24826569,1241328450,1543792.64
2024-10-25,NIFTY,79209179,1980229475,4844741.50
2024-10-25,NIFTYNXT50,547853,5478530,38230.31
2024-10-28,BANKNIFTY,94544377,1418165655,7297620.08
2024-10-28,FINNIFTY,32504411,812610275,1943733.49
2024-10-28,MIDCPNIFTY,140113162,7005658100,8686649.07
2024-10-28,NIFTY,93969755,2349243875,5740557.45
2024-10-28,NIFTYNXT50,234,2340,16.82
2024-10-29,BANKNIFTY,140236775,2103551625,10883965.02
2024-10-29,FINNIFTY,454593842,11364846050,27410336.78
2024-10-29,MIDCPNIFTY,3520203,176010150,219879.80
2024-10-29,NIFTY,116901100,2922527500,7136486.57
2024-10-29,NIFTYNXT50,539,5390,38.21
2024-10-30,BANKNIFTY,626660840,9399912600,48903564.06
2024-10-30,FINNIFTY,5385569,134639225,327785.95
2024-10-30,MIDCPNIFTY,5225021,261251050,329187.62
2024-10-30,NIFTY,130637387,3265934675,8002446.05
2024-10-30,NIFTYNXT50,398,3980,28.70
2024-10-31,BANKNIFTY,47877197,718157955,3736799.76
2024-10-31,FINNIFTY,11411638,285290950,688081.95
2024-10-31,MIDCPNIFTY,11316964,565848200,702936.59
2024-10-31,NIFTY,492562059,12314051475,29997275.62
2024-10-31,NIFTYNXT50,547,5470,39.07
2024-11-01,BANKNIFTY,9920278,148804170,774936.67
2024-11-01,FINNIFTY,3387699,84692475,204151.58
2024-11-01,MIDCPNIFTY,5834239,291711950,362442.60
2024-11-01,NIFTY,9115026,227875650,559280.55
2024-11-01,NIFTYNXT50,179,1790,12.78
2024-11-04,BANKNIFTY,54997370,824960550,4250492.86
2024-11-04,FINNIFTY,34974996,874374900,2079878.79
2024-11-04,MIDCPNIFTY,123615423,6180771150,7618637.00
2024-11-04,NIFTY,83371968,2084299200,5054057.09
2024-11-04,NIFTYNXT50,499,4990,35.37
2024-11-05,BANKNIFTY,115237113,1728556695,8931611.77
2024-11-05,FINNIFTY,525969126,13149228150,31309679.33
2024-11-05,MIDCPNIFTY,2919597,145979850,180583.55
2024-11-05,NIFTY,86157601,2153940025,5208667.47
2024-11-05,NIFTYNXT50,512,5120,36.10
2024-11-06,BANKNIFTY,609812775,9147191625,47992221.95
2024-11-06,FINNIFTY,4169746,104243650,254745.43
2024-11-06,MIDCPNIFTY,4424259,221212950,280024.86
2024-11-06,NIFTY,168114873,4202871825,10245935.56
2024-11-06,NIFTYNXT50,766,7660,54.78
2024-11-07,BANKNIFTY,50922093,763831395,3995567.36
2024-11-07,FINNIFTY,7410992,185274800,447617.39
2024-11-07,MIDCPNIFTY,6435143,321757150,407612.20
2024-11-07,NIFTY,639391063,15984776575,38839949.81
2024-11-07,NIFTYNXT50,659,6590,47.08
2024-11-08,BANKNIFTY,68127715,1021915725,5322620.05
2024-11-08,FINNIFTY,15085380,377134500,906828.83
2024-11-08,MIDCPNIFTY,18439952,921997600,1161887.57
2024-11-08,NIFTY,66834659,1670866475,4067987.17
2024-11-08,NIFTYNXT50,868,8680,63.07
2024-11-11,BANKNIFTY,89986841,1349802615,7020039.71
2024-11-11,FINNIFTY,38815578,970389450,2330603.30
2024-11-11,MIDCPNIFTY,126368581,6318429050,7897417.64
2024-11-11,NIFTY,100403669,2510091725,6097238.82
2024-11-11,NIFTYNXT50,896,8960,64.02
2024-11-12,BANKNIFTY,139391787,2090876805,10843165.51
2024-11-12,FINNIFTY,506801524,12670038100,30159969.79
2024-11-12,MIDCPNIFTY,2994016,149700800,187419.26
2024-11-12,NIFTY,109715092,2742877300,6640083.64
2024-11-12,NIFTYNXT50,867,8670,60.95
2024-11-13,BANKNIFTY,721191148,10817867220,55069018.04
2024-11-13,FINNIFTY,7539432,188485800,445984.98
2024-11-13,MIDCPNIFTY,6260241,313012050,384207.10
2024-11-13,NIFTY,177934919,4448372975,10639977.19
2024-11-13,NIFTYNXT50,653,6530,45.83
2024-11-14,BANKNIFTY,33550158,503252370,2547223.88
2024-11-14,FINNIFTY,14681756,367043900,860263.56
2024-11-14,MIDCPNIFTY,10561172,528058600,643909.04
2024-11-14,NIFTY,582680948,14567023700,34441737.93
2024-11-14,NIFTYNXT50,1044,10440,74.25
2024-11-18,BANKNIFTY,27479207,412188105,2089831.38
2024-11-18,FINNIFTY,31576431,789410775,1841545.21
2024-11-18,MIDCPNIFTY,133631533,6681576650,8077716.52
2024-11-18,NIFTY,135042605,3376065125,7971771.70
2024-11-18,NIFTYNXT50,1089,10890,77.33
2024-11-19,BANKNIFTY,36741224,551118360,2807854.70
2024-11-19,FINNIFTY,394544766,9863619150,23107078.58
2024-11-19,MIDCPNIFTY,3568347,178417350,219647.26
2024-11-19,NIFTY,192365039,4809125975,11386968.35
2024-11-19,NIFTYNXT50,1629,16290,117.25
2024-11-21,BANKNIFTY,59268195,889022925,4494154.74
2024-11-21,FINNIFTY,6483552,162088800,378729.13
2024-11-21,MIDCPNIFTY,9618991,480949550,588712.00
2024-11-21,NIFTY,651129858,16278246450,38159315.73
2024-11-21,NIFTYNXT50,1393,13930,101.46
2024-11-22,BANKNIFTY,63000262,945003930,4829363.56
2024-11-22,FINNIFTY,11570414,289260350,678646.93
2024-11-22,MIDCPNIFTY,11603132,580156600,712459.33
2024-11-22,NIFTY,110577884,2764448750,6590731.57
2024-11-22,NIFTYNXT50,3380,33800,252.14
2024-11-25,BANKNIFTY,71717391,1075760865,5593083.75
2024-11-25,FINNIFTY,25391379,634784475,1522088.39
2024-11-25,MIDCPNIFTY,121190453,6059522650,7606861.02
2024-11-25,NIFTY,124746302,3118663550,7563580.83
2024-11-25,NIFTYNXT50,3740,37400,279.36
2024-11-26,BANKNIFTY,85196283,1277944245,6655708.87
2024-11-26,FINNIFTY,313376765,7834419125,18829869.95
2024-11-26,MIDCPNIFTY,433101,21655120,27819.29
2024-11-26,NIFTY,110866589,2771670875,6724374.33
2024-11-26,NIFTYNXT50,2138,21380,153.15
2024-11-27,BANKNIFTY,508069360,7621040400,39920296.67
2024-11-27,FINNIFTY,386914,9672850,23813.45
2024-11-27,MIDCPNIFTY,376723,18836150,24080.76
2024-11-27,NIFTY,150332484,3758320050,9123847.78
2024-11-27,NIFTYNXT50,6660,66600,477.87
2024-11-28,BANKNIFTY,18739165,281103930,1492340.96
2024-11-28,FINNIFTY,892667,22316715,54993.02
2024-11-28,MIDCPNIFTY,536262,26813100,34402.54
2024-11-28,NIFTY,679352807,16983847875,40994355.55
2024-11-28,NIFTYNXT50,21853,218530,1575.01
2024-11-29,BANKNIFTY,14604864,219090195,1153357.66
2024-11-29,FINNIFTY,602126,15053190,36762.94
2024-11-29,MIDCPNIFTY,516015,25800890,33100.14
2024-11-29,NIFTY,105573471,2639685125,6392649.26
2024-11-29,NIFTYNXT50,1046956,10469560,74044.46
2024-12-02,BANKNIFTY,17301385,259537020,1361125.90
2024-12-02,FINNIFTY,609465,15236625,37222.72
2024-12-02,MIDCPNIFTY,942600,47130000,60632.06
2024-12-02,NIFTY,184832695,4621226925,11220189.89
2024-12-02,NIFTYNXT50,1167,11670,88.10
2024-12-03,BANKNIFTY,16706999,250644855,1327540.78
2024-12-03,FINNIFTY,815766,20394150,50517.66
2024-12-03,MIDCPNIFTY,523521,26176050,34033.40
2024-12-03,NIFTY,186395942,4660327950,11358483.57
2024-12-03,NIFTYNXT50,296,2960,22.66
2024-12-04,BANKNIFTY,20728726,310996185,1665204.03
2024-12-04,FINNIFTY,795461,19886525,49858.42
2024-12-04,MIDCPNIFTY,622883,31144150,40490.95
2024-12-04,NIFTY,285933011,7148865525,17462642.57
2024-12-04,NIFTYNXT50,1677,16770,128.50
2024-12-05,BANKNIFTY,20708745,310704885,1662702.58
2024-12-05,FINNIFTY,953797,23844925,59989.95
2024-12-05,MIDCPNIFTY,702736,35136800,45901.36
2024-12-05,NIFTY,801022888,20026725750,49195049.20
2024-12-05,NIFTYNXT50,1395,13950,107.51
2024-12-06,BANKNIFTY,20994964,314988720,1700902.11
2024-12-06,FINNIFTY,789625,19740625,50188.54
2024-12-06,MIDCPNIFTY,497965,24898250,32661.36
2024-12-06,NIFTY,95835851,2396713325,5930081.44
2024-12-06,NIFTYNXT50,1821,18210,142.24
2024-12-09,BANKNIFTY,18466830,277079310,1491476.75
2024-12-09,FINNIFTY,710900,17772660,44761.21
2024-12-09,MIDCPNIFTY,592560,29628000,39034.70
2024-12-09,NIFTY,131694260,3293185150,8142177.88
2024-12-09,NIFTYNXT50,1000,10000,72.43
2024-12-10,BANKNIFTY,16978689,254728200,1367749.75
2024-12-10,FINNIFTY,688978,17224450,43452.44
2024-12-10,MIDCPNIFTY,690423,34521430,45583.62
2024-12-10,NIFTY,175497339,4388270375,10826222.84
2024-12-10,NIFTYNXT50,2688,26880,194.58
2024-12-11,BANKNIFTY,17407759,261157545,1402610.28
2024-12-11,FINNIFTY,658047,16451655,41330.91
2024-12-11,MIDCPNIFTY,516039,25802020,34053.36
2024-12-11,NIFTY,216585950,5415630750,13341387.75
2024-12-11,NIFTYNXT50,1660,16600,125.04
2024-12-12,BANKNIFTY,15624824,234426570,1258667.94
2024-12-12,FINNIFTY,498623,12465575,31345.03
2024-12-12,MIDCPNIFTY,563246,28162440,37093.36
2024-12-12,NIFTY,534412767,13361701025,32953885.52
2024-12-12,NIFTYNXT50,1640,16400,125.58
2024-12-13,BANKNIFTY,34445678,516887970,2752431.90
2024-12-13,FINNIFTY,1133182,28329550,70766.92
2024-12-13,MIDCPNIFTY,1145632,57281670,75057.64
2024-12-13,NIFTY,159969650,4009942150,9841057.64
2024-12-13,NIFTYNXT50,2429,24290,190.84
2024-12-16,BANKNIFTY,24678293,370270305,1988822.94
2024-12-16,FINNIFTY,720637,18015925,45362.37
2024-12-16,MIDCPNIFTY,937899,46894950,62227.27
2024-12-16,NIFTY,146294685,3662924975,9060724.90
2024-12-16,NIFTYNXT50,3155,31550,246.27
2024-12-17,BANKNIFTY,35038963,525766320,2805197.18
2024-12-17,FINNIFTY,909063,22726575,56716.82
2024-12-17,MIDCPNIFTY,1134799,56740020,75413.83
2024-12-17,NIFTY,233028271,5834864525,14324127.42
2024-12-17,NIFTYNXT50,2388,23880,175.16
2024-12-18,BANKNIFTY,39394464,591223215,3129726.47
2024-12-18,FINNIFTY,927216,23180400,57325.97
2024-12-18,MIDCPNIFTY,981411,49070550,64689.10
2024-12-18,NIFTY,286612256,7176124350,17552953.78
2024-12-18,NIFTYNXT50,1781,17810,132.48
2024-12-19,BANKNIFTY,39733084,596355930,3148075.29
2024-12-19,FINNIFTY,1009492,25237300,61900.52
2024-12-19,MIDCPNIFTY,1435701,71785050,94208.53
2024-12-19,NIFTY,510882256,12791983000,30861063.56
2024-12-19,NIFTYNXT50,1469,14690,115.57
2024-12-20,BANKNIFTY,56436075,847007550,4426960.70
2024-12-20,FINNIFTY,1335356,33383900,81366.86
2024-12-20,MIDCPNIFTY,2173264,108663200,141854.34
2024-12-20,NIFTY,110000849,2817854725,6751100.66
2024-12-20,NIFTYNXT50,3990,39900,290.16
2024-12-23,BANKNIFTY,112599746,1689323355,8699189.31
2024-12-23,FINNIFTY,1565057,39126505,95257.46
2024-12-23,MIDCPNIFTY,3600100,180005000,232119.96
2024-12-23,NIFTY,173943923,4447982775,10591569.33
2024-12-23,NIFTYNXT50,4271,42710,320.85
2024-12-24,BANKNIFTY,372749447,5591631090,28768966.84
2024-12-24,FINNIFTY,2005413,50135325,121110.30
2024-12-24,MIDCPNIFTY,2835935,141796750,182305.83
2024-12-24,NIFTY,146560174,3786242400,9041201.01
2024-12-24,NIFTYNXT50,4721,47210,324.47
2024-12-26,BANKNIFTY,11648906,175855635,902231.29
2024-12-26,FINNIFTY,5227476,130687100,313442.35
2024-12-26,MIDCPNIFTY,4089799,204490090,261983.40
2024-12-26,NIFTY,518745473,13303113275,31681724.86
2024-12-26,NIFTYNXT50,13871,138710,966.28
2024-12-27,BANKNIFTY,9514788,144309630,745302.68
2024-12-27,FINNIFTY,7316196,182904940,437572.45
2024-12-27,MIDCPNIFTY,9008841,450442190,578830.81
2024-12-27,NIFTY,30009098,2125055900,5101361.04
2024-12-27,NIFTYNXT50,1074046,10740460,74097.17
2024-12-30,BANKNIFTY,17667483,267150090,1387514.76
2024-12-30,FINNIFTY,26923412,673085300,1605037.88
2024-12-30,MIDCPNIFTY,143869438,7193476660,9247460.72
2024-12-30,NIFTY,51347687,3685513375,8808304.85
2024-12-30,NIFTYNXT50,261,2610,19.41
2024-12-31,BANKNIFTY,8879283,133980585,690633.37
2024-12-31,FINNIFTY,244799822,6119997830,14421233.07
2024-12-31,MIDCPNIFTY,872410,43621970,57022.89
2024-12-31,NIFTY,56769186,4104369200,9729625.30
2024-12-31,NIFTYNXT50,531,5310,41.52
2025-01-01,BANKNIFTY,11927342,179913990,931406.94
2025-01-01,FINNIFTY,505954,12650610,30322.81
2025-01-01,MIDCPNIFTY,642422,32123900,42045.57
2025-01-01,NIFTY,80902286,5951240200,14152710.92
2025-01-01,NIFTYNXT50,326,3275,23.66
2025-01-02,BANKNIFTY,10326720,156115005,811444.34
2025-01-02,FINNIFTY,497539,12439355,29971.77
2025-01-02,MIDCPNIFTY,497759,24890960,32555.51
2025-01-02,NIFTY,224015178,16549834400,39751710.49
2025-01-02,NIFTYNXT50,822,8490,59.36
2025-01-03,BANKNIFTY,12176227,184112895,958686.48
2025-01-03,FINNIFTY,416649,10416385,25150.59
2025-01-03,MIDCPNIFTY,632412,31632640,41757.93
2025-01-03,NIFTY,43642675,3089871225,7491122.33
2025-01-03,NIFTYNXT50,3524,35240,273.45
2025-01-06,BANKNIFTY,18377534,278650710,1421903.59
2025-01-06,FINNIFTY,568029,14203525,33857.58
2025-01-06,MIDCPNIFTY,974150,48719190,63514.15
2025-01-06,NIFTY,77978409,5525640375,13207899.83
2025-01-06,NIFTYNXT50,2575,25750,190.87
2025-01-07,BANKNIFTY,11200225,169317375,859924.34
2025-01-07,FINNIFTY,336824,8421200,20051.79
2025-01-07,MIDCPNIFTY,668635,33447150,43394.56
2025-01-07,NIFTY,58172168,4198445500,9993938.85
2025-01-07,NIFTYNXT50,1476,14760,105.07
2025-01-08,BANKNIFTY,16397361,248892000,1259347.16
2025-01-08,FINNIFTY,510934,12774310,29545.73
2025-01-08,MIDCPNIFTY,1371264,68596170,87615.96
2025-01-08,NIFTY,131830344,9682821050,22976319.52
2025-01-08,NIFTYNXT50,1655,16550,111.95
2025-01-09,BANKNIFTY,12211723,185080485,934262.38
2025-01-09,FINNIFTY,395580,9889900,23134.14
2025-01-09,MIDCPNIFTY,816403,40844930,52167.41
2025-01-09,NIFTY,210395486,15636897200,36968137.29
2025-01-09,NIFTYNXT50,1363,13630,96.21
2025-01-10,BANKNIFTY,21858384,330956535,1653560.73
2025-01-10,FINNIFTY,615551,15390295,35805.80
2025-01-10,MIDCPNIFTY,1100993,55077160,69422.61
2025-01-10,NIFTY,58793439,4161851325,9846482.39
2025-01-10,NIFTYNXT50,1929,19305,122.80
2025-01-13,BANKNIFTY,20205428,307055925,1512703.74
2025-01-13,FINNIFTY,613988,15350180,35359.49
2025-01-13,MIDCPNIFTY,1606238,80370420,99004.28
2025-01-13,NIFTY,61904526,4352592350,10224122.18
2025-01-13,NIFTYNXT50,1697,16985,109.92
2025-01-14,BANKNIFTY,18294602,276903960,1374430.44
2025-01-14,FINNIFTY,513341,12835405,29739.82
2025-01-14,MIDCPNIFTY,1097479,54959840,67498.89
2025-01-14,NIFTY,55248088,3965050900,9253644.46
2025-01-14,NIFTYNXT50,1917,19170,124.98
2025-01-15,BANKNIFTY,15219707,229861560,1143828.40
2025-01-15,FINNIFTY,619514,15489410,35770.66
2025-01-15,MIDCPNIFTY,1113531,55718970,68871.19
2025-01-15,NIFTY,102419069,7521066525,17505176.04
2025-01-15,NIFTYNXT50,1770,17700,121.33
2025-01-16,BANKNIFTY,16603299,251257335,1261005.97
2025-01-16,FINNIFTY,571998,14300950,33178.62
2025-01-16,MIDCPNIFTY,950769,47556860,59004.91
2025-01-16,NIFTY,176205834,13042394300,30464773.79
2025-01-16,NIFTYNXT50,2286,22860,149.57
2025-01-17,BANKNIFTY,20621956,312360840,1550340.44
2025-01-17,FINNIFTY,743840,18597040,42776.74
2025-01-17,MIDCPNIFTY,1455657,72817570,90125.80
2025-01-17,NIFTY,52401536,3588419500,8387790.46
2025-01-17,NIFTYNXT50,2765,27650,184.84
2025-01-20,BANKNIFTY,22167848,336241590,1682839.02
2025-01-20,FINNIFTY,683070,17082190,39796.10
2025-01-20,MIDCPNIFTY,1380888,69125810,85995.87
2025-01-20,NIFTY,48421798,3350290800,7835887.91
2025-01-20,NIFTYNXT50,4820,48515,345.58
2025-01-21,BANKNIFTY,23274674,352862820,1755488.33
2025-01-21,FINNIFTY,804533,20119445,46730.61
2025-01-21,MIDCPNIFTY,1771241,88783250,109877.02
2025-01-21,NIFTY,86518028,5778291250,13498222.30
2025-01-21,NIFTYNXT50,3171,31755,215.07
2025-01-22,BANKNIFTY,29631491,449006850,2216483.02
2025-01-22,FINNIFTY,1029810,25748050,58978.39
2025-01-22,MIDCPNIFTY,2782421,139320620,168565.84
2025-01-22,NIFTY,111472336,7627660700,17682911.98
2025-01-22,NIFTYNXT50,5291,53045,361.87
2025-01-23,BANKNIFTY,25584347,386688960,1920098.92
2025-01-23,FINNIFTY,1100270,27507830,63367.57
2025-01-23,MIDCPNIFTY,2603778,130387350,159603.71
2025-01-23,NIFTY,204616809,14243696925,33048266.33
2025-01-23,NIFTYNXT50,4195,41965,269.62
2025-01-24,BANKNIFTY,39042473,590866755,2900942.63
2025-01-24,FINNIFTY,2039291,50989995,116867.41
2025-01-24,MIDCPNIFTY,5318099,266162270,325402.21
2025-01-24,NIFTY,123062144,3141830050,7348010.45
2025-01-24,NIFTYNXT50,4669,46690,318.22
2025-01-27,BANKNIFTY,36570640,554323260,2701309.42
2025-01-27,FINNIFTY,2349282,58742170,133256.12
2025-01-27,MIDCPNIFTY,5319035,266349910,318080.65
2025-01-27,NIFTY,118618549,3068256575,7105683.32
2025-01-27,NIFTYNXT50,3613,36160,229.56
2025-01-28,BANKNIFTY,51764380,786228225,3873878.00
2025-01-28,FINNIFTY,4527989,113272685,258743.78
2025-01-28,MIDCPNIFTY,6178330,309566660,366152.27
2025-01-28,NIFTY,135624644,3523733300,8144517.76
2025-01-28,NIFTYNXT50,4977,49785,306.84
2025-01-29,BANKNIFTY,55736845,843519255,4160624.19
2025-01-29,FINNIFTY,6531279,163365295,376266.76
2025-01-29,MIDCPNIFTY,7873509,394382380,468538.19
2025-01-29,NIFTY,170801244,4409528000,10229263.33
2025-01-29,NIFTYNXT50,27948,279540,1786.49
2025-01-30,BANKNIFTY,189642759,2860794210,14119830.81
2025-01-30,FINNIFTY,24507211,612876875,1418486.35
2025-01-30,MIDCPNIFTY,29760386,1489685790,1768699.78
2025-01-30,NIFTY,438495980,11278915250,26227235.44
2025-01-30,NIFTYNXT50,299636,2996405,18858.46
2025-01-31,BANKNIFTY,5392162,161764860,815140.24
2025-01-31,FINNIFTY,92232,5995080,14361.75
2025-01-31,MIDCPNIFTY,176946,21233520,25966.10
2025-01-31,NIFTY,26235563,1967667225,4641422.03
2025-01-31,NIFTYNXT50,4,100,0.64
2025-02-03,BANKNIFTY,4666076,139982280,703603.22
2025-02-03,FINNIFTY,95091,6180915,14286.95
2025-02-03,MIDCPNIFTY,319845,38381400,46044.51
2025-02-03,NIFTY,51913967,3893547525,9141638.19
2025-02-03,NIFTYNXT50,243,6075,32.96
2025-02-04,BANKNIFTY,6131439,183943170,931215.69
2025-02-04,FINNIFTY,138070,8974550,21401.85
2025-02-04,MIDCPNIFTY,286569,34388280,41947.59
2025-02-04,NIFTY,67849545,5088715875,11998487.54
2025-02-04,NIFTYNXT50,302,7550,44.07
2025-02-05,BANKNIFTY,4835315,145059450,739262.55
2025-02-05,FINNIFTY,91665,5958225,14378.04
2025-02-05,MIDCPNIFTY,297340,35680800,44113.15
2025-02-05,NIFTY,80214212,6016065900,14263368.39
2025-02-05,NIFTYNXT50,327,8175,45.56
2025-02-06,BANKNIFTY,4269936,128098080,652094.89
2025-02-06,FINNIFTY,69725,4532125,10856.31
2025-02-06,MIDCPNIFTY,247694,29723280,36312.24
2025-02-06,NIFTY,190579346,14293450950,33825478.52
2025-02-06,NIFTYNXT50,628,15700,88.27
2025-02-07,BANKNIFTY,8469267,254078010,1294886.42
2025-02-07,FINNIFTY,189273,12302745,29440.19
2025-02-07,MIDCPNIFTY,350531,42063720,51194.78
2025-02-07,NIFTY,52612672,3945950400,9341385.64
2025-02-07,NIFTYNXT50,531,13275,77.25
2025-02-10,BANKNIFTY,5275847,158275410,804442.03
2025-02-10,FINNIFTY,135529,8809385,20949.25
2025-02-10,MIDCPNIFTY,274201,32904120,39781.26
2025-02-10,NIFTY,48332426,3624931950,8538948.41
2025-02-10,NIFTYNXT50,412,10300,61.23
2025-02-11,BANKNIFTY,6478519,194355570,981488.49
2025-02-11,FINNIFTY,135821,8828365,20760.81
2025-02-11,MIDCPNIFTY,509422,61130640,72409.53
2025-02-11,NIFTY,69552198,5216414850,12168127.97
2025-02-11,NIFTYNXT50,1143,28575,174.67
2025-02-12,BANKNIFTY,9309651,279289530,1401546.41
2025-02-12,FINNIFTY,233708,15191020,35430.11
2025-02-12,MIDCPNIFTY,786990,94438800,109424.84
2025-02-12,NIFTY,140689161,10551687075,24389024.51
2025-02-12,NIFTYNXT50,2634,65850,393.92
2025-02-13,BANKNIFTY,6503676,195110280,980220.09
2025-02-13,FINNIFTY,165605,10764325,25506.02
2025-02-13,MIDCPNIFTY,415618,49874160,58266.24
2025-02-13,NIFTY,250229800,18767235000,43408995.34
2025-02-13,NIFTYNXT50,1954,48850,288.48
2025-02-14,BANKNIFTY,9196032,275880960,1381845.61
2025-02-14,FINNIFTY,186946,12151490,28338.61
2025-02-14,MIDCPNIFTY,888727,106647240,121695.56
2025-02-14,NIFTY,63965195,4797389625,11074232.79
2025-02-14,NIFTYNXT50,2187,54675,332.46
2025-02-17,BANKNIFTY,8968580,269057400,1336982.01
2025-02-17,FINNIFTY,195494,12707110,29690.47
2025-02-17,MIDCPNIFTY,744655,89358600,100798.23
2025-02-17,NIFTY,61395656,4604674200,10600982.64
2025-02-17,NIFTYNXT50,1132,28300,179.20
2025-02-18,BANKNIFTY,7155178,214655340,1068981.97
2025-02-18,FINNIFTY,175462,11405030,26771.71
2025-02-18,MIDCPNIFTY,559172,67100640,76266.24
2025-02-18,NIFTY,56868815,4265161125,9819009.72
2025-02-18,NIFTYNXT50,620,15500,86.20
2025-02-19,BANKNIFTY,10501935,315058050,1569618.20
2025-02-19,FINNIFTY,307241,19970665,47180.44
2025-02-19,MIDCPNIFTY,720108,86412960,98094.90
2025-02-19,NIFTY,100325956,7524446700,17311031.45
2025-02-19,NIFTYNXT50,1005,25125,152.81
2025-02-20,BANKNIFTY,8357432,250722960,1247814.05
2025-02-20,FINNIFTY,246515,16023475,37684.42
2025-02-20,MIDCPNIFTY,740195,88823400,100971.28
2025-02-20,NIFTY,177356681,13301751075,30522345.72
2025-02-20,NIFTYNXT50,2378,59450,372.85
2025-02-21,BANKNIFTY,15692783,470783490,2330032.67
2025-02-21,FINNIFTY,556841,36194665,84484.22
2025-02-21,MIDCPNIFTY,1562665,187519800,213732.44
2025-02-21,NIFTY,45554058,3416554350,7841306.41
2025-02-21,NIFTYNXT50,4246,106150,691.63
2025-02-24,BANKNIFTY,19120370,573611100,2812761.73
2025-02-24,FINNIFTY,747788,48606220,112455.21
2025-02-24,MIDCPNIFTY,1763787,211654440,237203.47
2025-02-24,NIFTY,51374491,3853086825,8808282.31
2025-02-24,NIFTYNXT50,4457,111425,701.40
2025-02-25,BANKNIFTY,19551399,586541970,2870862.25
2025-02-25,FINNIFTY,890857,57905705,133860.69
2025-02-25,MIDCPNIFTY,1841917,221030040,247616.85
2025-02-25,NIFTY,49137157,3685286775,8390001.15
2025-02-25,NIFTYNXT50,2171,54275,330.85
2025-02-27,BANKNIFTY,91081483,2732444490,13376939.43
2025-02-27,FINNIFTY,8825286,573643590,1331625.12
2025-02-27,MIDCPNIFTY,17780050,2133606000,2345044.16
2025-02-27,NIFTY,108171267,8112845025,18360079.53
2025-02-27,NIFTYNXT50,81107,2027675,11964.68
2025-02-28,BANKNIFTY,5844872,175346160,861564.10
2025-02-28,FINNIFTY,101487,6596655,15277.96
2025-02-28,MIDCPNIFTY,288195,34583400,38557.42
2025-02-28,NIFTY,56481809,4236135675,9516850.08
2025-02-28,NIFTYNXT50,595,14875,89.97
2025-03-03,BANKNIFTY,5105238,153157140,749302.63
2025-03-03,FINNIFTY,105474,6855810,15800.48
2025-03-03,MIDCPNIFTY,292149,35057880,38705.19
2025-03-03,NIFTY,64654075,4849055625,10809369.15
2025-03-03,NIFTYNXT50,547,13675,82.17
2025-03-04,BANKNIFTY,4755206,142656180,698428.15
2025-03-04,FINNIFTY,75131,4883515,11370.02
2025-03-04,MIDCPNIFTY,238125,28575000,31590.86
2025-03-04,NIFTY,52301372,3922602900,8723163.00
2025-03-04,NIFTYNXT50,742,18550,112.51
2025-03-05,BANKNIFTY,4803021,144090630,707514.24
2025-03-05,FINNIFTY,114050,7413250,17244.47
2025-03-05,MIDCPNIFTY,304351,36522120,41017.14
2025-03-05,NIFTY,110655150,8299136250,18520271.64
2025-03-05,NIFTYNXT50,798,19950,120.93
2025-03-06,BANKNIFTY,4614231,138426930,680471.48
2025-03-06,FINNIFTY,91123,5922995,13853.73
2025-03-06,MIDCPNIFTY,231253,27750360,31517.57
2025-03-06,NIFTY,279749137,20981185275,47056945.82
2025-03-06,NIFTYNXT50,1050,26250,160.96
2025-03-07,BANKNIFTY,6337918,190137540,934393.86
2025-03-07,FINNIFTY,98613,6409845,14814.22
2025-03-07,MIDCPNIFTY,299041,35884920,40639.18
2025-03-07,NIFTY,59725540,4479415500,10144293.64
2025-03-07,NIFTYNXT50,755,18875,115.75
2025-03-10,BANKNIFTY,6049971,181499130,888992.52
2025-03-10,FINNIFTY,101691,6609915,15465.67
2025-03-10,MIDCPNIFTY,295160,35419200,40085.43
2025-03-10,NIFTY,69157586,5186818950,11728661.98
2025-03-10,NIFTYNXT50,609,15225,92.21
2025-03-11,BANKNIFTY,5731340,171940200,835931.88
2025-03-11,FINNIFTY,130955,8512075,19869.35
2025-03-11,MIDCPNIFTY,271296,32555520,36486.20
2025-03-11,NIFTY,67520530,5064039750,11391551.70
2025-03-11,NIFTYNXT50,430,10750,65.19
2025-03-12,BANKNIFTY,6204070,186122100,902690.31
2025-03-12,FINNIFTY,137111,8912215,20653.38
2025-03-12,MIDCPNIFTY,375897,45107640,50437.21
2025-03-12,NIFTY,126418910,9481418250,21334354.22
2025-03-12,NIFTYNXT50,1308,32700,199.46
2025-03-13,BANKNIFTY,5898626,176958780,859379.52
2025-03-13,FINNIFTY,92879,6037135,14124.27
2025-03-13,MIDCPNIFTY,338193,40583160,45225.36
2025-03-13,NIFTY,247454953,18559121475,41726745.39
2025-03-13,NIFTYNXT50,1281,32025,191.36
2025-03-17,BANKNIFTY,6068363,182050890,885859.94
2025-03-17,FINNIFTY,155617,10115105,23647.49
2025-03-17,MIDCPNIFTY,432350,51882000,57295.52
2025-03-17,NIFTY,59056844,4429263300,9983848.34
2025-03-17,NIFTYNXT50,938,23450,139.44
2025-03-18,BANKNIFTY,8992409,269772270,1328011.62
2025-03-18,FINNIFTY,241061,15668965,37175.54
2025-03-18,MIDCPNIFTY,517896,62147520,68976.60
2025-03-18,NIFTY,67097847,5032338525,11430066.17
2025-03-18,NIFTYNXT50,1525,38125,231.02
2025-03-19,BANKNIFTY,9491051,284731530,1413425.12
2025-03-19,FINNIFTY,286156,18600140,44733.06
2025-03-19,MIDCPNIFTY,843457,101214840,114481.92
2025-03-19,NIFTY,94126009,7059450675,16146506.41
2025-03-19,NIFTYNXT50,5458,136450,846.51
2025-03-20,BANKNIFTY,9753177,292595310,1462640.91
2025-03-20,FINNIFTY,338085,21975525,53089.36
2025-03-20,MIDCPNIFTY,972556,116706720,133126.25
2025-03-20,NIFTY,245888793,18441659475,42547329.97
2025-03-20,NIFTYNXT50,2971,74275,469.49
2025-03-21,BANKNIFTY,16742795,502283850,2533157.96
2025-03-21,FINNIFTY,711770,46265050,112945.38
2025-03-21,MIDCPNIFTY,1768637,212236440,243588.52
2025-03-21,NIFTY,64667800,4850085000,11318698.18
2025-03-21,NIFTYNXT50,3717,92925,590.15
2025-03-24,BANKNIFTY,24911855,747355650,3855950.19
2025-03-24,FINNIFTY,1240583,80637895,201305.92
2025-03-24,MIDCPNIFTY,1922877,230745240,269449.17
2025-03-24,NIFTY,69290674,5196800550,12247863.25
2025-03-24,NIFTYNXT50,4572,114300,735.48
2025-03-25,BANKNIFTY,19714746,591442380,3065063.32
2025-03-25,FINNIFTY,1171083,76120395,191860.47
2025-03-25,MIDCPNIFTY,2209801,265176120,309748.80
2025-03-25,NIFTY,71756940,5381770500,12778196.96
2025-03-25,NIFTYNXT50,4074,101850,647.59
2025-03-26,BANKNIFTY,40017579,1200527370,6194068.58
2025-03-26,FINNIFTY,2444969,158922985,398295.19
2025-03-26,MIDCPNIFTY,3815925,457911000,532206.20
2025-03-26,NIFTY,104841684,7863126300,18634428.94
2025-03-26,NIFTYNXT50,9739,243475,1540.52
2025-03-27,BANKNIFTY,120861760,3625852800,18673948.90
2025-03-27,FINNIFTY,10142541,659265165,1649458.31
2025-03-27,MIDCPNIFTY,10020144,1202417280,1384594.11
2025-03-27,NIFTY,182392905,13679467875,32234656.68
2025-03-27,NIFTYNXT50,98525,2463125,15576.51
2025-03-28,BANKNIFTY,5384191,161525730,841886.25
2025-03-28,FINNIFTY,65830,4278950,10904.34
2025-03-28,MIDCPNIFTY,280144,33617280,39613.68
2025-03-28,NIFTY,60429864,4532239800,10707353.62
2025-03-28,NIFTYNXT50,442,11050,71.74
2025-04-01,BANKNIFTY,4643123,139293690,721467.35
2025-04-01,FINNIFTY,69359,4508335,11377.82
2025-04-01,MIDCPNIFTY,222893,26747160,31362.00
2025-04-01,NIFTY,70695513,5302163475,12411316.27
2025-04-01,NIFTYNXT50,244,6100,39.13
2025-04-02,BANKNIFTY,4227551,126826530,654935.75
2025-04-02,FINNIFTY,57436,3733340,9388.02
2025-04-02,MIDCPNIFTY,291441,34972920,40838.29
2025-04-02,NIFTY,102834973,7712622975,17964046.73
2025-04-02,NIFTYNXT50,280,7000,43.79
2025-04-03,BANKNIFTY,5022777,150683310,782984.85
2025-04-03,FINNIFTY,67293,4374045,10975.67
2025-04-03,MIDCPNIFTY,323998,38879760,45489.13
2025-04-03,NIFTY,206713455,15503509125,36056649.55
2025-04-03,NIFTYNXT50,259,6475,40.65
2025-04-04,BANKNIFTY,6048115,181443450,945765.32
2025-04-04,FINNIFTY,121458,7894770,19807.25
2025-04-04,MIDCPNIFTY,460121,55214520,63612.77
2025-04-04,NIFTY,66717668,5003825100,11581886.90
2025-04-04,NIFTYNXT50,668,16700,103.46
2025-04-07,BANKNIFTY,8531277,255938310,1292081.77
2025-04-07,FINNIFTY,155840,10129600,24740.39
2025-04-07,MIDCPNIFTY,276004,33120480,37195.98
2025-04-07,NIFTY,73103403,5482755225,12469625.51
2025-04-07,NIFTYNXT50,261,6525,40.44
2025-04-08,BANKNIFTY,6412796,192383880,981605.95
2025-04-08,FINNIFTY,81040,5267600,13000.88
2025-04-08,MIDCPNIFTY,230980,27717600,31057.34
2025-04-08,NIFTY,88024818,6601861350,14995067.68
2025-04-08,NIFTYNXT50,207,5175,32.60
2025-04-09,BANKNIFTY,6057653,181729590,925533.78
2025-04-09,FINNIFTY,84677,5504005,13545.84
2025-04-09,MIDCPNIFTY,226458,27174960,30477.04
2025-04-09,NIFTY,210670916,15800318700,35514426.51
2025-04-09,NIFTYNXT50,309,7725,47.86
2025-04-11,BANKNIFTY,6339625,190188750,975654.76
2025-04-11,FINNIFTY,113656,7387640,18322.78
2025-04-11,MIDCPNIFTY,295628,35475360,40253.01
2025-04-11,NIFTY,47879960,3590997000,8264582.61
2025-04-11,NIFTYNXT50,258,6450,40.08
2025-04-15,BANKNIFTY,7208220,216246600,1118259.65
2025-04-15,FINNIFTY,160827,10453755,26274.00
2025-04-15,MIDCPNIFTY,344026,41283120,47286.23
2025-04-15,NIFTY,45031760,3377382000,7843569.45
2025-04-15,NIFTYNXT50,876,21900,132.70
2025-04-16,BANKNIFTY,9597346,287920380,1513834.24
2025-04-16,FINNIFTY,241210,15678650,39857.15
2025-04-16,MIDCPNIFTY,478718,57446160,66773.93
2025-04-16,NIFTY,101589045,7619178375,17804884.30
2025-04-16,NIFTYNXT50,985,24625,154.40
2025-04-17,BANKNIFTY,13548454,406453620,2183635.33
2025-04-17,FINNIFTY,499125,32443125,83832.85
2025-04-17,MIDCPNIFTY,630452,75654240,88082.88
2025-04-17,NIFTY,293949838,22046237850,52046950.92
2025-04-17,NIFTYNXT50,973,24325,154.19
2025-04-21,BANKNIFTY,19032919,570987570,3122980.36
2025-04-21,FINNIFTY,639541,41570165,109504.99
2025-04-21,MIDCPNIFTY,1363186,163582320,194362.41
2025-04-21,NIFTY,56907800,4268085000,10205823.55
2025-04-21,NIFTYNXT50,1672,41800,270.63
2025-04-22,BANKNIFTY,23420857,702625710,3895133.14
2025-04-22,FINNIFTY,754705,49055825,130692.33
2025-04-22,MIDCPNIFTY,1694095,203291400,246489.35
2025-04-22,NIFTY,47214464,3541084800,8509669.19
2025-04-22,NIFTYNXT50,3259,81475,526.85
2025-04-23,BANKNIFTY,39753776,1192613280,6597097.31
2025-04-23,FINNIFTY,2074099,134816435,357472.42
2025-04-23,MIDCPNIFTY,4059899,487187880,594111.72
2025-04-23,NIFTY,103490986,7761823950,18793566.24
2025-04-23,NIFTYNXT50,5771,144275,940.61
2025-04-24,BANKNIFTY,106715302,3201459060,17695890.72
2025-04-24,FINNIFTY,6405718,416371670,1098360.12
2025-04-24,MIDCPNIFTY,10966874,1316024880,1615636.32
2025-04-24,NIFTY,151149585,11336218875,27470233.72
2025-04-24,NIFTYNXT50,103179,2579475,17005.98
2025-04-25,BANKNIFTY,5366144,160994945,889717.15
2025-04-25,FINNIFTY,60533,3934645,10534.41
2025-04-25,MIDCPNIFTY,203036,24364320,30024.67
2025-04-25,NIFTY,73868595,5540144625,13358405.86
2025-04-25,NIFTYNXT50,264,6600,43.94
2025-04-28,BANKNIFTY,4177101,125318980,701950.68
2025-04-28,FINNIFTY,47649,3097185,8271.46
2025-04-28,MIDCPNIFTY,140673,16880760,20894.21
2025-04-28,NIFTY,68497795,5137334625,12419163.23
2025-04-28,NIFTYNXT50,198,4950,33.06
2025-04-29,BANKNIFTY,3949248,118483435,665498.50
2025-04-29,FINNIFTY,39378,2559570,6849.23
2025-04-29,MIDCPNIFTY,124444,14933280,18771.97
2025-04-29,NIFTY,73419370,5506452750,13372285.23
2025-04-29,NIFTYNXT50,118,2950,19.78
2025-04-30,BANKNIFTY,3352291,100575030,561138.15
2025-04-30,FINNIFTY,36364,2363660,6328.08
2025-04-30,MIDCPNIFTY,140902,16908240,20984.45
2025-04-30,NIFTY,226825350,17011901250,41332339.12
2025-04-30,NIFTYNXT50,176,4400,28.94
2025-05-02,BANKNIFTY,4185462,125568135,703433.49
2025-05-02,FINNIFTY,59408,3861520,10396.16
2025-05-02,MIDCPNIFTY,188053,22566360,27873.92
2025-05-02,NIFTY,70950323,5321274225,12974130.51
2025-05-02,NIFTYNXT50,199,4975,33.23
2025-05-05,BANKNIFTY,3449341,103485965,579415.24
2025-05-05,FINNIFTY,40374,2624310,7024.36
2025-05-05,MIDCPNIFTY,169462,20335440,25267.23
2025-05-05,NIFTY,60047564,4503567300,10997565.64
2025-05-05,NIFTYNXT50,449,11225,73.80
2025-05-06,BANKNIFTY,3597943,107946565,603603.62
2025-05-06,FINNIFTY,32851,2135315,5649.65
2025-05-06,MIDCPNIFTY,187502,22500260,27835.12
2025-05-06,NIFTY,53795796,4034684700,9817264.86
2025-05-06,NIFTYNXT50,323,8075,53.39
2025-05-07,BANKNIFTY,4278981,128377365,710864.66
2025-05-07,FINNIFTY,46010,2990650,7949.08
2025-05-07,MIDCPNIFTY,251864,30223680,37344.22
2025-05-07,NIFTY,110189332,8264199900,20083504.04
2025-05-07,NIFTYNXT50,298,7450,48.60
2025-05-08,BANKNIFTY,4788674,143671130,793530.69
2025-05-08,FINNIFTY,53817,3498105,9221.73
2025-05-08,MIDCPNIFTY,279051,33486120,41377.80
2025-05-08,NIFTY,250081888,18756141600,45594328.93
2025-05-08,NIFTYNXT50,349,8725,57.26
2025-05-09,BANKNIFTY,4778744,143382315,784623.77
2025-05-09,FINNIFTY,66670,4333550,11299.56
2025-05-09,MIDCPNIFTY,292467,35096040,42963.31
2025-05-09,NIFTY,47123805,3534285375,8522149.89
2025-05-09,NIFTYNXT50,389,9725,63.05
2025-05-12,BANKNIFTY,6327771,189852530,1047107.23
2025-05-12,FINNIFTY,83361,5418465,14470.26
2025-05-12,MIDCPNIFTY,295646,35477520,44167.60
2025-05-12,NIFTY,68553750,5141531250,12673351.59
2025-05-12,NIFTYNXT50,640,16000,105.32
2025-05-13,BANKNIFTY,4497975,134951075,747206.02
2025-05-13,FINNIFTY,53325,3466125,9229.63
2025-05-13,MIDCPNIFTY,256354,30762480,39041.98
2025-05-13,NIFTY,75797857,5684839275,14088629.23
2025-05-13,NIFTYNXT50,568,14200,93.88
2025-05-14,BANKNIFTY,5049122,151489025,836039.69
2025-05-14,FINNIFTY,68238,4435470,11776.79
2025-05-14,MIDCPNIFTY,218050,26166000,33147.84
2025-05-14,NIFTY,121303288,9097746600,22456070.51
2025-05-14,NIFTYNXT50,356,8900,59.21
2025-05-15,BANKNIFTY,5372804,161200335,890030.87
2025-05-15,FINNIFTY,71087,4620655,12276.25
2025-05-15,MIDCPNIFTY,251371,30164520,38502.28
2025-05-15,NIFTY,323623530,24271764750,60277452.47
2025-05-15,NIFTYNXT50,612,15300,102.31
2025-05-16,BANKNIFTY,3589471,107695365,597803.38
2025-05-16,FINNIFTY,53694,3490110,9332.04
2025-05-16,MIDCPNIFTY,296784,35614080,46071.28
2025-05-16,NIFTY,42874471,3215585325,8046128.11
2025-05-16,NIFTYNXT50,1173,29325,197.62
2025-05-19,BANKNIFTY,5467711,164046295,915285.15
2025-05-19,FINNIFTY,80702,5245630,14093.51
2025-05-19,MIDCPNIFTY,302978,36357360,46698.32
2025-05-19,NIFTY,43980113,3298508475,8259877.24
2025-05-19,NIFTYNXT50,955,23875,162.48
2025-05-20,BANKNIFTY,5187097,155625905,865794.09
2025-05-20,FINNIFTY,83978,5458570,14613.16
2025-05-20,MIDCPNIFTY,348435,41812200,53766.91
2025-05-20,NIFTY,62896242,4717218150,11776890.26
2025-05-20,NIFTYNXT50,780,19500,131.52
2025-05-21,BANKNIFTY,6627541,198840475,1102390.94
2025-05-21,FINNIFTY,102330,6651450,17681.16
2025-05-21,MIDCPNIFTY,370705,44484600,56801.90
2025-05-21,NIFTY,119396951,8954771325,22302710.45
2025-05-21,NIFTYNXT50,694,17350,116.90
2025-05-22,BANKNIFTY,5978507,179374720,994988.53
2025-05-22,FINNIFTY,139501,9067565,24120.79
2025-05-22,MIDCPNIFTY,498117,59774040,75787.22
2025-05-22,NIFTY,289715758,21728681850,53558440.20
2025-05-22,NIFTYNXT50,1254,31350,212.10
2025-05-23,BANKNIFTY,9457292,283773300,1576859.36
2025-05-23,FINNIFTY,286753,18638945,49434.34
2025-05-23,MIDCPNIFTY,583028,69963360,88191.28
2025-05-23,NIFTY,49197718,3689828850,9187250.30
2025-05-23,NIFTYNXT50,1152,28800,195.25
2025-05-26,BANKNIFTY,9778187,293385380,1631112.11
2025-05-26,FINNIFTY,295401,19201065,51243.93
2025-05-26,MIDCPNIFTY,507788,60934560,77155.96
2025-05-26,NIFTY,46437426,3482806950,8704947.90
2025-05-26,NIFTYNXT50,831,20775,141.03
2025-05-27,BANKNIFTY,12583357,377560295,2109915.21
2025-05-27,FINNIFTY,367270,23872550,63654.61
2025-05-27,MIDCPNIFTY,736145,88337400,112410.09
2025-05-27,NIFTY,63001377,4725103275,11823612.66
2025-05-27,NIFTYNXT50,953,23825,161.18
2025-05-28,BANKNIFTY,19550498,586550220,3263638.04
2025-05-28,FINNIFTY,619251,40251315,107093.83
2025-05-28,MIDCPNIFTY,2311255,277350600,352997.53
2025-05-28,NIFTY,75517098,5663782350,14103250.34
2025-05-28,NIFTYNXT50,3255,81375,546.04
2025-05-29,BANKNIFTY,81548833,2446530965,13559734.44
2025-05-29,FINNIFTY,5940682,386144330,1021825.91
2025-05-29,MIDCPNIFTY,7287728,874527360,1109199.36
2025-05-29,NIFTY,212288290,15921621750,39543208.76
2025-05-29,NIFTYNXT50,38252,956300,6410.10
2025-05-30,BANKNIFTY,2887409,86721785,487627.39
2025-05-30,FINNIFTY,45297,2944305,7944.58
2025-05-30,MIDCPNIFTY,97791,11734920,15206.30
2025-05-30,NIFTY,36609409,2745705675,6852368.81
2025-05-30,NIFTYNXT50,76,1900,12.92
2025-06-02,BANKNIFTY,3013519,90531170,510726.59
2025-06-02,FINNIFTY,50241,3265665,8809.68
2025-06-02,MIDCPNIFTY,112745,13529400,17445.81
2025-06-02,NIFTY,50873125,3815484375,9491802.09
2025-06-02,NIFTYNXT50,143,3575,24.41
2025-06-03,BANKNIFTY,2716346,81584435,460785.72
2025-06-03,FINNIFTY,44917,2919605,7825.61
2025-06-03,MIDCPNIFTY,102845,12341660,15946.53
2025-06-03,NIFTY,62637612,4697820900,11666480.04
2025-06-03,NIFTYNXT50,89,2225,15.00
2025-06-04,BANKNIFTY,2485593,74705130,421219.64
2025-06-04,FINNIFTY,42224,2744560,7369.38
2025-06-04,MIDCPNIFTY,147979,17757760,22908.73
2025-06-04,NIFTY,72339022,5425426650,13421440.57
2025-06-04,NIFTYNXT50,363,9075,61.84
2025-06-05,BANKNIFTY,2491598,74848015,421005.07
2025-06-05,FINNIFTY,37394,2430610,6524.22
2025-06-05,MIDCPNIFTY,159975,19197240,24977.32
2025-06-05,NIFTY,277571584,20817868800,51605068.55
2025-06-05,NIFTYNXT50,223,5575,37.98
2025-06-06,BANKNIFTY,5909089,177681995,1009107.01
2025-06-06,FINNIFTY,113756,7394140,20054.84
2025-06-06,MIDCPNIFTY,244251,29310720,38563.66
2025-06-06,NIFTY,56137784,4210333800,10532361.34
2025-06-06,NIFTYNXT50,278,6950,47.64
2025-06-09,BANKNIFTY,2920236,87894745,497066.96
2025-06-09,FINNIFTY,48868,3176420,8642.39
2025-06-09,MIDCPNIFTY,199375,23927800,31882.60
2025-06-09,NIFTY,35021982,2626648650,6603395.94
2025-06-09,NIFTYNXT50,500,12500,86.39
2025-06-10,BANKNIFTY,2732327,82212815,468434.42
2025-06-10,FINNIFTY,51384,3339960,9061.65
2025-06-10,MIDCPNIFTY,151374,18173140,24377.49
2025-06-10,NIFTY,44139845,3310488375,8314763.13
2025-06-10,NIFTYNXT50,507,12675,88.40
2025-06-11,BANKNIFTY,3578125,107605650,612480.09
2025-06-11,FINNIFTY,66733,4337645,11775.63
2025-06-11,MIDCPNIFTY,238707,28652300,38554.11
2025-06-11,NIFTY,92682027,6951152025,17493283.01
2025-06-11,NIFTYNXT50,389,9725,67.40
2025-06-12,BANKNIFTY,3681835,110758415,626765.04
2025-06-12,FINNIFTY,68619,4460235,12085.17
2025-06-12,MIDCPNIFTY,285150,34232480,45619.04
2025-06-12,NIFTY,296279673,22220975475,55632413.66
2025-06-12,NIFTYNXT50,498,12450,85.60
2025-06-13,BANKNIFTY,4388404,132221475,742486.24
2025-06-13,FINNIFTY,69783,4535895,12153.23
2025-06-13,MIDCPNIFTY,357632,42925660,56517.07
2025-06-13,NIFTY,45735627,3430172025,8514509.21
2025-06-13,NIFTYNXT50,435,10875,74.10
2025-06-16,BANKNIFTY,4318458,129988085,731648.40
2025-06-16,FINNIFTY,90773,5900245,15777.19
2025-06-16,MIDCPNIFTY,319064,38297160,50412.66
2025-06-16,NIFTY,55633973,4172547975,10406543.59
2025-06-16,NIFTYNXT50,459,11475,78.44
2025-06-17,BANKNIFTY,3451007,103889430,585201.90
2025-06-17,FINNIFTY,70696,4595240,12295.73
2025-06-17,MIDCPNIFTY,291194,34953340,46180.38
2025-06-17,NIFTY,49941592,3745619400,9342901.93
2025-06-17,NIFTYNXT50,509,12725,86.99
2025-06-18,BANKNIFTY,4252431,127942925,717752.93
2025-06-18,FINNIFTY,83605,5434325,14484.26
2025-06-18,MIDCPNIFTY,397197,47689380,62792.98
2025-06-18,NIFTY,96967394,7272554550,18073375.57
2025-06-18,NIFTYNXT50,644,16100,109.48
2025-06-19,BANKNIFTY,5196076,156455240,879380.90
2025-06-19,FINNIFTY,109379,7109635,18938.52
2025-06-19,MIDCPNIFTY,748489,89897620,116808.72
2025-06-19,NIFTY,260463130,19534734750,48505703.33
2025-06-19,NIFTYNXT50,1105,27625,186.29
2025-06-20,BANKNIFTY,8658596,260658875,1465629.74
2025-06-20,FINNIFTY,334842,21764730,58052.64
2025-06-20,MIDCPNIFTY,1026140,123203020,159583.84
2025-06-20,NIFTY,53189440,3989208000,9947428.43
2025-06-20,NIFTYNXT50,1198,29950,201.31
2025-06-23,BANKNIFTY,8864753,267309845,1499039.64
2025-06-23,FINNIFTY,348154,22630010,60165.07
2025-06-23,MIDCPNIFTY,1136423,136492420,177735.18
2025-06-23,NIFTY,60827360,4562052000,11399667.30
2025-06-23,NIFTYNXT50,2426,60650,411.58
2025-06-24,BANKNIFTY,12828170,387195310,2187795.77
2025-06-24,FINNIFTY,523342,34017230,91299.84
2025-06-24,MIDCPNIFTY,1158534,139215220,182942.04
2025-06-24,NIFTY,93030532,6977289900,17553290.63
2025-06-24,NIFTYNXT50,3460,86500,587.73
2025-06-25,BANKNIFTY,16666841,501996290,2841927.47
2025-06-25,FINNIFTY,873802,56797130,152520.72
2025-06-25,MIDCPNIFTY,1966024,236166540,312229.30
2025-06-25,NIFTY,93851881,7038891075,17685661.18
2025-06-25,NIFTYNXT50,5874,146850,1002.22
2025-06-26,BANKNIFTY,88416294,2656822635,15119776.94
2025-06-26,FINNIFTY,5680432,369228080,1000801.35
2025-06-26,MIDCPNIFTY,6355268,763187940,1011631.99
2025-06-26,NIFTY,268030143,20102260725,50944200.94
2025-06-26,NIFTYNXT50,23259,581475,3955.05
2025-06-27,BANKNIFTY,1841924,64467340,371294.71
2025-06-27,FINNIFTY,37861,2460965,6793.25
2025-06-27,MIDCPNIFTY,169954,23793560,32500.59
2025-06-27,NIFTY,44791803,3359385225,8599257.79
2025-06-27,NIFTYNXT50,118,2950,20.70
2025-06-30,BANKNIFTY,1651792,57812720,335189.59
2025-06-30,FINNIFTY,31062,2019030,5570.75
2025-06-30,MIDCPNIFTY,146345,20488300,27938.18
2025-06-30,NIFTY,58123321,4359249075,11179098.77
2025-06-30,NIFTYNXT50,299,7475,52.64
2025-07-01,BANKNIFTY,1674882,58620870,337194.93
2025-07-01,FINNIFTY,25480,1656200,4516.43
2025-07-01,MIDCPNIFTY,138805,19432700,26428.72
2025-07-01,NIFTY,46830122,3512259150,8981829.24
2025-07-01,NIFTYNXT50,201,5025,35.39
2025-07-02,BANKNIFTY,2092105,73223675,421617.07
2025-07-02,FINNIFTY,51370,3339050,9047.82
2025-07-02,MIDCPNIFTY,177504,24850560,33856.36
2025-07-02,NIFTY,101150262,7586269650,19389863.57
2025-07-02,NIFTYNXT50,224,5600,39.36
2025-07-03,BANKNIFTY,1778398,62243930,359553.38
2025-07-03,FINNIFTY,38997,2534805,6875.71
2025-07-03,MIDCPNIFTY,141109,19755260,27040.96
2025-07-03,NIFTY,312047121,23403534075,59730413.90
2025-07-03,NIFTYNXT50,322,8050,56.55
2025-07-04,BANKNIFTY,2129302,74525570,428613.46
2025-07-04,FINNIFTY,47165,3065725,8304.05
2025-07-04,MIDCPNIFTY,186861,26160540,35738.02
2025-07-04,NIFTY,49249654,3693724050,9420658.34
2025-07-04,NIFTYNXT50,551,13775,96.37
2025-07-07,BANKNIFTY,1683010,58905350,338285.42
2025-07-07,FINNIFTY,26758,1739270,4724.44
2025-07-07,MIDCPNIFTY,130410,18257400,24861.29
2025-07-07,NIFTY,44036563,3302742225,8434165.85
2025-07-07,NIFTYNXT50,515,12875,90.08
2025-07-08,BANKNIFTY,1797078,62897730,362407.76
2025-07-08,FINNIFTY,64862,4216030,11482.27
2025-07-08,MIDCPNIFTY,241877,33862780,45801.82
2025-07-08,NIFTY,43511970,3263397750,8334675.08
2025-07-08,NIFTYNXT50,517,12925,90.30
2025-07-09,BANKNIFTY,1729820,60543700,349139.34
2025-07-09,FINNIFTY,49818,3238170,8811.17
2025-07-09,MIDCPNIFTY,162719,22780660,30951.33
2025-07-09,NIFTY,86202376,6465178200,16544656.89
2025-07-09,NIFTYNXT50,392,9800,68.48
2025-07-10,BANKNIFTY,1837616,64316560,371123.67
2025-07-10,FINNIFTY,43903,2853695,7799.56
2025-07-10,MIDCPNIFTY,142256,19915840,26965.91
2025-07-10,NIFTY,245310836,18398312700,46847998.38
2025-07-10,NIFTYNXT50,216,5400,37.82
2025-07-11,BANKNIFTY,2293083,80257905,462106.81
2025-07-11,FINNIFTY,49111,3192215,8662.76
2025-07-11,MIDCPNIFTY,265293,37141020,49702.78
2025-07-11,NIFTY,48500331,3637524825,9227403.97
2025-07-11,NIFTYNXT50,289,7225,50.36
2025-07-14,BANKNIFTY,2112144,73925040,424512.60
2025-07-14,FINNIFTY,52015,3380975,9194.36
2025-07-14,MIDCPNIFTY,259905,36386700,48354.57
2025-07-14,NIFTY,54848469,4113635175,10377171.42
2025-07-14,NIFTYNXT50,571,14275,99.21
2025-07-15,BANKNIFTY,2212580,77440300,445065.43
2025-07-15,FINNIFTY,56778,3690570,10004.93
2025-07-15,MIDCPNIFTY,222521,31152940,41564.72
2025-07-15,NIFTY,61736880,4630266000,11701550.62
2025-07-15,NIFTYNXT50,341,8525,59.37
2025-07-16,BANKNIFTY,2317242,81103470,466796.77
2025-07-16,FINNIFTY,49200,3198000,8664.66
2025-07-16,MIDCPNIFTY,250140,35019600,46991.45
2025-07-16,NIFTY,93877824,7040836800,17790614.94
2025-07-16,NIFTYNXT50,257,6425,44.73
2025-07-17,BANKNIFTY,2442460,85486100,491840.88
2025-07-17,FINNIFTY,42411,2756715,7447.09
2025-07-17,MIDCPNIFTY,224835,31476900,42377.45
2025-07-17,NIFTY,217236888,16292766600,41086770.70
2025-07-17,NIFTYNXT50,146,3650,25.45
2025-07-18,BANKNIFTY,3436923,120292305,687640.38
2025-07-18,FINNIFTY,87358,5678270,15286.01
2025-07-18,MIDCPNIFTY,287908,40307120,53872.55
2025-07-18,NIFTY,47482590,3561194250,8951552.69
2025-07-18,NIFTYNXT50,505,12625,87.74
2025-07-21,BANKNIFTY,5281216,184842560,1055884.34
2025-07-21,FINNIFTY,145339,9447035,25502.10
2025-07-21,MIDCPNIFTY,326754,45745560,61090.06
2025-07-21,NIFTY,60458580,4534393500,11390984.78
2025-07-21,NIFTYNXT50,607,15175,104.97
2025-07-22,BANKNIFTY,3900018,136500630,780974.06
2025-07-22,FINNIFTY,101210,6578650,17827.88
2025-07-22,MIDCPNIFTY,351880,49263200,65972.03
2025-07-22,NIFTY,54066942,4055020650,10205807.49
2025-07-22,NIFTYNXT50,393,9825,68.16
2025-07-23,BANKNIFTY,5271622,184506770,1055397.89
2025-07-23,FINNIFTY,158857,10325705,28048.63
2025-07-23,MIDCPNIFTY,452881,63403340,84541.33
2025-07-23,NIFTY,92190336,6914275200,17421522.19
2025-07-23,NIFTYNXT50,1237,30925,214.34
2025-07-24,BANKNIFTY,5052597,176840895,1013004.88
2025-07-24,FINNIFTY,142127,9238255,25112.83
2025-07-24,MIDCPNIFTY,738004,103320560,137187.98
2025-07-24,NIFTY,260449019,19533676425,49127256.04
2025-07-24,NIFTYNXT50,871,21775,150.91
2025-07-25,BANKNIFTY,8247312,288655920,1646103.14
2025-07-25,FINNIFTY,396997,25804805,69616.33
2025-07-25,MIDCPNIFTY,1125960,157634400,207975.54
2025-07-25,NIFTY,55796231,4184717325,10478415.79
2025-07-25,NIFTYNXT50,1068,26700,184.84
2025-07-28,BANKNIFTY,8780541,307318935,1744158.06
2025-07-28,FINNIFTY,412928,26840320,71980.97
2025-07-28,MIDCPNIFTY,2304957,322693980,422341.14
2025-07-28,NIFTY,68035478,5102660850,12715889.52
2025-07-28,NIFTYNXT50,1730,43250,298.05
2025-07-29,BANKNIFTY,9492022,332220770,1879862.16
2025-07-29,FINNIFTY,492586,32018090,85917.35
2025-07-29,MIDCPNIFTY,1776295,248681300,324862.91
2025-07-29,NIFTY,62489157,4686686775,11643733.45
2025-07-29,NIFTYNXT50,1901,47525,326.57
2025-07-30,BANKNIFTY,16280260,569809100,3217849.44
2025-07-30,FINNIFTY,943956,61357140,164420.14
2025-07-30,MIDCPNIFTY,2973700,416318000,544240.35
2025-07-30,NIFTY,97917131,7343784825,18304591.32
2025-07-30,NIFTYNXT50,3784,94600,644.81
2025-07-31,BANKNIFTY,88481510,3096852850,17396228.61
2025-07-31,FINNIFTY,6107778,397005570,1061015.39
2025-07-31,MIDCPNIFTY,10966664,1535332960,1984971.26
2025-07-31,NIFTY,293287173,21996537975,54624703.45
2025-07-31,NIFTYNXT50,18763,469075,3157.09
2025-08-01,BANKNIFTY,2569333,89926655,508374.92
2025-08-01,FINNIFTY,49672,3228680,8685.08
2025-08-01,MIDCPNIFTY,224436,31421040,40925.60
2025-08-01,NIFTY,62402446,4680183450,11624363.72
2025-08-01,NIFTYNXT50,11,275,1.86
2025-08-04,BANKNIFTY,2059897,72096395,405845.54
2025-08-04,FINNIFTY,62126,4038190,10825.49
2025-08-04,MIDCPNIFTY,218173,30544220,39676.56
2025-08-04,NIFTY,57496996,4312274700,10680985.29
2025-08-04,NIFTYNXT50,140,3500,23.58
2025-08-05,BANKNIFTY,2162991,75704685,426063.39
2025-08-05,FINNIFTY,44678,2904070,7763.33
2025-08-05,MIDCPNIFTY,199871,27981940,36404.93
2025-08-05,NIFTY,54251108,4068833100,10067822.98
2025-08-05,NIFTYNXT50,128,3200,21.61
2025-08-06,BANKNIFTY,2880362,100812670,565950.80
2025-08-06,FINNIFTY,71885,4672525,12517.00
2025-08-06,MIDCPNIFTY,242194,33907160,43764.74
2025-08-06,NIFTY,102295573,7672167975,18938282.78
2025-08-06,NIFTYNXT50,228,5700,38.51
2025-08-07,BANKNIFTY,2851273,99794555,559360.96
2025-08-07,FINNIFTY,65396,4250740,11347.48
2025-08-07,MIDCPNIFTY,297075,41590500,53496.32
2025-08-07,NIFTY,327673098,24575482350,60260854.69
2025-08-07,NIFTYNXT50,386,9650,65.06
2025-08-08,BANKNIFTY,2712607,94941245,530322.60
2025-08-08,FINNIFTY,54737,3557905,9454.08
2025-08-08,MIDCPNIFTY,236470,33105800,42481.88
2025-08-08,NIFTY,60284431,4521332325,11125891.77
2025-08-08,NIFTYNXT50,258,6450,43.26
2025-08-11,BANKNIFTY,2671738,93510830,523110.35
2025-08-11,FINNIFTY,58056,3773640,10040.54
2025-08-11,MIDCPNIFTY,242383,33933620,43388.20
2025-08-11,NIFTY,62901753,4717631475,11579304.53
2025-08-11,NIFTYNXT50,383,9575,64.23
2025-08-12,BANKNIFTY,2791180,97691300,546589.35
2025-08-12,FINNIFTY,73131,4753515,12637.07
2025-08-12,MIDCPNIFTY,223740,31323600,40150.57
2025-08-12,NIFTY,85486473,6411485475,15804530.79
2025-08-12,NIFTYNXT50,300,7500,50.26
2025-08-13,BANKNIFTY,2539439,88880365,497085.34
2025-08-13,FINNIFTY,78076,5074940,13484.71
2025-08-13,MIDCPNIFTY,239186,33486040,42902.51
2025-08-13,NIFTY,117978429,8848382175,21816407.24
2025-08-13,NIFTYNXT50,436,10900,73.32
2025-08-14,BANKNIFTY,2728356,95492460,534356.75
2025-08-14,FINNIFTY,69375,4509375,11994.09
2025-08-14,MIDCPNIFTY,255541,35775740,45902.02
2025-08-14,NIFTY,245959124,18446934300,45479159.22
2025-08-14,NIFTYNXT50,229,5725,38.49
2025-08-18,BANKNIFTY,4047226,141652910,797454.52
2025-08-18,FINNIFTY,112195,7292675,19579.82
2025-08-18,MIDCPNIFTY,375012,52501680,67609.35
2025-08-18,NIFTY,59402988,4455224100,11144240.05
2025-08-18,NIFTYNXT50,447,11175,76.34
2025-08-19,BANKNIFTY,3325745,116401075,654177.77
2025-08-19,FINNIFTY,119079,7740135,20688.42
2025-08-19,MIDCPNIFTY,450803,63112420,81582.59
2025-08-19,NIFTY,57380322,4303524150,10761495.43
2025-08-19,NIFTYNXT50,412,10300,69.81
2025-08-20,BANKNIFTY,3487166,122050810,684713.74
2025-08-20,FINNIFTY,130477,8481005,22590.31
2025-08-20,MIDCPNIFTY,499327,69905780,90379.56
2025-08-20,NIFTY,95685963,7176447225,17970340.28
2025-08-20,NIFTYNXT50,818,20450,141.17
2025-08-21,BANKNIFTY,4074852,142619820,800966.97
2025-08-21,FINNIFTY,126295,8209175,21941.38
2025-08-21,MIDCPNIFTY,747195,104607300,136107.72
2025-08-21,NIFTY,253290901,18996817575,47699039.52
2025-08-21,NIFTYNXT50,637,15925,108.39
2025-08-22,BANKNIFTY,7606308,266220780,1491491.21
2025-08-22,FINNIFTY,285489,18556785,49258.09
2025-08-22,MIDCPNIFTY,896026,125443640,163125.36
2025-08-22,NIFTY,51831490,3887361750,9750648.76
2025-08-22,NIFTYNXT50,957,23925,164.53
2025-08-25,BANKNIFTY,8314737,291015795,1620505.21
2025-08-25,FINNIFTY,341990,22229350,58760.89
2025-08-25,MIDCPNIFTY,976181,136665340,177769.88
2025-08-25,NIFTY,59419464,4456459800,11165450.25
2025-08-25,NIFTYNXT50,1277,31925,220.61
2025-08-26,BANKNIFTY,11401637,399057295,2209713.54
2025-08-26,FINNIFTY,525930,34185450,89636.53
2025-08-26,MIDCPNIFTY,1512445,211742300,272478.55
2025-08-26,NIFTY,76088994,5706674550,14227451.31
2025-08-26,NIFTYNXT50,1313,32825,222.13
2025-08-28,BANKNIFTY,69720414,2440214490,13240049.81
2025-08-28,FINNIFTY,6553902,426003630,1100686.14
2025-08-28,MIDCPNIFTY,8526753,1193745420,1506526.42
2025-08-28,NIFTY,269307588,20198069100,49776976.86
2025-08-28,NIFTYNXT50,16225,405625,2694.95
2025-08-29,BANKNIFTY,2130456,74565960,408861.71
2025-08-29,FINNIFTY,34369,2233985,5807.44
2025-08-29,MIDCPNIFTY,238826,33435640,42595.26
2025-08-29,NIFTY,95339044,7150428300,17608909.62
2025-08-29,NIFTYNXT50,299,7475,50.39
2025-09-01,BANKNIFTY,1808129,63284515,347745.02
2025-09-01,FINNIFTY,35234,2290210,5957.06
2025-09-01,MIDCPNIFTY,216384,30293760,38804.34
2025-09-01,NIFTY,111350965,8351322375,20547251.67
2025-09-01,NIFTYNXT50,384,9600,64.55
2025-09-02,BANKNIFTY,2115405,74039175,405799.00
2025-09-02,FINNIFTY,37389,2430285,6342.55
2025-09-02,MIDCPNIFTY,211802,29652280,38237.59
2025-09-02,NIFTY,358968453,26922633975,66392214.34
2025-09-02,NIFTYNXT50,227,5675,38.52
2025-09-03,BANKNIFTY,2290641,80172435,439563.01
2025-09-03,FINNIFTY,74242,4825730,12579.53
2025-09-03,MIDCPNIFTY,213546,29896440,38528.82
2025-09-03,NIFTY,60547152,4541036400,11212724.30
2025-09-03,NIFTYNXT50,381,9525,64.22
2025-09-04,BANKNIFTY,2264975,79274125,436373.56
2025-09-04,FINNIFTY,59260,3851900,10097.64
2025-09-04,MIDCPNIFTY,240173,33624220,43698.17
2025-09-04,NIFTY,73653136,5523985200,13741153.96
2025-09-04,NIFTYNXT50,210,5250,35.76
2025-09-05,BANKNIFTY,2606954,91243390,499988.22
2025-09-05,FINNIFTY,46004,2990260,7802.91
2025-09-05,MIDCPNIFTY,318458,44584120,57773.53
2025-09-05,NIFTY,124791519,9359363925,23201837.62
2025-09-05,NIFTYNXT50,172,4300,29.18
2025-09-08,BANKNIFTY,2518735,88155725,483910.82
2025-09-08,FINNIFTY,76775,4990375,13115.95
2025-09-08,MIDCPNIFTY,203467,28485380,36984.77
2025-09-08,NIFTY,136963753,10272281475,25524824.24
2025-09-08,NIFTYNXT50,417,10425,70.92
2025-09-09,BANKNIFTY,1992020,69720700,381771.86
2025-09-09,FINNIFTY,33220,2159300,5646.90
2025-09-09,MIDCPNIFTY,180816,25314240,32977.30
2025-09-09,NIFTY,270143060,20260729500,50363521.78
2025-09-09,NIFTYNXT50,500,12500,83.49
2025-09-10,BANKNIFTY,2618879,91660765,504998.46
2025-09-10,FINNIFTY,59218,3849170,10114.73
2025-09-10,MIDCPNIFTY,338673,47414220,62020.49
2025-09-10,NIFTY,51342484,3850686300,9650256.24
2025-09-10,NIFTYNXT50,542,13550,91.52
2025-09-11,BANKNIFTY,2151801,75313035,415017.72
2025-09-11,FINNIFTY,32879,2137135,5615.56
2025-09-11,MIDCPNIFTY,222115,31096100,40896.87
2025-09-11,NIFTY,41399812,3104985900,7773008.79
2025-09-11,NIFTYNXT50,803,20075,137.15
2025-09-12,BANKNIFTY,2355036,82426260,454115.80
2025-09-12,FINNIFTY,56882,3697330,9781.46
2025-09-12,MIDCPNIFTY,209822,29375080,38716.58
2025-09-12,NIFTY,66812987,5010974025,12572421.60
2025-09-12,NIFTYNXT50,484,12100,82.27
2025-09-15,BANKNIFTY,2266190,79316650,439591.72
2025-09-15,FINNIFTY,48433,3148145,8375.79
2025-09-15,MIDCPNIFTY,185716,26000240,34204.43
2025-09-15,NIFTY,91144713,6835853475,17164567.86
2025-09-15,NIFTYNXT50,508,12700,86.64
2025-09-16,BANKNIFTY,2790207,97657245,541104.13
2025-09-16,FINNIFTY,43344,2817360,7449.36
2025-09-16,MIDCPNIFTY,198483,27787620,36661.45
2025-09-16,NIFTY,243914823,18293611725,46031143.35
2025-09-16,NIFTYNXT50,230,5750,39.55
2025-09-17,BANKNIFTY,3784369,132452915,738990.55
2025-09-17,FINNIFTY,54465,3540225,9415.13
2025-09-17,MIDCPNIFTY,218322,30565080,40342.75
2025-09-17,NIFTY,41435738,3107680350,7881666.11
2025-09-17,NIFTYNXT50,398,9950,67.51
2025-09-18,BANKNIFTY,4293203,150262105,838780.38
2025-09-18,FINNIFTY,68695,4465175,11940.81
2025-09-18,MIDCPNIFTY,312517,43752380,57976.48
2025-09-18,NIFTY,52237879,3917840925,9950421.42
2025-09-18,NIFTYNXT50,343,8575,59.07
2025-09-19,BANKNIFTY,3969859,138945065,774300.97
2025-09-19,FINNIFTY,74888,4867720,13015.22
2025-09-19,MIDCPNIFTY,330741,46303740,61429.63
2025-09-19,NIFTY,90817341,6811300575,17289804.41
2025-09-19,NIFTYNXT50,564,14100,97.15
2025-09-22,BANKNIFTY,4293023,150255805,839087.66
2025-09-22,FINNIFTY,100149,6509685,17395.98
2025-09-22,MIDCPNIFTY,443987,62158180,82189.51
2025-09-22,NIFTY,128032424,9602431800,24314671.13
2025-09-22,NIFTYNXT50,407,10175,70.16
2025-09-23,BANKNIFTY,4917359,172107565,958666.02
2025-09-23,FINNIFTY,99617,6475105,17274.66
2025-09-23,MIDCPNIFTY,405681,56795340,74857.96
2025-09-23,NIFTY,321413030,24105977250,60824329.45
2025-09-23,NIFTYNXT50,481,12025,83.44
2025-09-24,BANKNIFTY,7492809,262248315,1457626.41
2025-09-24,FINNIFTY,209929,13645385,36206.15
2025-09-24,MIDCPNIFTY,745338,104347320,136747.47
2025-09-24,NIFTY,54032677,4052450775,10219079.61
2025-09-24,NIFTYNXT50,731,18275,125.92
2025-09-25,BANKNIFTY,7888103,276083605,1532868.28
2025-09-25,FINNIFTY,230299,14969435,39641.19
2025-09-25,MIDCPNIFTY,771656,108031840,140544.97
2025-09-25,NIFTY,56368517,4227638775,10641645.38
2025-09-25,NIFTYNXT50,828,20700,143.13
2025-09-26,BANKNIFTY,13409850,469344750,2581454.42
2025-09-26,FINNIFTY,594484,38641460,101268.82
2025-09-26,MIDCPNIFTY,2029358,284110120,363144.06
2025-09-26,NIFTY,104400390,7830029250,19505985.97
2025-09-26,NIFTYNXT50,2863,71575,487.40
2025-09-29,BANKNIFTY,22881689,800859115,4380659.31
2025-09-29,FINNIFTY,1330899,86508435,225657.83
2025-09-29,MIDCPNIFTY,3372394,472135160,599129.04
2025-09-29,NIFTY,155113934,11633545050,28830541.45
2025-09-29,NIFTYNXT50,5925,148125,1011.27
2025-09-30,BANKNIFTY,64263841,2249234435,12304617.88
2025-09-30,FINNIFTY,4685323,304545995,793952.53
2025-09-30,MIDCPNIFTY,9663523,1352893220,1706223.94
2025-09-30,NIFTY,270996883,20324766225,50203497.61
2025-09-30,NIFTYNXT50,36221,905525,6140.96
2025-10-01,BANKNIFTY,3228570,112999950,628766.14
2025-10-01,FINNIFTY,21727,1412255,3785.34
2025-10-01,MIDCPNIFTY,197669,27673660,35524.99
2025-10-01,NIFTY,60459961,4534497075,11246183.74
2025-10-01,NIFTYNXT50,240,6000,41.48
2025-10-03,BANKNIFTY,2313492,80972220,452319.71
2025-10-03,FINNIFTY,34913,2269345,6078.38
2025-10-03,MIDCPNIFTY,160923,22529220,28914.24
2025-10-03,NIFTY,99443820,7458286500,18544524.05
2025-10-03,NIFTYNXT50,97,2425,16.73
2025-10-06,BANKNIFTY,2664519,93258165,524589.03
2025-10-06,FINNIFTY,58641,3811665,10261.50
2025-10-06,MIDCPNIFTY,199170,27883800,35824.30
2025-10-06,NIFTY,146138121,10960359075,27381283.54
2025-10-06,NIFTYNXT50,231,5775,39.85
2025-10-07,BANKNIFTY,2700465,94516275,534825.88
2025-10-07,FINNIFTY,62006,4030390,10957.62
2025-10-07,MIDCPNIFTY,188100,26334000,34374.40
2025-10-07,NIFTY,345456540,25909240500,65187764.06
2025-10-07,NIFTYNXT50,381,9525,66.12
2025-10-08,BANKNIFTY,3172189,111026615,626913.93
2025-10-08,FINNIFTY,44829,2913885,7877.31
2025-10-08,MIDCPNIFTY,251196,35167440,46094.18
2025-10-08,NIFTY,77169884,5787741300,14583683.42
2025-10-08,NIFTYNXT50,334,8350,57.84
2025-10-09,BANKNIFTY,2409233,84323155,476776.81
2025-10-09,FINNIFTY,42557,2766205,7468.28
2025-10-09,MIDCPNIFTY,193292,27060880,35401.83
2025-10-09,NIFTY,67488369,5061627675,12744206.48
2025-10-09,NIFTYNXT50,269,6725,46.54
2025-10-10,BANKNIFTY,3402462,119086170,677485.44
2025-10-10,FINNIFTY,59740,3883100,10552.46
2025-10-10,MIDCPNIFTY,250926,35129640,46231.42
2025-10-10,NIFTY,98249530,7368714750,18619260.38
2025-10-10,NIFTYNXT50,343,8575,59.56
2025-10-13,BANKNIFTY,3174848,111119680,631537.71
2025-10-13,FINNIFTY,54890,3567850,9631.75
2025-10-13,MIDCPNIFTY,226899,31765860,42021.85
2025-10-13,NIFTY,135384471,10153835325,25620392.84
2025-10-13,NIFTYNXT50,409,10225,70.71
2025-10-14,BANKNIFTY,3062975,107204125,608005.65
2025-10-14,FINNIFTY,45568,2961920,8034.43
2025-10-14,MIDCPNIFTY,263356,36869840,48817.58
2025-10-14,NIFTY,359726621,26979496575,67986736.06
2025-10-14,NIFTYNXT50,539,13475,92.89
2025-10-15,BANKNIFTY,3325259,116384065,661985.78
2025-10-15,FINNIFTY,72877,4737005,12868.04
2025-10-15,MIDCPNIFTY,256267,35877380,47364.27
2025-10-15,NIFTY,61164803,4587360225,11625264.07
2025-10-15,NIFTYNXT50,814,20350,140.73
2025-10-16,BANKNIFTY,4246676,148633660,849699.19
2025-10-16,FINNIFTY,88626,5760690,15809.70
2025-10-16,MIDCPNIFTY,288101,40334140,53352.24
2025-10-16,NIFTY,66508417,4988131275,12712112.71
2025-10-16,NIFTYNXT50,630,15750,109.84
2025-10-17,BANKNIFTY,5714047,199991645,1155446.00
2025-10-17,FINNIFTY,127422,8282430,22839.06
2025-10-17,MIDCPNIFTY,573813,80333820,106809.70
2025-10-17,NIFTY,156685076,11751380700,30210872.43
2025-10-17,NIFTYNXT50,893,22325,155.25
2025-10-20,BANKNIFTY,5120981,179234335,1036657.91
2025-10-20,FINNIFTY,117110,7612150,20981.60
2025-10-20,MIDCPNIFTY,443109,62035260,82588.67
2025-10-20,NIFTY,325101224,24382591800,63043778.73
2025-10-20,NIFTYNXT50,440,11000,76.62
2025-10-21,BANKNIFTY,1173208,41062280,237656.91
2025-10-21,FINNIFTY,24370,1584050,4343.77
2025-10-21,MIDCPNIFTY,107756,15085840,20037.46
2025-10-21,NIFTY,12035768,902682600,2342426.82
2025-10-21,NIFTYNXT50,140,3500,24.21
2025-10-23,BANKNIFTY,8120808,284228280,1656078.98
2025-10-23,FINNIFTY,213210,13858650,38193.94
2025-10-23,MIDCPNIFTY,757069,105989660,141051.84
2025-10-23,NIFTY,67605178,5070388350,13199177.64
2025-10-23,NIFTYNXT50,509,12725,88.43
2025-10-24,BANKNIFTY,13563389,474718615,2752489.08
2025-10-24,FINNIFTY,445673,28968745,79674.28
2025-10-24,MIDCPNIFTY,1986836,278157040,368499.77
2025-10-24,NIFTY,121342984,9100723800,23593433.35
2025-10-24,NIFTYNXT50,1720,43000,297.23
2025-10-28,BANKNIFTY,75266560,2634329600,15311242.77
2025-10-28,FINNIFTY,5441369,353688985,970606.37
2025-10-28,MIDCPNIFTY,7542339,1055927460,1409002.91
2025-10-28,NIFTY,321202411,24090180825,62499000.80
2025-10-28,NIFTYNXT50,18675,466875,3235.49
2025-10-29,BANKNIFTY,2087300,73055070,430113.31
2025-10-29,FINNIFTY,23040,1497600,4219.29
2025-10-29,MIDCPNIFTY,126557,17717980,24074.97
2025-10-29,NIFTY,51196363,3839543675,10039411.11
2025-10-29,NIFTYNXT50,463,11575,82.42
2025-10-30,BANKNIFTY,1837639,64315905,378573.13
2025-10-30,FINNIFTY,19544,1270360,3542.31
2025-10-30,MIDCPNIFTY,114734,16062760,21850.36
2025-10-30,NIFTY,55508896,4163025590,10862087.66
2025-10-30,NIFTYNXT50,329,8225,58.54
2025-10-31,BANKNIFTY,2351944,82315910,483655.50
2025-10-31,FINNIFTY,28221,1834360,5074.75
2025-10-31,MIDCPNIFTY,220403,30856420,42225.44
2025-10-31,NIFTY,103250673,7743655255,20120603.53
2025-10-31,NIFTYNXT50,550,13750,97.94
2025-11-03,BANKNIFTY,2060363,72110950,424627.87
2025-11-03,FINNIFTY,32698,2125370,5877.73
2025-11-03,MIDCPNIFTY,163005,22820700,31256.85
2025-11-03,NIFTY,128988729,9673950395,25000616.09
2025-11-03,NIFTYNXT50,607,15175,108.55
2025-11-04,BANKNIFTY,1846925,64640780,379947.62
2025-11-04,FINNIFTY,23338,1516965,4184.17
2025-11-04,MIDCPNIFTY,152206,21308840,29206.36
2025-11-04,NIFTY,281018065,21076032365,54245445.59
2025-11-04,NIFTYNXT50,415,10375,74.24
2025-11-06,BANKNIFTY,1992862,69746015,407931.98
2025-11-06,FINNIFTY,42068,2734420,7526.65
2025-11-06,MIDCPNIFTY,190769,26707660,36401.37
2025-11-06,NIFTY,57203880,4290042390,11044932.38
2025-11-06,NIFTYNXT50,550,13750,97.77
2025-11-07,BANKNIFTY,3396382,118856820,694328.56
2025-11-07,FINNIFTY,53260,3461900,9524.83
2025-11-07,MIDCPNIFTY,281332,39386480,53142.56
2025-11-07,NIFTY,115356944,8651426500,22107115.42
2025-11-07,NIFTYNXT50,455,11375,80.50
2025-11-10,BANKNIFTY,2052765,71838940,420708.39
2025-11-10,FINNIFTY,24982,1623830,4471.68
2025-11-10,MIDCPNIFTY,198531,27794300,37800.53
2025-11-10,NIFTY,122953355,9221306195,23621545.86
2025-11-10,NIFTYNXT50,549,13725,97.30
2025-11-11,BANKNIFTY,2649150,92708475,541591.48
2025-11-11,FINNIFTY,50156,3260140,8956.89
2025-11-11,MIDCPNIFTY,273812,38333660,52424.01
2025-11-11,NIFTY,338231120,25367008590,64996555.91
2025-11-11,NIFTYNXT50,457,11425,80.76
2025-11-12,BANKNIFTY,2463184,86198460,506006.33
2025-11-12,FINNIFTY,49345,3207425,8850.55
2025-11-12,MIDCPNIFTY,373431,52280300,72276.47
2025-11-12,NIFTY,44917769,3368435985,8728986.32
2025-11-12,NIFTYNXT50,503,12575,89.85
2025-11-13,BANKNIFTY,2891746,101190430,594612.33
2025-11-13,FINNIFTY,33756,2194140,6063.74
2025-11-13,MIDCPNIFTY,262731,36782320,51254.49
2025-11-13,NIFTY,54847064,4113216840,10679233.10
2025-11-13,NIFTYNXT50,751,18775,133.56
2025-11-14,BANKNIFTY,3187617,111552530,655577.02
2025-11-14,FINNIFTY,38967,2532855,6981.37
2025-11-14,MIDCPNIFTY,307120,42996800,60009.58
2025-11-14,NIFTY,120522512,9038793590,23436856.06
2025-11-14,NIFTYNXT50,847,21175,150.27
2025-11-17,BANKNIFTY,3408620,119282240,703195.37
2025-11-17,FINNIFTY,45597,2963805,8217.91
2025-11-17,MIDCPNIFTY,344605,48244700,67353.63
2025-11-17,NIFTY,113903000,8542382030,22187799.52
2025-11-17,NIFTYNXT50,1143,28575,202.37
2025-11-18,BANKNIFTY,3593626,125756195,742193.25
2025-11-18,FINNIFTY,55255,3591575,9951.94
2025-11-18,MIDCPNIFTY,376609,52725260,73719.01
2025-11-18,NIFTY,284066462,21304644060,55340166.50
2025-11-18,NIFTYNXT50,1274,31850,225.02
2025-11-19,BANKNIFTY,5544675,194030995,1144861.84
2025-11-19,FINNIFTY,198002,12870130,35486.11
2025-11-19,MIDCPNIFTY,517591,72462740,101293.38
2025-11-19,NIFTY,48894767,3666638575,9543478.96
2025-11-19,NIFTYNXT50,1459,36475,256.89
2025-11-20,BANKNIFTY,5068773,177374990,1048877.71
2025-11-20,FINNIFTY,231752,15063880,41790.56
2025-11-20,MIDCPNIFTY,571546,80016440,112281.13
2025-11-20,NIFTY,49563764,3716658960,9702621.89
2025-11-20,NIFTYNXT50,1401,35025,245.52
2025-11-21,BANKNIFTY,9526978,333397145,1972009.83
2025-11-21,FINNIFTY,376844,24494860,67890.76
2025-11-21,MIDCPNIFTY,1156327,161885780,226235.22
2025-11-21,NIFTY,92222720,6916205980,18083905.58
2025-11-21,NIFTYNXT50,3159,78975,551.64
2025-11-24,BANKNIFTY,17062677,597159485,3533031.97
2025-11-24,FINNIFTY,827554,53791010,148935.60
2025-11-24,MIDCPNIFTY,2102072,294290080,408244.19
2025-11-24,NIFTY,115791438,8683856690,22683561.00
2025-11-24,NIFTYNXT50,7222,180550,1249.22
2025-11-25,BANKNIFTY,70122140,2454232975,14472372.58
2025-11-25,FINNIFTY,4327348,281277615,774511.37
2025-11-25,MIDCPNIFTY,5569678,779754900,1076733.17
2025-11-25,NIFTY,266869384,20014506410,52060162.74
2025-11-25,NIFTYNXT50,18303,457575,3130.60
2025-11-26,BANKNIFTY,1984802,69368405,416113.42
2025-11-26,FINNIFTY,12765,829705,2331.64
2025-11-26,MIDCPNIFTY,134852,18878620,26641.24
2025-11-26,NIFTY,51003777,3824006205,10012058.66
2025-11-26,NIFTYNXT50,427,10675,74.73
2025-11-27,BANKNIFTY,1952842,68240020,411169.22
2025-11-27,FINNIFTY,19396,1260735,3569.75
2025-11-27,MIDCPNIFTY,126107,17654840,25059.51
2025-11-27,NIFTY,59262983,4443514845,11668724.05
2025-11-27,NIFTYNXT50,406,10150,71.53
2025-11-28,BANKNIFTY,1600220,55930760,336848.37
2025-11-28,FINNIFTY,27395,1780665,5044.18
2025-11-28,MIDCPNIFTY,97678,13674820,19480.93
2025-11-28,NIFTY,80154090,6010867660,15781050.30
2025-11-28,NIFTYNXT50,395,9875,69.47
2025-12-01,BANKNIFTY,2168797,75780050,457654.98
2025-12-01,FINNIFTY,25624,1665495,4712.00
2025-12-01,MIDCPNIFTY,118755,16625340,23738.63
2025-12-01,NIFTY,135590516,10168336140,26695913.84
2025-12-01,NIFTYNXT50,245,6125,43.13
2025-12-02,BANKNIFTY,1732380,60534665,364224.25
2025-12-02,FINNIFTY,29231,1899940,5329.37
2025-12-02,MIDCPNIFTY,176332,24684820,35147.40
2025-12-02,NIFTY,286305449,21471920465,56081136.54
2025-12-02,NIFTYNXT50,333,8325,58.39
2025-12-03,BANKNIFTY,2250248,78604110,470956.68
2025-12-03,FINNIFTY,19336,1256655,3504.99
2025-12-03,MIDCPNIFTY,194752,27264160,38646.73
2025-12-03,NIFTY,49915797,3742463335,9774978.48
2025-12-03,NIFTYNXT50,626,15650,109.38
2025-12-04,BANKNIFTY,1804379,63063885,378180.36
2025-12-04,FINNIFTY,18626,1210635,3386.34
2025-12-04,MIDCPNIFTY,155334,21746140,30757.21
2025-12-04,NIFTY,53374787,4002028765,10442011.51
2025-12-04,NIFTYNXT50,443,11075,77.10
2025-12-05,BANKNIFTY,2832114,98848995,594556.23
2025-12-05,FINNIFTY,41413,2691810,7572.83
2025-12-05,MIDCPNIFTY,240898,33724220,47688.34
2025-12-05,NIFTY,109136983,8183317695,21397774.34
2025-12-05,NIFTYNXT50,739,18475,128.59
2025-12-08,BANKNIFTY,2629160,91716870,550370.67
2025-12-08,FINNIFTY,23728,1542285,4326.05
2025-12-08,MIDCPNIFTY,318280,44552900,62726.51
2025-12-08,NIFTY,157571077,11815635245,30863704.14
2025-12-08,NIFTYNXT50,607,15175,105.52
2025-12-09,BANKNIFTY,2538357,88485735,530693.05
2025-12-09,FINNIFTY,17746,1153475,3218.93
2025-12-09,MIDCPNIFTY,365578,51170400,71199.95
2025-12-09,NIFTY,367371920,27550069180,71371355.66
2025-12-09,NIFTYNXT50,1078,26950,185.40
2025-12-10,BANKNIFTY,2619110,91368885,546883.16
2025-12-10,FINNIFTY,21469,1395395,3878.23
2025-12-10,MIDCPNIFTY,327871,45893060,63987.44
2025-12-10,NIFTY,65042264,4875543340,12668058.51
2025-12-10,NIFTYNXT50,505,12625,87.05
2025-12-11,BANKNIFTY,2790254,97281565,581468.31
2025-12-11,FINNIFTY,22119,1437690,3976.26
2025-12-11,MIDCPNIFTY,298630,41799220,57826.14
2025-12-11,NIFTY,67753501,5079150445,13176229.37
2025-12-11,NIFTYNXT50,504,12600,86.70
2025-12-12,BANKNIFTY,2540931,88642365,530877.04
2025-12-12,FINNIFTY,22930,1490370,4113.72
2025-12-12,MIDCPNIFTY,334897,46873600,65397.69
2025-12-12,NIFTY,98997870,7422140040,19323962.13
2025-12-12,NIFTYNXT50,687,17175,117.49
2025-12-15,BANKNIFTY,2458530,85740765,512972.31
2025-12-15,FINNIFTY,26103,1696650,4725.46
2025-12-15,MIDCPNIFTY,233077,32621440,45561.33
2025-12-15,NIFTY,132569844,9939839750,25852825.46
2025-12-15,NIFTYNXT50,484,12100,83.45
2025-12-16,BANKNIFTY,2543503,88719105,530196.78
2025-12-16,FINNIFTY,34703,2255690,6272.09
2025-12-16,MIDCPNIFTY,270606,37872100,52813.22
2025-12-16,NIFTY,264954978,19868113490,51555999.72
2025-12-16,NIFTYNXT50,609,15225,104.55
2025-12-17,BANKNIFTY,2782960,96989905,577677.73
2025-12-17,FINNIFTY,45665,2968165,8208.92
2025-12-17,MIDCPNIFTY,308934,43221640,60099.47
2025-12-17,NIFTY,47194778,3534874770,9189245.00
2025-12-17,NIFTYNXT50,851,21275,146.12
2025-12-18,BANKNIFTY,3355096,116767650,695321.35
2025-12-18,FINNIFTY,42520,2763690,7632.60
2025-12-18,MIDCPNIFTY,380291,53201240,73476.81
2025-12-18,NIFTY,55828329,4181345995,10850567.54
2025-12-18,NIFTYNXT50,1069,26725,183.20
2025-12-19,BANKNIFTY,3211841,111897165,665544.81
2025-12-19,FINNIFTY,37513,2438340,6726.93
2025-12-19,MIDCPNIFTY,461178,64524220,89335.04
2025-12-19,NIFTY,83374250,6246259530,16218662.19
2025-12-19,NIFTYNXT50,1122,28050,193.05
2025-12-22,BANKNIFTY,2682214,93301525,555666.51
2025-12-22,FINNIFTY,81135,5273085,14610.41
2025-12-22,MIDCPNIFTY,383052,53565200,74503.96
2025-12-22,NIFTY,82859906,6204163700,16176923.54
2025-12-22,NIFTYNXT50,864,21600,149.16
2025-12-23,BANKNIFTY,2953242,102843010,612458.52
2025-12-23,FINNIFTY,74569,4846305,13415.91
2025-12-23,MIDCPNIFTY,422357,59063500,82460.00
2025-12-23,NIFTY,248375438,18616462310,48724828.16
2025-12-23,NIFTYNXT50,1566,39150,267.92
2025-12-24,BANKNIFTY,5191437,180824800,1077914.88
2025-12-24,FINNIFTY,159270,10350040,28620.03
2025-12-24,MIDCPNIFTY,890499,124390400,173621.59
2025-12-24,NIFTY,41541487,3093638675,8113795.60
2025-12-24,NIFTYNXT50,1310,32750,226.10
2025-12-26,BANKNIFTY,7665479,267035215,1584841.42
2025-12-26,FINNIFTY,334242,21722775,59870.82
2025-12-26,MIDCPNIFTY,1468945,205282260,284841.56
2025-12-26,NIFTY,62154169,4627155495,12108768.92
2025-12-26,NIFTYNXT50,4644,116100,805.01
2025-12-29,BANKNIFTY,14647933,510920610,3022728.81
2025-12-29,FINNIFTY,721094,46866685,128622.24
2025-12-29,MIDCPNIFTY,2353048,328892880,453018.78
2025-12-29,NIFTY,102336145,7610830485,19846272.37
2025-12-29,NIFTYNXT50,7091,177275,1223.91
2025-12-30,BANKNIFTY,68836200,2405643540,14209085.03
2025-12-30,FINNIFTY,3906695,253925115,694730.58
2025-12-30,MIDCPNIFTY,6619500,925694580,1263641.60
2025-12-30,NIFTY,254828366,18998047700,49345698.74
2025-12-30,NIFTYNXT50,24037,600925,4124.50
2026-01-01,BANKNIFTY,1054957,31648710,190671.70
2026-01-01,FINNIFTY,10864,651840,1820.62
2026-01-01,MIDCPNIFTY,165068,19808160,27545.73
2026-01-01,NIFTY,49003536,3185229840,8337828.47
2026-01-01,NIFTYNXT50,503,12575,88.50
2026-01-02,BANKNIFTY,1990396,59711880,361025.40
2026-01-02,FINNIFTY,27943,1676580,4724.33
2026-01-02,MIDCPNIFTY,252657,30318840,42608.01
2026-01-02,NIFTY,89895195,5843187675,15340165.43
2026-01-02,NIFTYNXT50,308,7700,54.24
2026-01-05,BANKNIFTY,2299347,68980410,418368.89
2026-01-05,FINNIFTY,24338,1460280,4123.22
2026-01-05,MIDCPNIFTY,266282,31953840,44936.17
2026-01-05,NIFTY,171285592,11133563480,29300396.23
2026-01-05,NIFTYNXT50,524,13100,92.56
2026-01-06,BANKNIFTY,1892235,56767050,344199.99
2026-01-06,FINNIFTY,49537,2972220,8402.23
2026-01-06,MIDCPNIFTY,191075,22929000,32286.43
2026-01-06,NIFTY,336112065,21847284225,57274476.97
2026-01-06,NIFTYNXT50,439,10975,78.06
2026-01-07,BANKNIFTY,1974997,59249910,358063.75
2026-01-07,FINNIFTY,27265,1635900,4597.08
2026-01-07,MIDCPNIFTY,311689,37402680,52700.45
2026-01-07,NIFTY,67203099,4368201435,11461814.99
2026-01-07,NIFTYNXT50,426,10650,75.70
2026-01-08,BANKNIFTY,2692772,80783160,487066.94
2026-01-08,FINNIFTY,30488,1829280,5123.08
2026-01-08,MIDCPNIFTY,461048,55325760,77649.76
2026-01-08,NIFTY,80218924,5214230060,13630192.70
2026-01-08,NIFTYNXT50,780,19500,137.62
2026-01-09,BANKNIFTY,2849767,85493010,513135.21
2026-01-09,FINNIFTY,47307,2838420,7865.32
2026-01-09,MIDCPNIFTY,514202,61704240,86037.00
2026-01-09,NIFTY,144725740,9407173100,24375592.13
2026-01-09,NIFTYNXT50,986,24650,174.39
2026-01-12,BANKNIFTY,3262317,97869510,585410.75
2026-01-12,FINNIFTY,36385,2183100,6043.91
2026-01-12,MIDCPNIFTY,525798,63095760,87291.37
2026-01-12,NIFTY,231856657,15070682705,38812915.20
2026-01-12,NIFTYNXT50,403,10075,70.56
2026-01-13,BANKNIFTY,2837925,85137750,511017.94
2026-01-13,FINNIFTY,37947,2276820,6333.58
2026-01-13,MIDCPNIFTY,415811,49897320,69009.15
2026-01-13,NIFTY,473418096,30772176240,79311951.74
2026-01-13,NIFTYNXT50,464,11600,80.98
2026-01-14,BANKNIFTY,2728623,81858690,492123.10
2026-01-14,FINNIFTY,42945,2576700,7176.29
2026-01-14,MIDCPNIFTY,350548,42065760,58144.16
2026-01-14,NIFTY,67432340,4383102100,11328142.44
2026-01-14,NIFTYNXT50,908,22700,158.07
2026-01-16,BANKNIFTY,3583602,107508060,647293.87
2026-01-16,FINNIFTY,64054,3843240,10698.85
2026-01-16,MIDCPNIFTY,492895,59147400,81786.95
2026-01-16,NIFTY,150947908,9811614020,25352521.02
2026-01-16,NIFTYNXT50,556,13900,97.16
2026-01-19,BANKNIFTY,4216712,126501360,760101.29
2026-01-19,FINNIFTY,91880,5512800,15222.32
2026-01-19,MIDCPNIFTY,512154,61458480,84608.42
2026-01-19,NIFTY,188068671,12224463615,31374199.47
2026-01-19,NIFTYNXT50,814,20350,141.75
2026-01-20,BANKNIFTY,4280918,128427540,770765.44
2026-01-20,FINNIFTY,90683,5440980,14963.06
2026-01-20,MIDCPNIFTY,935053,112206360,153057.46
2026-01-20,NIFTY,402755827,26179128755,66710251.36
2026-01-20,NIFTYNXT50,1376,34400,238.27
2026-01-21,BANKNIFTY,10566347,316990410,1883338.51
2026-01-21,FINNIFTY,353078,21184680,57655.02
2026-01-21,MIDCPNIFTY,1904369,228524280,304810.39
2026-01-21,NIFTY,102791341,6681437165,16935242.81
2026-01-21,NIFTYNXT50,891,22275,152.52
2026-01-22,BANKNIFTY,8194295,245828850,1462297.93
2026-01-22,FINNIFTY,213520,12811200,34844.20
2026-01-22,MIDCPNIFTY,1315890,157906800,211622.02
2026-01-22,NIFTY,92735993,6027839545,15286981.68
2026-01-22,NIFTYNXT50,1428,35700,244.26
2026-01-23,BANKNIFTY,15813744,474412320,2809567.85
2026-01-23,FINNIFTY,628567,37714020,102149.53
2026-01-23,MIDCPNIFTY,2409252,289110240,384690.61
2026-01-23,NIFTY,153778416,9995597040,25295605.09
2026-01-23,NIFTYNXT50,3702,92550,631.57
2026-01-27,BANKNIFTY,76278789,2288363670,13471594.66
2026-01-27,FINNIFTY,4075802,244548120,659366.32
2026-01-27,MIDCPNIFTY,9525010,1143001200,1496606.58
2026-01-27,NIFTY,403721820,26241918300,65997785.67
2026-01-27,NIFTYNXT50,14794,369850,2477.28
2026-01-28,BANKNIFTY,1820890,54626700,329326.51
2026-01-28,FINNIFTY,17546,1052760,2914.47
2026-01-28,MIDCPNIFTY,227983,27357960,36797.15
2026-01-28,NIFTY,48179918,3131694670,7981900.49
2026-01-28,NIFTYNXT50,416,10400,71.08
2026-01-29,BANKNIFTY,1703638,51109140,308791.64
2026-01-29,FINNIFTY,17256,1035360,2882.88
2026-01-29,MIDCPNIFTY,190122,22814640,30801.67
2026-01-29,NIFTY,46293181,3009056765,7669684.85
2026-01-29,NIFTYNXT50,205,5125,34.73
2026-01-30,BANKNIFTY,1977240,59317200,358588.63
2026-01-30,FINNIFTY,24023,1441380,4006.13
2026-01-30,MIDCPNIFTY,249031,29883720,40353.44
2026-01-30,NIFTY,77175424,5016402560,12769376.39
2026-01-30,NIFTYNXT50,318,7950,54.36
2026-02-02,BANKNIFTY,2706355,81190650,481913.25
2026-02-02,FINNIFTY,39317,2359020,6468.22
2026-02-02,MIDCPNIFTY,251273,30152760,40231.29
2026-02-02,NIFTY,219247370,14251079050,35618087.43
2026-02-02,NIFTYNXT50,725,18125,122.74
2026-02-03,BANKNIFTY,2931351,87940530,531837.53
2026-02-03,FINNIFTY,43149,2588940,7242.47
2026-02-03,MIDCPNIFTY,393897,47267640,64499.70
2026-02-03,NIFTY,414452553,26939415945,69432357.98
2026-02-03,NIFTYNXT50,666,16650,114.81
2026-02-04,BANKNIFTY,2035251,61057530,370498.29
2026-02-04,FINNIFTY,24629,1477740,4138.23
2026-02-04,MIDCPNIFTY,262078,31449360,43251.29
2026-02-04,NIFTY,55509559,3608121335,9330159.93
2026-02-04,NIFTYNXT50,558,13950,96.84
2026-02-05,BANKNIFTY,1690322,50709660,307618.50
2026-02-05,FINNIFTY,24009,1440540,4026.79
2026-02-05,MIDCPNIFTY,215417,25850040,35676.39
2026-02-05,NIFTY,51278979,3333133635,8596270.09
2026-02-05,NIFTYNXT50,540,13500,93.79
2026-02-06,BANKNIFTY,2879880,86396400,523635.36
2026-02-06,FINNIFTY,35330,2119800,5917.44
2026-02-06,MIDCPNIFTY,339572,40748640,56024.41
2026-02-06,NIFTY,122500517,7962533605,20451228.75
2026-02-06,NIFTYNXT50,441,11025,76.82
2026-02-09,BANKNIFTY,2152391,64571730,392645.59
2026-02-09,FINNIFTY,37196,2231760,6267.61
2026-02-09,MIDCPNIFTY,299180,35901600,49678.90
2026-02-09,NIFTY,126350683,8212794395,21215256.60
2026-02-09,NIFTYNXT50,788,19700,137.55
2026-02-10,BANKNIFTY,1836028,55080840,335303.28
2026-02-10,FINNIFTY,42427,2545620,7161.35
2026-02-10,MIDCPNIFTY,222251,26670120,37125.51
2026-02-10,NIFTY,349434430,22713237950,58882015.26
2026-02-10,NIFTYNXT50,457,11425,80.11
2026-02-11,BANKNIFTY,2289242,68677260,417400.47
2026-02-11,FINNIFTY,45227,2713620,7639.72
2026-02-11,MIDCPNIFTY,207040,24844800,34723.73
2026-02-11,NIFTY,50988524,3314254060,8621054.24
2026-02-11,NIFTYNXT50,847,21175,148.33
2026-02-12,BANKNIFTY,2272662,68179860,415340.45
2026-02-12,FINNIFTY,73327,4399620,12456.07
2026-02-12,MIDCPNIFTY,245759,29491080,41259.70
2026-02-12,NIFTY,50895154,3308185010,8582031.55
2026-02-12,NIFTYNXT50,672,16800,117.94
2026-02-13,BANKNIFTY,3127216,93816480,569462.81
2026-02-13,FINNIFTY,66209,3972540,11162.90
2026-02-13,MIDCPNIFTY,444753,53370360,73728.43
2026-02-13,NIFTY,103286684,6713634460,17259816.96
2026-02-13,NIFTYNXT50,1520,38000,264.97
2026-02-16,BANKNIFTY,4059909,121797270,740587.80
2026-02-16,FINNIFTY,67546,4052760,11451.27
2026-02-16,MIDCPNIFTY,361988,43438560,59800.28
2026-02-16,NIFTY,154375069,10034379485,25702976.50
2026-02-16,NIFTYNXT50,1214,30350,211.58
2026-02-17,BANKNIFTY,4418901,132567030,807284.15
2026-02-17,FINNIFTY,119744,7184640,20177.87
2026-02-17,MIDCPNIFTY,346232,41547840,57185.65
2026-02-17,NIFTY,417332936,27126640840,69732968.82
2026-02-17,NIFTYNXT50,847,21175,148.48
2026-02-18,BANKNIFTY,5618701,168561030,1029458.33
2026-02-18,FINNIFTY,263640,15818400,44711.28
2026-02-18,MIDCPNIFTY,551770,66212400,91164.88
2026-02-18,NIFTY,58285017,3788526105,9778362.79
2026-02-18,NIFTYNXT50,2150,53750,378.42
2026-02-19,BANKNIFTY,7047979,211439370,1290916.55
2026-02-19,FINNIFTY,377220,22633200,63824.66
2026-02-19,MIDCPNIFTY,893745,107249400,146925.52
2026-02-19,NIFTY,71209584,4628622960,11926682.06
2026-02-19,NIFTYNXT50,2439,60975,426.93
2026-02-20,BANKNIFTY,11556324,346689720,2126002.07
2026-02-20,FINNIFTY,380832,22849920,64558.89
2026-02-20,MIDCPNIFTY,1158984,139078080,188622.53
2026-02-20,NIFTY,125859152,8180844880,20982500.71
2026-02-20,NIFTYNXT50,4061,101525,709.51
2026-02-23,BANKNIFTY,16732331,501969930,3075855.90
2026-02-23,FINNIFTY,853814,51228840,145797.73
2026-02-23,MIDCPNIFTY,1808672,217040640,294535.93
2026-02-23,NIFTY,159043379,10337819635,26579119.91
2026-02-23,NIFTYNXT50,5095,127375,893.60
2026-02-24,BANKNIFTY,79239109,2377173270,14532552.93
2026-02-24,FINNIFTY,3945202,236712120,671046.15
2026-02-24,MIDCPNIFTY,8688973,1042676760,1399944.07
2026-02-24,NIFTY,371027304,24116774760,61510183.18
2026-02-24,NIFTYNXT50,25884,647100,4502.35
2026-02-25,BANKNIFTY,1765035,52951050,327069.91
2026-02-25,FINNIFTY,32870,1972200,5651.15
2026-02-25,MIDCPNIFTY,175553,21066360,28896.41
2026-02-25,NIFTY,68135241,4428790665,11361634.03
2026-02-25,NIFTYNXT50,36,900,6.43
2026-02-26,BANKNIFTY,1447141,43414230,267830.61
2026-02-26,FINNIFTY,38607,2316420,6624.21
2026-02-26,MIDCPNIFTY,173308,20796960,28719.61
2026-02-26,NIFTY,69879810,4542187650,11626590.70
2026-02-26,NIFTYNXT50,149,3725,26.77
2026-02-27,BANKNIFTY,1977557,59326710,364518.43
2026-02-27,FINNIFTY,62252,3735120,10629.56
2026-02-27,MIDCPNIFTY,206490,24778800,34037.67
2026-02-27,NIFTY,136677163,8884015595,22603357.40
2026-02-27,NIFTYNXT50,111,2775,19.89
2026-03-02,BANKNIFTY,2701008,81030240,490782.90
2026-03-02,FINNIFTY,54919,3295140,9211.52
2026-03-02,MIDCPNIFTY,229910,27589200,37312.62
2026-03-02,NIFTY,469859984,30540898960,75922845.29
2026-03-02,NIFTYNXT50,166,4150,29.32
2026-03-04,BANKNIFTY,2710452,81313560,486689.09
2026-03-04,FINNIFTY,42580,2554800,6983.96
2026-03-04,MIDCPNIFTY,255188,30622560,40999.47
2026-03-04,NIFTY,52443732,3408842580,8481310.31
2026-03-04,NIFTYNXT50,541,13525,94.16
2026-03-05,BANKNIFTY,2685893,80576790,482518.90
2026-03-05,FINNIFTY,43008,2580480,7072.23
2026-03-05,MIDCPNIFTY,195767,23492040,31489.20
2026-03-05,NIFTY,61056531,3968674515,9858058.73
2026-03-05,NIFTYNXT50,332,8300,57.30
2026-03-06,BANKNIFTY,2730960,81928800,484963.35
2026-03-06,FINNIFTY,48003,2880180,7813.23
2026-03-06,MIDCPNIFTY,182410,21889200,29371.90
2026-03-06,NIFTY,88761579,5769502635,14282578.90
2026-03-06,NIFTYNXT50,441,11025,75.52
2026-03-09,BANKNIFTY,2788797,83663910,486467.30
2026-03-09,FINNIFTY,40466,2427960,6555.74
2026-03-09,MIDCPNIFTY,194690,23362800,31306.31
2026-03-09,NIFTY,123314754,8015459010,19383469.60
2026-03-09,NIFTYNXT50,351,8775,59.62
2026-03-10,BANKNIFTY,2395531,71865930,417724.66
2026-03-10,FINNIFTY,25531,1531860,4149.25
2026-03-10,MIDCPNIFTY,150597,18071640,24161.65
2026-03-10,NIFTY,436431989,28368079285,68747727.41
2026-03-10,NIFTYNXT50,489,12225,83.44
2026-03-11,BANKNIFTY,2488113,74643390,432289.97
2026-03-11,FINNIFTY,41161,2469660,6614.35
2026-03-11,MIDCPNIFTY,206179,24741480,33050.13
2026-03-11,NIFTY,49137088,3193910720,7746758.96
2026-03-11,NIFTYNXT50,679,16975,116.50
2026-03-12,BANKNIFTY,2507528,75225840,429589.36
2026-03-12,FINNIFTY,34935,2096100,5511.83
2026-03-12,MIDCPNIFTY,203545,24425400,32143.87
2026-03-12,NIFTY,49102832,3191684080,7671168.62
2026-03-12,NIFTYNXT50,218,5450,37.01
2026-03-13,BANKNIFTY,3050306,91509180,513126.36
2026-03-13,FINNIFTY,39229,2353740,6171.06
2026-03-13,MIDCPNIFTY,299612,35953440,46834.87
2026-03-13,NIFTY,92384875,6005016875,14172702.84
2026-03-13,NIFTYNXT50,551,13775,93.52
2026-03-16,BANKNIFTY,3104634,93139020,520533.26
2026-03-16,FINNIFTY,38172,2290320,5992.00
2026-03-16,MIDCPNIFTY,267525,32103000,41525.22
2026-03-16,NIFTY,173474868,11275866420,26361331.64
2026-03-16,NIFTYNXT50,553,13825,92.85
2026-03-17,BANKNIFTY,2684630,80538900,450954.33
2026-03-17,FINNIFTY,29809,1788540,4702.42
2026-03-17,MIDCPNIFTY,218246,26189520,33666.13
2026-03-17,NIFTY,500247201,32516068065,76460550.59
2026-03-17,NIFTYNXT50,288,7200,48.14
2026-03-18,BANKNIFTY,3363287,100898610,567137.63
2026-03-18,FINNIFTY,54517,3271020,8593.49
2026-03-18,MIDCPNIFTY,284478,34137360,44279.75
2026-03-18,NIFTY,52398653,3405912445,8138390.11
2026-03-18,NIFTYNXT50,281,7025,47.82
2026-03-19,BANKNIFTY,4172885,125186550,689898.53
2026-03-19,FINNIFTY,72367,4342020,11209.88
2026-03-19,MIDCPNIFTY,364146,43697520,56294.44
2026-03-19,NIFTY,53555027,3481076755,8192434.20
2026-03-19,NIFTYNXT50,533,13325,87.91
2026-03-20,BANKNIFTY,3954223,118626690,653091.40
2026-03-20,FINNIFTY,90320,5419200,13826.09
2026-03-20,MIDCPNIFTY,296655,35598600,45676.22
2026-03-20,NIFTY,92244602,5995899130,14006326.62
2026-03-20,NIFTYNXT50,691,17275,115.86
2026-03-23,BANKNIFTY,4221378,126641340,681593.61
2026-03-23,FINNIFTY,65749,3944940,9865.89
2026-03-23,MIDCPNIFTY,391848,47021760,59043.81
2026-03-23,NIFTY,116356178,7563151570,17274570.72
2026-03-23,NIFTYNXT50,603,15075,99.84
2026-03-24,BANKNIFTY,4676373,140291190,754058.85
2026-03-24,FINNIFTY,58298,3497880,8758.35
2026-03-24,MIDCPNIFTY,448583,53829960,67575.16
2026-03-24,NIFTY,464134167,30168720855,69121024.92
2026-03-24,NIFTYNXT50,350,8750,58.03
2026-03-25,BANKNIFTY,4734268,142028040,774425.08
2026-03-25,FINNIFTY,97653,5859180,14731.50
2026-03-25,MIDCPNIFTY,458731,55047720,70100.31
2026-03-25,NIFTY,41351044,2687817860,6314961.14
2026-03-25,NIFTYNXT50,548,13700,89.09
2026-03-27,BANKNIFTY,8555538,256666140,1372657.56
2026-03-27,FINNIFTY,181067,10864020,27009.52
2026-03-27,MIDCPNIFTY,919695,110363400,140009.72
2026-03-27,NIFTY,82206859,5343445835,12346645.15
2026-03-27,NIFTYNXT50,2524,63100,403.64
2026-03-30,BANKNIFTY,67434188,2023025640,10323939.05
2026-03-30,FINNIFTY,1919509,115170540,274143.46
2026-03-30,MIDCPNIFTY,5931146,711737520,875188.59
2026-03-30,NIFTY,363607633,23634496145,53366400.58
2026-03-30,NIFTYNXT50,10805,270125,1665.11
2026-04-01,BANKNIFTY,1627143,48814290,265800.63
2026-04-01,FINNIFTY,4284,257040,656.70
2026-04-01,MIDCPNIFTY,100956,12114720,15654.41
2026-04-01,NIFTY,43017809,2796157585,6449113.41
2026-04-01,NIFTYNXT50,25,625,4.08
2026-04-02,BANKNIFTY,1721917,51657510,277599.37
2026-04-02,FINNIFTY,3041,182460,455.89
2026-04-02,MIDCPNIFTY,91070,10928400,13834.83
2026-04-02,NIFTY,46651292,3032333980,6896787.62
2026-04-02,NIFTYNXT50,59,1475,9.20
2026-04-06,BANKNIFTY,1728726,51861780,279988.40
2026-04-06,FINNIFTY,4235,254100,638.66
2026-04-06,MIDCPNIFTY,95905,11508600,14730.57
2026-04-06,NIFTY,128150654,8329792510,19040070.62
2026-04-06,NIFTYNXT50,71,1775,11.28
2026-04-07,BANKNIFTY,1331798,39953940,216398.90
2026-04-07,FINNIFTY,3002,180120,453.24
2026-04-07,MIDCPNIFTY,88811,10657320,13664.36
2026-04-07,NIFTY,429446106,27913996890,64147443.41
2026-04-07,NIFTYNXT50,94,2350,14.93
2026-04-08,BANKNIFTY,2869301,86079030,481969.17
2026-04-08,FINNIFTY,8109,486540,1302.92
2026-04-08,MIDCPNIFTY,175106,21012720,27343.95
2026-04-08,NIFTY,47704514,3100793410,7391768.00
2026-04-08,NIFTYNXT50,122,3050,19.95
2026-04-09,BANKNIFTY,2150877,64526310,362763.50
2026-04-09,FINNIFTY,6726,403560,1061.11
2026-04-09,MIDCPNIFTY,180839,21700680,28729.07
2026-04-09,NIFTY,48522326,3153951190,7541613.44
2026-04-09,NIFTYNXT50,121,3025,20.32
2026-04-10,BANKNIFTY,2227265,66817950,377783.19
2026-04-10,FINNIFTY,13649,818940,2170.38
2026-04-10,MIDCPNIFTY,167495,20099400,26832.68
2026-04-10,NIFTY,93104740,6051808100,14524881.02
2026-04-10,NIFTYNXT50,166,4150,27.61
2026-04-13,BANKNIFTY,2389286,71678580,403177.88
2026-04-13,FINNIFTY,11820,709200,1844.12
2026-04-13,MIDCPNIFTY,133933,16071960,21554.47
2026-04-13,NIFTY,375643979,24416858635,58096014.49
2026-04-13,NIFTYNXT50,102,2550,17.20
2026-04-15,BANKNIFTY,2635670,79070100,447020.29
2026-04-15,FINNIFTY,8946,536760,1411.64
2026-04-15,MIDCPNIFTY,171679,20601480,27688.21
2026-04-15,NIFTY,37423134,2432503710,5878995.97
2026-04-15,NIFTYNXT50,98,2450,16.10
2026-04-16,BANKNIFTY,2584111,77523330,439583.79
2026-04-16,FINNIFTY,18365,1101900,2925.43
2026-04-16,MIDCPNIFTY,188301,22596120,30788.26
2026-04-16,NIFTY,44628270,2900837550,7036541.37
2026-04-16,NIFTYNXT50,304,7600,50.50
2026-04-17,BANKNIFTY,2546118,76383540,431531.29
2026-04-17,FINNIFTY,15305,918300,2455.99
2026-04-17,MIDCPNIFTY,275634,33076080,45127.17
2026-04-17,NIFTY,69646775,4527040375,11005428.42
2026-04-17,NIFTYNXT50,977,24425,171.97
2026-04-20,BANKNIFTY,3608682,108260460,614700.93
2026-04-20,FINNIFTY,17596,1055760,2817.10
2026-04-20,MIDCPNIFTY,234940,28192800,39137.06
2026-04-20,NIFTY,118507746,7703003490,18827043.95
2026-04-20,NIFTYNXT50,703,17575,123.96
2026-04-21,BANKNIFTY,2964135,88924050,504237.26
2026-04-21,FINNIFTY,20498,1229880,3254.79
2026-04-21,MIDCPNIFTY,196182,23541840,32370.66
2026-04-21,NIFTY,343204404,22308286260,54688631.81
2026-04-21,NIFTYNXT50,419,10475,73.94
2026-04-22,BANKNIFTY,3852638,115579140,660355.29
2026-04-22,FINNIFTY,41419,2485140,6682.19
2026-04-22,MIDCPNIFTY,337870,40544400,56358.28
2026-04-22,NIFTY,34648194,2252132610,5518715.24
2026-04-22,NIFTYNXT50,1189,29725,211.04
2026-04-23,BANKNIFTY,4223802,126714060,722486.80
2026-04-23,FINNIFTY,54905,3294300,8774.64
2026-04-23,MIDCPNIFTY,364414,43729680,60655.84
2026-04-23,NIFTY,38065236,2474240340,6030194.25
2026-04-23,NIFTYNXT50,801,20025,142.60
2026-04-24,BANKNIFTY,7961731,238851930,1348494.22
2026-04-24,FINNIFTY,92920,5575200,14590.67
2026-04-24,MIDCPNIFTY,685673,82280760,113836.39
2026-04-24,NIFTY,75194282,4887628330,11796887.91
2026-04-24,NIFTYNXT50,2208,55200,391.04
2026-04-27,BANKNIFTY,15521169,465635070,2626973.65
2026-04-27,FINNIFTY,282630,16957800,44491.33
2026-04-27,MIDCPNIFTY,1379424,165530880,230021.40
2026-04-27,NIFTY,122350754,7952799010,19198584.38
2026-04-27,NIFTYNXT50,3373,84325,598.62
2026-04-28,BANKNIFTY,83924759,2517742770,14047745.32
2026-04-28,FINNIFTY,2710113,162606780,423833.78
2026-04-28,MIDCPNIFTY,5873518,704822160,984914.50
2026-04-28,NIFTY,349345686,22707469590,54668396.47
2026-04-28,NIFTYNXT50,11930,298250,2108.44
2026-04-29,BANKNIFTY,1803025,54090750,307241.83
2026-04-29,FINNIFTY,6291,377460,1010.58
2026-04-29,MIDCPNIFTY,119723,14366760,20416.80
2026-04-29,NIFTY,45781463,2975795095,7243718.15
2026-04-29,NIFTYNXT50,43,1075,7.78
2026-04-30,BANKNIFTY,1632472,48974160,274220.35
2026-04-30,FINNIFTY,5204,312240,825.96
2026-04-30,MIDCPNIFTY,106951,12834120,18095.58
2026-04-30,NIFTY,50254735,3266557775,7869754.89
2026-04-30,NIFTYNXT50,27,675,4.82
2026-05-04,BANKNIFTY,1683339,50500170,284793.17
2026-05-04,FINNIFTY,7737,464220,1227.22
2026-05-04,MIDCPNIFTY,111075,13329000,18676.51
2026-05-04,NIFTY,173818696,11298215240,27341753.73
2026-05-04,NIFTYNXT50,148,3700,26.70
2026-05-05,BANKNIFTY,1741627,52248810,292001.44
2026-05-05,FINNIFTY,6517,391020,1039.48
2026-05-05,MIDCPNIFTY,92723,11126760,15626.05
2026-05-05,NIFTY,442915266,28789492290,69278877.94
2026-05-05,NIFTYNXT50,234,5850,42.18
2026-05-06,BANKNIFTY,2909357,87280710,489491.26
2026-05-06,FINNIFTY,11344,680640,1795.59
2026-05-06,MIDCPNIFTY,215221,25826520,36466.98
2026-05-06,NIFTY,60509041,3933087665,9538622.89
2026-05-06,NIFTYNXT50,386,9650,70.36
2026-05-07,BANKNIFTY,1975426,59262780,336447.41
2026-05-07,FINNIFTY,14516,870960,2341.05
2026-05-07,MIDCPNIFTY,198630,23835600,34506.15
2026-05-07,NIFTY,50685806,3294577390,8054600.11
2026-05-07,NIFTYNXT50,279,6975,51.35
2026-05-08,BANKNIFTY,2141129,64233870,360839.33
2026-05-08,FINNIFTY,24038,1442280,3891.50
2026-05-08,MIDCPNIFTY,166249,19949880,29014.89
2026-05-08,NIFTY,81808828,5317573820,12935087.37
2026-05-08,NIFTYNXT50,610,15250,111.26
2026-05-11,BANKNIFTY,2499007,74970210,417805.09
2026-05-11,FINNIFTY,17978,1078680,2901.66
2026-05-11,MIDCPNIFTY,185984,22318080,32373.64
2026-05-11,NIFTY,137863771,8961145115,21558305.40
2026-05-11,NIFTYNXT50,418,10450,75.43
2026-05-12,BANKNIFTY,2352065,70561950,390010.41
2026-05-12,FINNIFTY,18442,1106520,2899.53
2026-05-12,MIDCPNIFTY,199025,23883000,34243.74
2026-05-12,NIFTY,408235732,26535322580,62752305.17
2026-05-12,NIFTYNXT50,311,7775,57.35
2026-05-13,BANKNIFTY,2877094,86312820,473852.04
2026-05-13,FINNIFTY,13320,799200,2054.52
2026-05-13,MIDCPNIFTY,182461,21895320,31099.21
2026-05-13,NIFTY,50820448,3303329120,7803896.50
2026-05-13,NIFTYNXT50,306,7650,54.77
2026-05-14,BANKNIFTY,3061492,91844760,504838.98
2026-05-14,FINNIFTY,20194,1211640,3136.70
2026-05-14,MIDCPNIFTY,195680,23481600,33544.02
2026-05-14,NIFTY,50563454,3286624510,7796085.89
2026-05-14,NIFTYNXT50,333,8325,59.89
2026-05-15,BANKNIFTY,3074609,92238270,509639.93
2026-05-15,FINNIFTY,23221,1393260,3653.69
2026-05-15,MIDCPNIFTY,195784,23494080,33749.74
2026-05-15,NIFTY,97107619,6311995235,15015529.56
2026-05-15,NIFTYNXT50,448,11200,80.21
2026-05-18,BANKNIFTY,3737644,112129320,613244.21
2026-05-18,FINNIFTY,26704,1602240,4129.29
2026-05-18,MIDCPNIFTY,242821,29138520,41418.78
2026-05-18,NIFTY,164079160,10665145400,25193343.12
2026-05-18,NIFTYNXT50,694,17350,121.46
2026-05-19,BANKNIFTY,2954760,88642800,483658.45
2026-05-19,FINNIFTY,31802,1908120,4915.58
2026-05-19,MIDCPNIFTY,301728,36207360,51517.82
2026-05-19,NIFTY,417021327,27106386255,64241651.47
2026-05-19,NIFTYNXT50,601,15025,105.31
2026-05-20,BANKNIFTY,4989993,149699790,811851.03
2026-05-20,FINNIFTY,39795,2387700,6137.71
2026-05-20,MIDCPNIFTY,386325,46359000,66222.20
2026-05-20,NIFTY,44475382,2890899830,6853577.72
2026-05-20,NIFTYNXT50,732,18300,128.48
2026-05-21,BANKNIFTY,5634288,169028640,917419.86
2026-05-21,FINNIFTY,48194,2891640,7435.29
2026-05-21,MIDCPNIFTY,398882,47865840,68713.33
2026-05-21,NIFTY,48557800,3156257000,7491923.85
2026-05-21,NIFTYNXT50,1017,25425,177.40
2026-05-22,BANKNIFTY,8800252,264007560,1438123.31
2026-05-22,FINNIFTY,135224,8113440,20775.61
2026-05-22,MIDCPNIFTY,608234,72988080,105468.75
2026-05-22,NIFTY,76408681,4966564265,11829818.56
2026-05-22,NIFTYNXT50,2078,51950,363.13
2026-05-25,BANKNIFTY,15456298,463688940,2557608.71
2026-05-25,FINNIFTY,318109,19086540,49618.33
2026-05-25,MIDCPNIFTY,905555,108666600,157499.31
2026-05-25,NIFTY,105273473,6842775745,16408306.73
2026-05-25,NIFTYNXT50,3092,77300,548.90
2026-05-26,BANKNIFTY,88662867,2659886010,14701401.13
2026-05-26,FINNIFTY,2785830,167149800,435209.23
2026-05-26,MIDCPNIFTY,5958951,715074120,1045846.42
2026-05-26,NIFTY,314020332,20411321580,48981964.36
2026-05-26,NIFTYNXT50,17340,433500,3070.20
2026-05-27,BANKNIFTY,1450379,43511370,244126.81
2026-05-27,FINNIFTY,5761,345660,897.40
2026-05-27,MIDCPNIFTY,109138,13096560,19291.38
2026-05-27,NIFTY,40070134,2604558710,6254006.32
2026-05-27,NIFTYNXT50,57,1425,10.66
2026-05-29,BANKNIFTY,1986650,59599500,332782.05
2026-05-29,FINNIFTY,5948,356880,910.61
2026-05-29,MIDCPNIFTY,111417,13370040,19761.92
2026-05-29,NIFTY,101681262,6609282030,15820571.06
2026-05-29,NIFTYNXT50,68,1700,12.73
2026-06-01,BANKNIFTY,2019803,60594090,337116.00
2026-06-01,FINNIFTY,5862,351720,883.04
2026-06-01,MIDCPNIFTY,149549,17945880,26327.69
2026-06-01,NIFTY,156201269,10153082485,24027255.86
2026-06-01,NIFTYNXT50,99,2475,18.09
2026-06-02,BANKNIFTY,1846937,55408110,304799.88
2026-06-02,FINNIFTY,10998,659880,1669.54
2026-06-02,MIDCPNIFTY,143180,17181600,24932.80
2026-06-02,NIFTY,508112154,33027290010,77445125.20
2026-06-02,NIFTYNXT50,66,1650,11.92
2026-06-03,BANKNIFTY,2446243,73387290,404769.42
2026-06-03,FINNIFTY,9777,586620,1489.86
2026-06-03,MIDCPNIFTY,180814,21697680,31416.96
2026-06-03,NIFTY,63684062,4139464030,9744689.63
2026-06-03,NIFTYNXT50,128,3200,23.31
2026-06-04,BANKNIFTY,1697558,50926740,282821.38
2026-06-04,FINNIFTY,16198,971880,2483.49
2026-06-04,MIDCPNIFTY,118977,14277240,20625.40
2026-06-04,NIFTY,51441979,3343728635,7870246.59
2026-06-04,NIFTYNXT50,78,1950,14.26
2026-06-05,BANKNIFTY,2697402,80922060,450040.37
2026-06-05,FINNIFTY,21935,1316100,3367.29
2026-06-05,MIDCPNIFTY,160049,19205880,27608.39
2026-06-05,NIFTY,117503625,7637735625,17979162.86
2026-06-05,NIFTYNXT50,165,4125,29.80
2026-06-08,BANKNIFTY,1940982,58229460,322138.34
2026-06-08,FINNIFTY,7800,468000,1182.69
2026-06-08,MIDCPNIFTY,143241,17188920,24567.62
2026-06-08,NIFTY,136890117,8897857605,20761119.83
2026-06-08,NIFTYNXT50,319,7975,57.12
2026-06-09,BANKNIFTY,2388728,71661840,399218.56
2026-06-09,FINNIFTY,10243,614580,1546.47
2026-06-09,MIDCPNIFTY,120276,14433120,20688.29
2026-06-09,NIFTY,411057465,26718735225,62115412.80
2026-06-09,NIFTYNXT50,301,7525,54.28
2026-06-10,BANKNIFTY,2081787,62453610,350058.10
2026-06-10,FINNIFTY,16000,960000,2467.88
2026-06-10,MIDCPNIFTY,169859,20383080,29182.11
2026-06-10,NIFTY,48065447,3124254055,7329414.72
2026-06-10,NIFTYNXT50,417,10425,75.89
2026-06-11,BANKNIFTY,2156230,64686900,363725.03
2026-06-11,FINNIFTY,8773,526380,1342.27
2026-06-11,MIDCPNIFTY,164398,19727760,28011.31
2026-06-11,NIFTY,50274666,3267853290,7628450.38
2026-06-11,NIFTYNXT50,607,15175,111.20
2026-06-12,BANKNIFTY,3595218,107856540,611510.54
2026-06-12,FINNIFTY,21182,1270920,3285.63
2026-06-12,MIDCPNIFTY,221410,26569200,37826.79
2026-06-12,NIFTY,114546998,7445554870,17505422.42
2026-06-12,NIFTYNXT50,330,8250,59.02
2026-06-15,BANKNIFTY,2788312,83649360,480152.29
2026-06-15,FINNIFTY,23527,1411620,3704.44
2026-06-15,MIDCPNIFTY,175041,21004920,30227.81
2026-06-15,NIFTY,149727516,9732288540,23282080.90
2026-06-15,NIFTYNXT50,990,24750,180.61
2026-06-16,BANKNIFTY,2010596,60317880,345451.63
2026-06-16,FINNIFTY,17363,1041780,2759.08
2026-06-16,MIDCPNIFTY,163019,19562280,28445.74
2026-06-16,NIFTY,349200125,22698008125,54379169.81
2026-06-16,NIFTYNXT50,388,9700,69.88
2026-06-17,BANKNIFTY,2225559,66766770,383047.50
2026-06-17,FINNIFTY,33317,1999020,5294.62
2026-06-17,MIDCPNIFTY,221734,26608080,38891.37
2026-06-17,NIFTY,37892127,2462988255,5941128.24
2026-06-17,NIFTYNXT50,601,15025,109.65
2026-06-18,BANKNIFTY,2844798,85343940,490742.85
2026-06-18,FINNIFTY,23047,1382820,3674.77
2026-06-18,MIDCPNIFTY,184004,22080480,32137.19
2026-06-18,NIFTY,46175355,3001398075,7239039.41
2026-06-18,NIFTYNXT50,758,18950,139.30
2026-06-19,BANKNIFTY,3110114,93303420,538764.69
2026-06-19,FINNIFTY,17893,1073580,2854.62
2026-06-19,MIDCPNIFTY,253690,30442800,44536.95
2026-06-19,NIFTY,90472088,5880685720,14161671.38
2026-06-19,NIFTYNXT50,830,20750,151.86
2026-06-22,BANKNIFTY,2804577,84137310,486837.97
2026-06-22,FINNIFTY,21634,1298040,3457.00
2026-06-22,MIDCPNIFTY,239055,28686600,41872.31
2026-06-22,NIFTY,97707104,6350961760,15338500.00
2026-06-22,NIFTYNXT50,1057,26425,193.01
2026-06-23,BANKNIFTY,4939663,148189890,855143.16
2026-06-23,FINNIFTY,62268,3736080,9719.37
2026-06-23,MIDCPNIFTY,394852,47382240,69214.31
2026-06-23,NIFTY,443434515,28823243475,69230867.30
2026-06-23,NIFTYNXT50,1045,26125,191.26
2026-06-24,BANKNIFTY,6602101,198063030,1147676.99
2026-06-24,FINNIFTY,81561,4893660,12983.71
2026-06-24,MIDCPNIFTY,461336,55360320,80804.31
2026-06-24,NIFTY,53737193,3492917545,8401454.05
2026-06-24,NIFTYNXT50,1465,36625,267.41
2026-06-25,BANKNIFTY,6488583,194657490,1134849.68
2026-06-25,FINNIFTY,136049,8162940,22033.22
2026-06-25,MIDCPNIFTY,578893,69467160,101447.23
2026-06-25,NIFTY,55683046,3619397990,8745258.96
2026-06-25,NIFTYNXT50,1899,47475,347.76
2026-06-29,BANKNIFTY,21102029,633060870,3676265.65
2026-06-29,FINNIFTY,535108,32106480,86001.67
2026-06-29,MIDCPNIFTY,1421580,170589600,246232.58
2026-06-29,NIFTY,143542822,9330283430,22460058.04
2026-06-29,NIFTYNXT50,4226,105650,766.81
2026-06-30,BANKNIFTY,82759569,2482787070,14343808.41
2026-06-30,FINNIFTY,2364255,141855300,377869.58
2026-06-30,MIDCPNIFTY,6137613,736513560,1064510.37
2026-06-30,NIFTY,375193609,24387584585,58455830.03
2026-06-30,NIFTYNXT50,17709,442725,3184.92
2026-07-01,BANKNIFTY,1451338,43540140,254977.66
2026-07-01,FINNIFTY,3172,190320,509.89
2026-07-01,MIDCPNIFTY,96586,11590320,17000.60
2026-07-01,NIFTY,44975370,2923399050,7046487.06
2026-07-01,NIFTYNXT50,23,575,4.21
2026-07-02,BANKNIFTY,1429027,42870810,251577.85
2026-07-02,FINNIFTY,4910,294600,809.39
2026-07-02,MIDCPNIFTY,87055,10446600,15354.95
2026-07-02,NIFTY,48505028,3152826820,7615230.22
2026-07-02,NIFTYNXT50,87,2175,16.21
2026-07-03,BANKNIFTY,1549651,46489530,273334.46
2026-07-03,FINNIFTY,12595,755700,2093.62
2026-07-03,MIDCPNIFTY,88044,10565280,15564.94
2026-07-03,NIFTY,88631778,5761065570,14013425.11
2026-07-03,NIFTYNXT50,105,2625,19.52
2026-07-06,BANKNIFTY,1552386,46571580,274543.40
2026-07-06,FINNIFTY,10273,616380,1709.45
2026-07-06,MIDCPNIFTY,117152,14058240,20623.64
2026-07-06,NIFTY,125484934,8156520710,19873819.18
2026-07-06,NIFTYNXT50,115,2875,21.85
2026-07-07,BANKNIFTY,1449467,43484010,255697.26
2026-07-07,FINNIFTY,8185,491100,1371.11
2026-07-07,MIDCPNIFTY,155108,18612960,27409.62
2026-07-07,NIFTY,387084296,25160479240,61501165.96
2026-07-07,NIFTYNXT50,127,3175,24.33
2026-07-08,BANKNIFTY,3002469,90074070,522624.25
2026-07-08,FINNIFTY,12542,752520,2014.54
2026-07-08,MIDCPNIFTY,243447,29213640,42713.67
2026-07-08,NIFTY,67613913,4394904345,10645368.42
2026-07-08,NIFTYNXT50,125,3125,23.81
2026-07-09,BANKNIFTY,2039498,61184940,354263.24
2026-07-09,FINNIFTY,6362,381720,1023.00
2026-07-09,MIDCPNIFTY,183882,22065840,32510.03
2026-07-09,NIFTY,51667256,3358371640,8095322.69
2026-07-09,NIFTYNXT50,460,11500,88.09
2026-07-10,BANKNIFTY,2005933,60177990,351450.74
2026-07-10,FINNIFTY,10091,605460,1642.66
2026-07-10,MIDCPNIFTY,167350,20082000,29846.42
2026-07-10,NIFTY,86037926,5592465190,13532462.04
2026-07-10,NIFTYNXT50,54,1350,10.23
2026-07-13,BANKNIFTY,2269165,68074950,398601.31
2026-07-13,FINNIFTY,10919,655140,1790.51
2026-07-13,MIDCPNIFTY,155427,18651240,27735.32
2026-07-13,NIFTY,159656664,10377683160,25091013.22
2026-07-13,NIFTYNXT50,272,6800,50.77
2026-07-14,BANKNIFTY,2065227,61956810,360662.55
2026-07-14,FINNIFTY,13095,785700,2134.54
2026-07-14,MIDCPNIFTY,139345,16721400,24825.73
2026-07-14,NIFTY,385703355,25070718075,60390536.51
2026-07-14,NIFTYNXT50,183,4575,34.21
2026-07-15,BANKNIFTY,2646099,79382970,462578.88
2026-07-15,FINNIFTY,15522,931320,2518.31
2026-07-15,MIDCPNIFTY,143772,17252640,25569.45
2026-07-15,NIFTY,45691293,2969934045,7184708.34
2026-07-15,NIFTYNXT50,219,5475,41.43
2026-07-16,BANKNIFTY,1910845,57325350,333692.54
2026-07-16,FINNIFTY,14022,841320,2274.97
2026-07-16,MIDCPNIFTY,170581,20469720,30472.23
2026-07-16,NIFTY,42724724,2777107060,6716640.18
2026-07-16,NIFTYNXT50,734,18350,138.06
2026-07-17,BANKNIFTY,3370975,101129250,590990.70
2026-07-17,FINNIFTY,33370,2002200,5389.64
2026-07-17,MIDCPNIFTY,244990,29398800,43681.47
2026-07-17,NIFTY,96196347,6252762555,15184696.48
2026-07-17,NIFTYNXT50,320,8000,58.85
2026-07-20,BANKNIFTY,3814132,114423960,666562.86
2026-07-20,FINNIFTY,47067,2824020,7639.34
2026-07-20,MIDCPNIFTY,280205,33624600,49700.20
2026-07-20,NIFTY,138857811,9025757715,21881242.72
2026-07-20,NIFTYNXT50,805,20125,148.91
2026-07-21,BANKNIFTY,2866381,85991430,500443.14
2026-07-21,FINNIFTY,29576,1774560,4781.63
2026-07-21,MIDCPNIFTY,186441,22372920,33162.07
2026-07-21,NIFTY,327924200,21315073000,51611679.21
2026-07-21,NIFTYNXT50,510,12750,94.55
2026-07-22,BANKNIFTY,4575338,137260140,794085.57
2026-07-22,FINNIFTY,50169,3010140,8019.59
2026-07-22,MIDCPNIFTY,464932,55791840,82386.99
2026-07-22,NIFTY,41738427,2712997755,6552201.63
2026-07-22,NIFTYNXT50,883,22075,163.65
2026-07-23,BANKNIFTY,5479153,164374590,944748.55
2026-07-23,FINNIFTY,66111,3966660,10470.74
2026-07-23,MIDCPNIFTY,580000,69600000,101827.48
2026-07-23,NIFTY,46396692,3015784980,7259056.13
2026-07-23,NIFTYNXT50,1523,38075,279.63
2026-07-24,BANKNIFTY,10796724,323901720,1845353.70
2026-07-24,FINNIFTY,160238,9614280,25041.11
2026-07-24,MIDCPNIFTY,1046585,125590200,181609.83
2026-07-24,NIFTY,98625074,6410629810,15310648.78
2026-07-24,NIFTYNXT50,2067,51675,376.23
