Date,Symbol,Futures Contracts,Futures Quantity,Futures Value (Rs. In Crs.),Options Contracts,Options Quantity,Options Value (Rs. In Crs.),Total Overall Value (Rs. In Crs.),Equity Traded Value (Rs. In Crs.),Speculation Ratio,Equity Traded Quantity (in Lakhs),Equity Number of Trades,Equity Total Market Cap (Rs. Crs.),options/futures,open,high,low ,close
2016-01-01,NIFTY,81885,6141375,4890.54,859166,64437450,52040.85,56931.39,12790.77,4.450974414,8708.88,4906794,9885286.13,10.64112552,7938.45,7972.55,7909.8,7963.2
2016-01-04,NIFTY,226345,16975875,13340.09,2546999,191024925,151788.4,165128.49,17179.35,9.612033633,11940.71,7498588,9724199.47,11.37836401,7924.55,7937.55,7781.1,7791.3
2016-01-05,NIFTY,148669,11150175,8713.19,1945485,145911375,115647.05,124360.24,17657.69,7.042837427,14100.76,7865865,9752722.53,13.27264182,7828.4,7831.2,7763.25,7784.65
2016-01-06,NIFTY,169347,12701025,9877.81,2131230,159842250,126551.65,136429.46,20110.22,6.784085903,12892.63,8997270,9722033.56,12.8117113,7788.05,7800.95,7721.2,7741
2016-01-07,NIFTY,234900,17617500,13419.15,3324174,249313050,193468.48,206887.63,18650.32,11.09298017,11127.87,8259340,9480099.1,14.41734238,7673.35,7674.95,7556.6,7568.3
2016-01-08,NIFTY,153668,11525100,8779.21,2128620,159646500,123457.97,132237.18,15936.7,8.297651333,9455.3,7285041,9555746.84,14.06253752,7611.65,7634.1,7581.05,7601.35
2016-01-11,NIFTY,207525,15564375,11765.46,2915990,218699250,167842.8,179608.26,16359.76,10.97866106,10682.44,7547729,9491205.95,14.26572357,7527.45,7605.1,7494.35,7563.85
2016-01-12,NIFTY,163651,12273825,9249.64,2248623,168646725,129159.72,138409.36,16146.73,8.571974635,9691,7669046,9426744.68,13.96375643,7587.2,7588.3,7487.8,7510.3
2016-01-13,NIFTY,313831,23537325,17722.27,4602985,345223875,264216.92,281939.19,22575.92,12.48849172,14442.94,9318253,9397885.42,14.90875153,7557.9,7590.95,7425.8,7562.4
2016-01-14,NIFTY,274327,20574525,15495.71,3695383,277153725,210863.63,226359.34,18544.38,12.20635794,10199.69,8025026,9331075.38,13.60787147,7467.4,7604.8,7443.8,7536.8
2016-01-15,NIFTY,205084,15381300,11533.72,3076885,230766375,175616.53,187150.25,17547.65,10.66526002,9905.16,7435337,9141855.24,15.22635628,7561.65,7566.5,7427.3,7437.8
2016-01-18,NIFTY,217759,16331925,12119.89,3762926,282219450,213252.46,225372.35,18381.85,12.26059129,10960.37,8657849,8947415.22,17.59524715,7420.35,7463.65,7336.4,7351
2016-01-19,NIFTY,196688,14751600,10958.68,3344312,250823400,188631.22,199589.9,16294.67,12.24878442,9448.31,7683418,9054612.14,17.21295083,7381.8,7462.75,7364.15,7435.1
2016-01-20,NIFTY,258965,19422375,14176.72,4539581,340468575,252463.13,266639.85,18064.1,14.76076029,10252.83,8611278,8876677.03,17.80828922,7357,7470.9,7241.5,7309.3
2016-01-21,NIFTY,292615,21946125,16059.19,5072788,380459100,281825.27,297884.46,18082.19,16.47391494,10277.29,7956017,8836083.53,17.54915846,7376.65,7398.7,7250,7276.8
2016-01-22,NIFTY,255347,19151025,14180.47,4348304,326122800,243098.31,257278.78,17412.42,14.77559007,9058.9,7976883,9009932.84,17.1431772,7355.7,7433.4,7327.6,7422.45
2016-01-25,NIFTY,281631,21122325,15746.25,4313861,323539575,242342.89,258089.14,13705.8,18.83065126,7142.53,7033104,9043622.92,15.39051457,7468.75,7487.15,7421.2,7436.15
2016-01-27,NIFTY,355336,26650200,19834.21,4707751,353081325,264489.77,284323.98,15222.75,18.67757008,7620.35,7101711,9065453.54,13.33502922,7469.6,7477.9,7419.7,7437.75
2016-01-28,NIFTY,307541,23065575,17169.58,6336485,475236375,355671.54,372841.12,20783.04,17.93968159,11483.1,7255679,9061635.71,20.71521493,7426.5,7468.85,7409.6,7424.65
2016-01-29,NIFTY,213335,16000125,12027.46,1985236,148892700,113018.19,125045.65,20637.33,6.059197096,9947.74,8130206,9209386.3,9.396679764,7413.35,7575.65,7402.8,7563.55
2016-02-01,NIFTY,131138,9835350,7454.59,1699044,127428300,97456.72,104911.31,16623.65,6.310967206,8125.47,7576598,9224068.71,13.07338432,7589.5,7600.45,7541.25,7555.95
2016-02-02,NIFTY,213133,15984975,12042.95,2625404,196905300,149850.08,161893.03,17364.83,9.323041458,9647.25,7710102,9086786.43,12.4429712,7566.65,7576.3,7428.05,7455.55
2016-02-03,NIFTY,172227,12917025,9560.32,2452910,183968250,138190.3,147750.62,16255.93,9.08902905,11408.69,7590895,8957589.7,14.45456847,7392.45,7419.4,7350.3,7361.8
2016-02-04,NIFTY,182689,13701675,10181.72,2461897,184642275,139027.94,149209.66,16898.46,8.829778572,9548.53,7547671,8983676.73,13.65466149,7411.45,7457.05,7365.95,7404
2016-02-05,NIFTY,184472,13835400,10360.85,2629712,197228400,148889.62,159250.47,17835.72,8.928737948,8924.48,7828286,9111903.81,14.3704059,7418.25,7503.15,7406.65,7489.1
2016-02-08,NIFTY,195848,14688600,10964.98,2499186,187438950,141675.72,152640.7,13840.26,11.02874512,8081.28,6420946,9040507.26,12.92074587,7489.7,7512.55,7363.2,7387.25
2016-02-09,NIFTY,197153,14786475,10832.91,3002490,225186750,167872.49,178705.4,14857.44,12.02800752,7577.17,6638239,8919291.6,15.49652771,7303.95,7323.45,7275.15,7298.2
2016-02-10,NIFTY,258312,19373400,14051.08,3489243,261693225,193583.82,207634.9,17322.29,11.98657337,10366.82,7399768,8774582.92,13.7771488,7264.3,7271.85,7177.75,7215.7
2016-02-11,NIFTY,320773,24057975,17066.31,4685411,351405825,256475.48,273541.79,18956.39,14.43005709,12108.83,8931863,8465969.86,15.02817422,7203.6,7208.65,6959.95,6976.35
2016-02-12,NIFTY,326135,24460125,17060.51,4797520,359814000,257992.2,275052.71,22454.39,12.24939578,13899.61,10732312,8442989.86,15.12218568,7023.65,7034.8,6869,6980.95
2016-02-15,NIFTY,221517,16613775,11876.33,3462157,259661775,187854.97,199731.3,18107.19,11.03049673,10531.38,8395219,8697971.46,15.81759432,7057.35,7182.8,7056.8,7162.95
2016-02-16,NIFTY,247359,18551925,13209.21,4370868,327815100,237028.22,250237.43,14976.72,16.70842681,8358.64,7390281,8538592.74,17.9441632,7201.25,7204.65,7037.7,7048.25
2016-02-17,NIFTY,279882,20991150,14797.83,5061173,379587975,271487.97,286285.8,16068.39,17.81670721,9525.52,7934958,8592093.78,18.34647175,7058.85,7123.7,6960.65,7108.45
2016-02-18,NIFTY,260632,19547400,14035.64,4484248,336318600,243484.68,257520.32,15895.41,16.20092341,8327.04,7799497,8677706.83,17.34760082,7177.4,7215.1,7127.85,7191.75
2016-02-19,NIFTY,202161,15162075,10913.94,3836420,287731500,208359.69,219273.63,12602.03,17.39986574,7038.52,6814806,8695213.81,19.09115223,7170.55,7226.85,7145.95,7210.75
2016-02-22,NIFTY,182565,13692375,9911.84,3295316,247148700,179766.32,189678.16,11646.18,16.28672749,6065.36,5966573,8736659.9,18.13652359,7208.85,7252.4,7200.7,7234.55
2016-02-23,NIFTY,375801,28185075,20167.89,5680158,426011850,307806.86,327974.75,13393.1,24.48833728,7188.58,6884277,8597852.59,15.26222426,7240.3,7241.7,7090.7,7109.55
2016-02-24,NIFTY,386040,28953000,20456.13,7130259,534769425,381812.4,402268.53,13095.88,30.71718205,7546.39,6811965,8491995.4,18.66493809,7075,7090.8,7009.75,7018.7
2016-02-25,NIFTY,423595,31769625,22254.89,8009978,600748350,425146.92,447401.81,18482.58,24.20667515,10701.02,7442852,8437300.43,19.10352826,7029.85,7034.2,6961.4,6970.6
2016-02-26,NIFTY,185417,13906275,9802.78,1747382,131053650,94375.02,104177.8,14088.48,7.394537949,7484.54,6743815,8477925.74,9.627373051,7039.3,7052.9,6985.1,7029.75
2016-02-29,NIFTY,426121,31959075,22413.29,5032173,377412975,269872.87,292286.16,24880.62,11.74754327,12717.03,9536728,8422857.36,12.04075216,7050.45,7094.6,6825.8,6987.05
2016-03-01,NIFTY,246510,18488250,13256.52,3083761,231282075,166369.58,179626.1,19399,9.259554616,9313.27,8597647,8677973.41,12.55001916,7038.25,7235.5,7035.1,7222.3
2016-03-02,NIFTY,231677,17375775,12759.96,2835307,212648025,157119.2,169879.16,20722.76,8.197709185,11040.46,8896879,8837790.67,12.31345553,7321.7,7380.35,7308.15,7368.85
2016-03-03,NIFTY,183621,13771575,10213.17,2404289,180321675,133834.09,144047.26,18725.94,7.69239141,10167.15,8407411,8954611.66,13.10406955,7429.55,7483.95,7406.05,7475.6
2016-03-04,NIFTY,164237,12317775,9162.3,2425188,181889100,136148.57,145310.87,18177.98,7.993785338,10845.27,7997949,8992361.33,14.85964987,7505.4,7505.9,7444.1,7485.35
2016-03-08,NIFTY,158038,11852850,8839.99,2368152,177611400,133187.54,142027.53,17889.56,7.939129302,10834.48,8200924,9006028.56,15.06648084,7486.4,7527.15,7442.15,7485.3
2016-03-09,NIFTY,185764,13932300,10419.21,2705763,202932225,151968.88,162388.09,18248.94,8.898494378,9546.76,7678377,9042770.86,14.5854513,7436.1,7539,7424.3,7531.8
2016-03-10,NIFTY,192916,14468700,10824.42,2775326,208149450,157181.69,168006.11,17181.83,9.778126661,8502.35,6910590,9007488.18,14.52102653,7545.35,7547.1,7447.4,7486.15
2016-03-11,NIFTY,215823,16186725,12147.8,3278265,245869875,185365.99,197513.79,15620.64,12.64441086,8191.75,6595977,9025548.94,15.25922307,7484.85,7543.95,7460.6,7510.2
2016-03-14,NIFTY,156755,11756625,8890.9,2351084,176331300,133552.69,142443.59,13848.96,10.28550808,7638.66,6413053,9049860.2,15.02127906,7542.6,7583.7,7515.05,7538.75
2016-03-15,NIFTY,161346,12100950,9081.95,2285931,171444825,129442.5,138524.45,15372.99,9.010898335,8479.12,6945015,8968308.28,14.25272106,7535.85,7545.2,7452.8,7460.6
2016-03-16,NIFTY,212884,15966300,11955.19,2954324,221574300,166650.44,178605.63,14529.09,12.29296742,8505.52,6630440,8972425.78,13.93958942,7457.05,7508,7405.15,7498.75
2016-03-17,NIFTY,218685,16401375,12408.79,3488229,261617175,197910.96,210319.75,17584.03,11.9608389,9394.49,8001175,9009833.86,15.94925533,7557.4,7585.3,7479.4,7512.55
2016-03-18,NIFTY,229926,17244450,13064.73,3877729,290829675,219863.58,232928.31,18911.93,12.31647484,9402.74,7762475,9102989.91,16.82878865,7534.65,7613.6,7517.9,7604.35
2016-03-21,NIFTY,216688,16251600,12469.04,3846873,288515475,220087.65,232556.69,16247.38,14.3134887,7848.26,7418452,9218564.76,17.65072933,7619.2,7713.55,7617.7,7704.25
2016-03-22,NIFTY,207641,15573075,11997.31,3901256,292594200,225049.25,237046.56,17496.41,13.54829705,8663.27,7380697,9239097.28,18.75830915,7695.55,7728.2,7643.8,7714.9
2016-03-23,NIFTY,189231,14192325,10954.73,3645059,273379425,210247.69,221202.42,15928.46,13.88724459,7916.11,7045674,9252171.24,19.19241186,7717.45,7726.85,7670.6,7716.5
2016-03-28,NIFTY,275114,20633550,15863.78,4208464,315634800,242987.59,258851.37,17410.16,14.86783407,8442.19,7139903,9126196.3,15.3171306,7741,7749.4,7587.7,7615.1
2016-03-29,NIFTY,352866,26464950,20246.78,5213831,391037325,299735.2,319981.98,18061.45,17.7162952,8771.56,6861862,9117043.55,14.80409231,7606.55,7652.9,7582.25,7597
2016-03-30,NIFTY,293075,21980625,16961.42,5745720,430929000,332586.89,349548.31,18171.37,19.23621114,9477.31,7822821,9281675.33,19.60843432,7651.1,7741.95,7643.45,7735.2
2016-03-31,NIFTY,437014,32776050,25462.62,7298810,547410750,425255.75,450718.37,27418.51,16.43847058,12966.76,9294555,9310471.47,16.70117804,7727.65,7777.6,7702,7738.4
2016-04-01,NIFTY,193961,14547075,11259.47,1936651,145248825,113118.54,124378.01,15606.61,7.969572508,9616.49,7202641,9296734.39,10.04652439,7718.05,7740.15,7666.1,7713.05
2016-04-04,NIFTY,121433,9107475,7079.86,1346230,100967250,78891.73,85971.59,14031.69,6.126959048,7781.87,6606512,9351507.29,11.14312006,7733.15,7764.45,7704.4,7758.8
2016-04-05,NIFTY,272506,20437950,15706.47,3153055,236479125,184054.52,199760.99,16425.27,12.1618086,8764.43,7151143,9190643.93,11.71838866,7736.3,7736.3,7588.65,7603.2
2016-04-06,NIFTY,140693,10551975,8053.38,1981856,148639200,114816.16,122869.54,14644.16,8.390344001,8368.39,6658729,9223369.75,14.2568909,7636.05,7638.65,7591.75,7614.35
2016-04-07,NIFTY,190813,14310975,10867.57,2490643,186798225,143568.53,154436.1,15019.43,10.28242084,9313.53,6684336,9174404.71,13.21072972,7630.4,7630.75,7535.85,7546.45
2016-04-08,NIFTY,126096,9457200,7166.93,1911621,143371575,109863.8,117030.73,12954.56,9.033940944,7418.98,5951043,9201114.86,15.3292693,7542.35,7569.35,7526.7,7555.2
2016-04-11,NIFTY,217039,16277925,12418.79,2810977,210823275,161743.58,174162.37,15163.13,11.48591155,7999.07,6451198,9320759.69,13.02410138,7577.8,7678.8,7516.85,7671.4
2016-04-12,NIFTY,159886,11991450,9253.75,2425524,181914300,140589.21,149842.96,15911.06,9.417534721,7911.79,6924535,9379945.59,15.19267432,7669.25,7717.4,7663.35,7708.95
2016-04-13,NIFTY,208107,15608025,12264.76,3511150,263336250,206364.83,218629.59,19278.89,11.34036192,9601.94,8379626,9516029.27,16.82583516,7777.15,7864.8,7772.2,7850.45
2016-04-18,NIFTY,167700,12577500,9933.24,2687439,201557925,158834.51,168767.75,18723.74,9.013570473,8336.66,8236525,9586747.66,15.99020159,7908.15,7920.6,7842.75,7914.7
2016-04-20,NIFTY,198796,14909700,11825.29,3624462,271834650,215377.2,227202.49,20538.01,11.06253673,10879.76,9057180,9593559.37,18.21327003,7950.05,7950.4,7877.55,7914.75
2016-04-21,NIFTY,180939,13570425,10778.87,3623925,271794375,215668.74,226447.61,20564.12,11.01178217,10850.31,8562943,9574613.19,20.00847399,7953.65,7978.45,7884.1,7912.05
2016-04-22,NIFTY,153634,11522550,9124.76,3287849,246588675,195295.22,204419.98,15665.65,13.04893062,8467.07,6910124,9571199.21,21.40277881,7891.8,7923.35,7873.35,7899.3
2016-04-25,NIFTY,194566,14592450,11486.63,4090367,306777525,242388.52,253875.15,14787.11,17.16867934,7512.3,6603499,9523443.63,21.10179574,7894.8,7911,7827,7855.05
2016-04-26,NIFTY,363246,27243450,21600.55,5686019,426451425,338106.46,359707.01,18283.04,19.67435448,8697.62,7395979,9617541.16,15.65267829,7828.15,7974.5,7822.55,7962.65
2016-04-27,NIFTY,220399,16529925,13213.12,4547023,341026725,272226.82,285439.94,17772.42,16.06083696,8892.07,7322705,9650234.91,20.60276604,7942,7991,7940.55,7979.9
2016-04-28,NIFTY,437502,32812650,26026.07,8992474,674435550,536382.29,562408.36,25613.43,21.95755742,12027.58,9046067,9520152.32,20.60942317,7967.4,7992,7834.45,7847.25
2016-04-29,NIFTY,215304,16147800,12731.23,2340116,175508700,139023.71,151754.94,18497.22,8.204202577,10388.15,7718878,9522589.15,10.91989619,7844.25,7889.05,7788.7,7849.8
2016-05-02,NIFTY,153977,11548275,9051.53,1699091,127431825,101026.11,110077.64,14408.84,7.639590696,8673.66,6186175,9523870.2,11.16121915,7822.7,7829.8,7777.3,7805.9
2016-05-03,NIFTY,254893,19116975,15006.75,2965844,222438300,176348.55,191355.3,18409.63,10.3943045,9254.77,7644066,9456783.36,11.75128192,7824.8,7890.25,7735.15,7747
2016-05-04,NIFTY,168700,12652500,9813.19,2084797,156359775,123136.79,132949.98,16019.07,8.299481805,8590.85,7318150,9371020.46,12.54808987,7724.15,7749,7697.25,7706.55
2016-05-05,NIFTY,191523,14364225,11159.75,2119651,158973825,125089.36,136249.11,16298.68,8.359518071,8066.69,7053365,9379896.51,11.20897511,7731,7777.55,7706.85,7735.5
2016-05-06,NIFTY,151060,11329500,8765.52,2090987,156824025,122885.94,131651.46,13536.81,9.725441962,7642.51,6359307,9387759.69,14.0192413,7717.65,7738.9,7678.35,7733.45
2016-05-09,NIFTY,211779,15883425,12496.07,2555796,191684700,151246.08,163742.15,16156.75,10.134597,7464.59,7173148,9515333.4,12.10349174,7755.25,7873.65,7753.55,7866.05
2016-05-10,NIFTY,149068,11180100,8832.75,2047581,153568575,121478.31,130311.06,16384.07,7.953521927,8140.91,7796014,9526001.74,13.75316974,7873.55,7896.9,7837.7,7887.8
2016-05-11,NIFTY,254207,19065525,14987.02,3342075,250655625,198130.03,213117.05,17796.14,11.9754649,9850.65,7392168,9491732,13.22010847,7804.65,7893.1,7780.9,7848.85
2016-05-12,NIFTY,181204,13590300,10750.35,2662278,199670850,158191.33,168941.68,15781.09,10.7053239,7973.89,7114361,9564555.38,14.71499347,7871.45,7916.05,7849.65,7900.4
2016-05-13,NIFTY,221162,16587150,12989.77,3402248,255168600,201238.68,214228.45,19336.97,11.07869796,9055.69,7278837,9499503.56,15.49208954,7881,7881,7784.2,7814.9
2016-05-16,NIFTY,196922,14769150,11576.08,3126658,234499350,184935.98,196512.06,15394.6,12.76499942,7908.63,7052680,9524751.3,15.97569989,7831.2,7873.9,7772.15,7860.75
2016-05-17,NIFTY,164885,12366375,9799.62,3009907,225743025,179168.45,188968.07,17537.67,10.77498151,8444.91,7457734,9553676.06,18.28320384,7896.85,7940.1,7879.7,7890.75
2016-05-18,NIFTY,218639,16397925,12877.39,3437739,257830425,203934.94,216812.33,15703.18,13.80690599,7897.83,7250693,9548600.85,15.83666721,7846.75,7882.05,7810.75,7870.15
2016-05-19,NIFTY,213892,16041900,12549.56,3933888,295041600,232969.36,245518.92,16693.53,14.70742976,9056.58,7214043,9447276.1,18.56394647,7875.5,7876.2,7766.8,7783.4
2016-05-20,NIFTY,182939,13720425,10693.07,3883600,291270000,228878.95,239572.02,14398.94,16.63817059,7310.98,6804040,9390778.17,21.40441894,7792.2,7812.4,7735.75,7749.7
2016-05-23,NIFTY,260522,19539150,15191.52,4640417,348031275,272986.3,288177.82,14600.95,19.7369226,7295.74,6547105,9363510.62,17.96965017,7813.95,7820.6,7722.2,7731.05
2016-05-24,NIFTY,216319,16223925,12567.68,4107978,308098350,240283.45,252851.13,15171.69,16.66598316,8028.67,7056574,9347162.29,19.11915724,7738.05,7761.55,7715.8,7748.85
2016-05-25,NIFTY,425937,31945275,25211.17,6812043,510903225,403125.75,428336.92,16673.79,25.68923562,8170.61,7061115,9509500.95,15.98996596,7811.8,7941.2,7809.3,7934.9
2016-05-26,NIFTY,385610,28920750,23186.99,8123251,609243825,486799.28,509986.27,23317.57,21.87133007,11545.56,8709285,9618225.99,20.9945008,7974.45,8083,7948.5,8069.65
2016-05-27,NIFTY,189382,14203650,11570.24,2157110,161783250,132352.17,143922.41,21169.2,6.798670238,10019.91,8251314,9731870.84,11.43901682,8081.95,8164.2,8077.05,8156.65
2016-05-30,NIFTY,120404,9030300,7402.97,1541653,115623975,94741.26,102144.23,17002.66,6.007544114,8896.96,7312206,9776828,12.79773658,8166.5,8200,8150.8,8178.5
2016-05-31,NIFTY,149509,11213175,9182.86,1563317,117248775,96422.81,105605.67,35855.79,2.945289171,14509.31,10464729,9740551.15,10.50030274,8209.85,8213.6,8134.3,8160.1
2016-06-01,NIFTY,131451,9858825,8085.93,1380068,103505100,85132.99,93218.92,17383.75,5.3624172,9431.15,7500615,9773214.66,10.52853413,8179.2,8215.35,8171.05,8179.95
2016-06-02,NIFTY,144135,10810125,8867.62,1441075,108080625,88909.25,97776.87,16481.63,5.932475732,8278.55,7690943,9818249.38,10.02628101,8156.9,8229.5,8154.75,8218.95
2016-06-03,NIFTY,117027,8777025,7243.09,1274346,95575950,78865.85,86108.94,20319.03,4.237846984,10933.43,7682828,9806395.87,10.88842607,8246.2,8262,8209.85,8220.8
2016-06-06,NIFTY,90016,6751200,5560.7,942990,70724250,58376.3,63937,15098.66,4.234614198,7263.34,6515058,9787250.23,10.49801284,8228.75,8234.7,8186.05,8201.05
2016-06-07,NIFTY,158887,11916525,9866,1917643,143823225,118968.52,128834.52,19024.21,6.772135085,9124.28,8359048,9860297.23,12.05843503,8235.55,8294.95,8216.4,8266.45
2016-06-08,NIFTY,88846,6663450,5519.34,1067992,80099400,66181.64,71700.98,16620.74,4.31394631,9656.15,7725502,9894472.74,11.99086123,8285.5,8288.9,8252.05,8273.05
2016-06-09,NIFTY,146384,10978800,9044.2,1540133,115509975,95501.57,104545.77,16684.36,6.266094114,9829.25,7155871,9861435.24,10.55942704,8273.35,8273.35,8184.6,8203.6
2016-06-10,NIFTY,215187,16139025,13272.51,2493591,187019325,154375.49,167648,16549.8,10.12991094,11310.94,7133868,9827898.34,11.63122047,8180.25,8265.6,8162.85,8170.05
2016-06-13,NIFTY,182290,13671750,11096.37,2212368,165927600,135808.14,146904.51,15058.18,9.755794525,10905.83,6672773,9775643.58,12.23897004,8102.25,8125.25,8063.9,8110.6
2016-06-14,NIFTY,167237,12542775,10172.09,1824609,136845675,111865.74,122037.83,14506.67,8.412532304,12462.42,6872829,9796077.65,10.9973211,8134.4,8134.95,8069.5,8108.85
2016-06-15,NIFTY,164135,12310125,10070.21,1992336,149425200,122805.59,132875.8,16593.58,8.007663205,11261.39,7167719,9893319.42,12.19493834,8139.4,8213.2,8123.15,8206.6
2016-06-16,NIFTY,250330,18774750,15272,2737621,205321575,168305.84,183577.84,18345.19,10.00686501,12309.49,8342556,9843151.39,11.02055003,8180.65,8180.65,8074.45,8140.75
2016-06-17,NIFTY,161059,12079425,9889.24,1986149,148961175,122382.5,132271.74,17710.99,7.468342538,11989.64,8242528,9879525.14,12.37531903,8176.65,8195.25,8135.8,8170.2
2016-06-20,NIFTY,216249,16218675,13321,2771741,207880575,171163.94,184484.94,16642.73,11.0850167,10298.41,7186884,9950658.11,12.84918099,8115.75,8244.15,8107.35,8238.5
2016-06-21,NIFTY,108924,8169300,6722.94,1578326,118374450,97694.68,104417.62,15139.13,6.89720083,9755.64,6864043,9945964.89,14.53154126,8255.4,8257.25,8202.15,8219.9
2016-06-22,NIFTY,156340,11725500,9627.88,2003920,150294000,123815.72,133443.6,15113.82,8.829243699,9190.59,6859870,9924483.18,12.86012289,8213.65,8238.35,8153.25,8203.7
2016-06-23,NIFTY,163337,12250275,10109.11,2451880,183891000,151339.05,161448.16,14007.09,11.52617424,8138.67,6629730,9956139.96,14.97056121,8201.15,8285.6,8188.3,8270.45
2016-06-24,NIFTY,492554,36941550,29618.71,7513237,563492775,456380.35,485999.06,24652.06,19.71433868,14277.63,9228790,9780513.19,15.40851543,8029.1,8100.7,7927.05,8088.6
2016-06-27,NIFTY,258614,19396050,15715.57,4330832,324812400,263610.45,279326.02,16349.78,17.08439013,9750.46,7237216,9830304.72,16.77383957,8039.35,8120.65,8039.35,8094.7
2016-06-28,NIFTY,235906,17692950,14398.58,3846105,288457875,234341.38,248739.96,17067.78,14.57365633,9556.72,7803473,9884434.29,16.27531187,8096.05,8146.35,8086.85,8127.85
2016-06-29,NIFTY,243704,18277800,14981.93,5081462,381109650,311751.25,326733.18,17509.59,18.66024162,11456.84,7423536,9991129.47,20.80848395,8173.1,8212.4,8157.65,8204
2016-06-30,NIFTY,415896,31192200,25855.51,8326267,624470025,516052.54,541908.05,26625.6,20.35289533,16289.55,9007661,10100336.48,19.95909344,8260.25,8308.15,8242.1,8287.75
2016-07-01,NIFTY,127427,9557025,7990.79,1356504,101737800,85277.82,93268.61,19138.24,4.87341626,12041.04,7806757,10170119.48,10.67201366,8313.05,8356.75,8308.65,8328.35
2016-07-04,NIFTY,110840,8313000,6979.28,1293719,97028925,81558.64,88537.92,17749.99,4.988054641,11952.97,7343133,10246511.85,11.68582433,8376.75,8398.45,8364.7,8370.7
2016-07-05,NIFTY,115137,8635275,7219.27,1129368,84702600,71137.68,78356.95,17204.2,4.554524477,16887.58,7172882,10224028.29,9.85386057,8379.3,8381.45,8319.95,8335.95
2016-07-07,NIFTY,104439,7832925,6549.08,1069946,80245950,67238.44,73787.52,18571.64,3.973128921,14711.14,8403012,10215236.13,10.26685275,8342,8361.95,8317.7,8337.9
2016-07-08,NIFTY,136283,10221225,8510.73,1493528,112014600,93979.65,102490.38,16602.18,6.173308566,10907.26,6876522,10197342.97,11.04248989,8350,8353.3,8287.55,8323.2
2016-07-11,NIFTY,157746,11830950,10025.78,2146702,161002650,135743.58,145769.36,17709.95,8.23093007,10755.73,6927387,10349718.37,13.53945329,8413.35,8475.25,8407.05,8467.9
2016-07-12,NIFTY,115585,8668875,7381.84,1690347,126776025,107764.54,115146.38,19862.16,5.797273811,14727.07,7842849,10399773.48,14.59860143,8502.6,8526.6,8479.2,8521.05
2016-07-13,NIFTY,110855,8314125,7085.83,1570762,117807150,100712.68,107798.51,21271.65,5.067707959,14796.27,8370473,10380000.09,14.21325095,8540.45,8550.25,8493.55,8519.5
2016-07-14,NIFTY,113762,8532150,7299.92,1696826,127261950,108686.71,115986.63,18181.17,6.379492079,11794.32,7424462,10443269.59,14.88875358,8515.75,8571.4,8500.7,8565
2016-07-15,NIFTY,159007,11925525,10211.37,2273873,170540475,146172.2,156383.57,22855.67,6.842222083,11607.67,8636002,10408430.34,14.31465122,8565.45,8594.8,8510.05,8541.4
2016-07-18,NIFTY,137336,10300200,8827.2,2241606,168120450,143968.26,152795.46,17425.41,8.768543179,11188.98,7065268,10349410.56,16.309618,8564.05,8587.1,8494.35,8508.7
2016-07-19,NIFTY,163254,12244050,10437.75,2335189,175139175,149555.19,159992.94,17502.86,9.14095982,10511.45,7074237,10378427.72,14.32829777,8514.3,8540.05,8476.7,8528.55
2016-07-20,NIFTY,105425,7906875,6783.3,1712901,128467575,110015.99,116799.29,19180.48,6.089487333,10302.44,7705912,10462683.98,16.21865316,8515.45,8569.9,8512.55,8565.85
2016-07-21,NIFTY,134938,10120350,8658.46,2195991,164699325,141089.01,149747.47,21467.83,6.975435803,12732.05,8436071,10439611.61,16.2949312,8582.7,8585.25,8503.45,8510.1
2016-07-22,NIFTY,139613,10470975,8947.07,2483029,186227175,159166.62,168113.69,20438.56,8.22531969,11129.82,8126505,10499050.23,17.78980381,8519.65,8548.95,8489.8,8541.2
2016-07-25,NIFTY,241842,18138150,15618.71,3689834,276737550,237786.09,253404.8,21413.85,11.83368708,11614.65,8434820,10619177.15,15.22443851,8519.95,8641.15,8517.2,8635.65
2016-07-26,NIFTY,296304,22222800,19219.85,3368166,252612450,217892.57,237112.42,23506.41,10.08713878,13587,8865756,10569011.54,11.3368507,8633.75,8644.9,8577.15,8590.65
2016-07-27,NIFTY,324582,24343650,21012.99,5916942,443770650,382656.52,403669.51,24098.18,16.75103722,12150.99,8452628,10608203.25,18.21047457,8599.4,8665,8572.05,8615.8
2016-07-28,NIFTY,287678,21575850,18700.69,6341702,475627650,410936.58,429637.27,29920.74,14.35917929,15354.94,8878159,10675727.17,21.97440736,8636.95,8674.7,8625.25,8666.3
2016-07-29,NIFTY,111254,8344050,7248.88,1057832,79337400,69055.14,76304.02,23230.55,3.28464113,11900.65,8387903,10675211.07,9.526318549,8668.3,8670.35,8631.15,8638.5
2016-08-01,NIFTY,170561,12792075,11120.59,1734524,130089300,113580.78,124701.37,24270.12,5.138061534,12241.21,8510243,10694333.48,10.21355701,8654.3,8711.3,8590.5,8636.55
2016-08-02,NIFTY,126922,9519150,8265.79,1452863,108964725,95031.71,103297.5,23091.42,4.473414801,11181.82,8886616,10650321.87,11.49699061,8647.45,8687.2,8611.4,8622.9
2016-08-03,NIFTY,177607,13320525,11470.83,1836592,137744400,119842.62,131313.45,21220.59,6.188020691,10013.34,8184854,10540640.05,10.44759795,8635.2,8635.45,8529.6,8544.85
2016-08-04,NIFTY,154656,11599200,9962.11,1882378,141178350,122582.01,132544.12,19124.43,6.930618063,9499.83,7770160,10571590.02,12.30482398,8599.95,8601.4,8518.15,8551.1
2016-08-05,NIFTY,153105,11482875,9971.82,1716554,128741550,111904.4,121876.22,20650.86,5.901750339,10340.03,8038331,10734945.02,11.22206378,8600.2,8689.4,8590.15,8683.15
2016-08-08,NIFTY,96481,7236075,6329.64,1250685,93801375,81793.57,88123.21,20676.69,4.26195924,9948.71,8091729,10781109.26,12.92230996,8712.85,8723.5,8697.6,8711.35
2016-08-09,NIFTY,129171,9687825,8433.92,1970298,147772350,129049.97,137483.89,22298.89,6.165503754,11170.7,8597951,10742958.55,15.30130355,8727.8,8728.35,8638.2,8678.25
2016-08-10,NIFTY,169189,12689175,10956.16,2384428,178832100,155641.07,166597.23,20846.4,7.991654674,10552.07,8148329,10613107.65,14.20580477,8686.7,8690.1,8564.6,8575.3
2016-08-11,NIFTY,140852,10563900,9086.25,2149103,161182725,139277.35,148363.6,22830.43,6.498502218,10288.63,7945215,10630790.83,15.32836429,8572.8,8601.15,8540.05,8592.15
2016-08-12,NIFTY,150369,11277675,9783.68,2309277,173195775,149918.23,159701.91,23509.12,6.793189622,10365.86,8466696,10698361.74,15.32329655,8605.45,8684.3,8604.45,8672.15
2016-08-16,NIFTY,151555,11366625,9832.44,2359233,176942475,153588.72,163421.16,21571.91,7.575646292,10126.56,8766476,10686439.9,15.62061096,8670.25,8682.35,8600.45,8642.55
2016-08-17,NIFTY,139607,10470525,9054.98,2270206,170265450,147660.15,156715.13,19018.91,8.239963804,9563.79,8466675,10698591.08,16.30706528,8639.8,8667.1,8603.6,8624.05
2016-08-18,NIFTY,155194,11639550,10123.84,2337367,175302525,152148.19,162272.03,19449.52,8.343240861,9734.69,7848776,10772201.47,15.02870354,8648.85,8690.7,8645.05,8673.25
2016-08-19,NIFTY,112277,8420775,7314.79,2333789,175034175,152011.29,159326.08,20316.6,7.842162567,10641.45,7868571,10788998.99,20.78136078,8694.3,8696.6,8647.1,8666.9
2016-08-22,NIFTY,299940,22495500,19483.68,3214933,241119975,209060.54,228544.22,18165.34,12.58133456,8981.23,7781275,10739416,10.73003355,8667,8684.85,8614,8629.15
2016-08-23,NIFTY,369729,27729675,23969.5,3474757,260606775,225482.9,249452.4,18395.64,13.56040888,9661.63,7722711,10730288.19,9.407075659,8628.35,8642.15,8580,8632.6
2016-08-24,NIFTY,240296,18022200,15607.89,3839070,287930250,249611.71,265219.6,18386.37,14.42479402,8906.32,7358652,10771151.1,15.99266204,8648.5,8661.05,8620.9,8650.3
2016-08-25,NIFTY,361714,27128550,23494.98,6312474,473435550,410324.24,433819.22,25162.87,17.24045071,12782.31,8208859,10715110.44,17.46433664,8668.85,8683.05,8583.65,8592.2
2016-08-26,NIFTY,134490,10086750,8703.32,1403042,105228150,91254.14,99957.46,17712.07,5.643465727,9266.35,7479116,10714204.93,10.48498044,8614.35,8622.95,8547.55,8572.55
2016-08-29,NIFTY,144885,10866375,9365.51,1292300,96922500,84197.22,93562.73,16276.17,5.748448806,8296.92,7120964,10745247.65,8.990137216,8583.75,8622,8543.75,8607.45
2016-08-30,NIFTY,185245,13893375,12152.55,1951266,146344950,127763.95,139916.5,19707.12,7.099794389,9236.58,7716265,10883023.81,10.51334494,8646.75,8750.6,8642.25,8744.35
2016-08-31,NIFTY,169336,12700200,11222.4,1647837,123587775,108935.94,120158.34,37944.36,3.166698292,14872.44,10811456,10910696.32,9.707009196,8754.05,8819.2,8754.05,8786.2
2016-09-01,NIFTY,112932,8469900,7475.66,1289817,96736275,85195.22,92670.88,20927.37,4.428214343,11757.24,8132253,10873699.94,11.39634761,8793.6,8813.25,8759.95,8774.65
2016-09-02,NIFTY,98635,7397625,6526.28,1101099,82582425,72808.27,79334.55,19340.22,4.102050028,9814.77,7566603,10916830.5,11.15616707,8796.35,8824.1,8768.2,8809.65
2016-09-06,NIFTY,115166,8637450,7714.51,1566741,117505575,104164.79,111879.3,20693.63,5.406460829,9613.9,8188885,11048769.64,13.50245058,8852.7,8950.85,8848.45,8943
2016-09-07,NIFTY,107308,8048100,7216.51,1367242,102543150,91736.85,98953.36,25427.22,3.891631095,14841.26,9313674,11048615.25,12.71207966,8968.7,8968.7,8913.35,8917.95
2016-09-08,NIFTY,97941,7345575,6586.03,1157147,86786025,77394.65,83980.68,23772.11,3.532739837,13743.86,8979029,11091517.73,11.75133578,8915.5,8960.35,8896,8952.5
2016-09-09,NIFTY,148932,11169900,9965.56,1865240,139893000,124822.87,134788.43,23159.88,5.819910552,13008.36,8951752,11015864.82,12.52542456,8934.3,8939.15,8858.7,8866.7
2016-09-12,NIFTY,196205,14715375,12888.46,2539486,190461450,168029.63,180918.09,21136.51,8.559506276,11685.38,8590541,10787957.93,13.03721546,8732.95,8746.95,8699.4,8715.6
2016-09-14,NIFTY,121207,9090525,7955.44,1629504,122212800,107395.8,115351.24,22020.69,5.238311788,11536.72,8703486,10842346.13,13.49966815,8710.65,8739.85,8688.9,8726.6
2016-09-15,NIFTY,104748,7856100,6879.75,1406436,105482700,92531.97,99411.72,19231.73,5.169151189,10529.19,7381573,10853259.22,13.44990298,8743.85,8751.95,8704.35,8742.55
2016-09-16,NIFTY,190883,14316225,12644.81,2648694,198652050,175571.87,188216.68,31684.12,5.940410527,14201.63,10166137,10889004.94,13.88489586,8780.85,8847.65,8750.5,8779.85
2016-09-19,NIFTY,88740,6655500,5877.99,1370945,102820875,90549.29,96427.28,19226.37,5.015365875,9450.58,7498517,10939291.84,15.40480504,8788.45,8824.3,8774.2,8808.4
2016-09-20,NIFTY,98111,7358325,6481.88,1372523,102939225,90604.15,97086.03,19327.55,5.023193835,9443.35,7767387,10912693.31,13.97806655,8816.1,8816.45,8759.3,8775.9
2016-09-21,NIFTY,139296,10447200,9222.23,2074927,155619525,137012.11,146234.34,18705.44,7.817743929,9394.97,7907535,10921168.38,14.85672229,8790.3,8826.85,8757.3,8777.15
2016-09-22,NIFTY,160177,12013275,10681.2,2722119,204158925,180470.45,191151.65,21823.37,8.759034466,10115.57,8312207,11029658.47,16.89608377,8873.35,8893.35,8837.8,8867.45
2016-09-23,NIFTY,113575,8518125,7557.96,2214634,166097550,147306.65,154864.61,24624.76,6.288979466,10769.05,8805043,11025246.84,19.49026589,8880.75,8885.2,8820.3,8831.55
2016-09-26,NIFTY,311898,23392350,20561.56,3484803,261360225,230180.26,250741.82,19961.44,12.5613092,9125.65,7457748,10938405.81,11.19468854,8807.9,8809.55,8715.1,8723.05
2016-09-27,NIFTY,295256,22144200,19398.51,3825753,286931475,251455.13,270853.64,19095.04,14.18450236,9614.45,7862769,10930567.03,12.96260022,8748.9,8768.5,8690.5,8706.4
2016-09-28,NIFTY,237486,17811450,15610.37,4276777,320758275,281386.01,296996.38,21605.26,13.74648488,11059.34,7631273,10998795.76,18.02558235,8711.2,8767.05,8703.15,8745.15
2016-09-29,NIFTY,572799,42959925,37311.07,8515110,638633250,557003.56,594314.63,45012.36,13.20336525,21370.53,11774293,10761365.9,14.92864075,8792.7,8800.65,8558.25,8591.25
2016-09-30,NIFTY,189607,14220525,12274.81,1952088,146406600,127072.33,139347.14,22144.94,6.292504744,10981.26,8978384,10866063.13,10.35228488,8581.5,8637.15,8555.2,8611.15
2016-10-03,NIFTY,169271,12695325,11094.33,1723604,129270300,113258.57,124352.9,20433.1,6.085855793,10121.76,8406450,11081876.8,10.20868948,8666.15,8745.2,8635,8738.1
2016-10-04,NIFTY,148347,11126025,9783.62,1556063,116704725,102808.23,112591.85,22142.98,5.084765014,10561.62,8632226,11145461.17,10.50819942,8770,8783.65,8736.1,8769.15
2016-10-05,NIFTY,115063,8629725,7580.85,1350200,101265000,89207.37,96788.22,21251.86,4.554341126,11655.88,8600741,11158019.38,11.76746275,8806.35,8806.95,8731.4,8743.95
2016-10-06,NIFTY,141805,10635375,9321.12,1533909,115043175,101147.63,110468.75,22278.94,4.958438328,12034.58,8743731,11131143.07,10.85144596,8768.7,8781.15,8684.65,8709.55
2016-10-07,NIFTY,124555,9341625,8147.08,1460725,109554375,96069.28,104216.36,19352.51,5.385159858,9969.14,7242494,11117768.53,11.79186653,8721.7,8723.7,8663.8,8697.6
2016-10-10,NIFTY,75339,5650425,4943.4,923959,69296925,60676.61,65620.01,15091.93,4.34801977,8123.72,6344886,11130476.52,12.2742667,8735.35,8745.8,8703.95,8708.8
2016-10-13,NIFTY,205217,15391275,13253.15,2672126,200409450,174052.45,187305.6,23622.24,7.929205698,11319.68,9990360,10967987.62,13.1329118,8671.5,8681.55,8541.35,8573.35
2016-10-14,NIFTY,128438,9632850,8279.69,1876409,140730675,121963.67,130243.36,20518.22,6.347692929,9547.69,7896477,11021299.16,14.73046334,8594,8604.45,8549.8,8583.4
2016-10-17,NIFTY,154474,11585550,9905.23,2210498,165787350,143371.56,153276.79,20841.39,7.35444181,10790.82,8412017,10944038.53,14.47432922,8612.95,8615.4,8506.15,8520.4
2016-10-18,NIFTY,177181,13288575,11464.56,2835742,212680650,183835.4,195299.96,21930.94,8.905225221,10792.1,8469924,11106743.04,16.03510296,8556.05,8685.1,8555.9,8677.9
2016-10-19,NIFTY,114826,8611950,7468.81,1967928,147594600,128459.02,135927.83,23090.6,5.886717106,11384.1,8894469,11128649.4,17.19939589,8697.5,8698.75,8636.7,8659.1
2016-10-20,NIFTY,137583,10318725,8988.85,2158693,161901975,141140.28,150129.13,20517.52,7.317118736,11624.65,8222223,11169790.07,15.701706,8693.35,8727,8678.3,8699.4
2016-10-21,NIFTY,120956,9071700,7880.31,2363478,177260850,154416.56,162296.87,20280.97,8.002421482,11245.96,7787311,11182809.24,19.59523927,8708.6,8709.1,8652.05,8693.05
2016-10-24,NIFTY,159205,11940375,10429.95,2687294,201547050,175930.17,186360.12,18598.53,10.02015321,10823.4,7544651,11211244.42,16.86778652,8709.85,8736.95,8684.15,8708.95
2016-10-25,NIFTY,237272,17795400,15491.57,3192458,239434350,209119.21,224610.78,20503.19,10.95491872,10844.17,7929498,11196977.54,13.4989036,8721.7,8722.65,8663.45,8691.3
2016-10-26,NIFTY,266680,20001000,17300.95,4289038,321677850,280041.76,297342.71,22791.19,13.0463881,11919.41,8764519,11116189.95,16.18649612,8657.3,8657.3,8596.6,8615.25
2016-10-27,NIFTY,349751,26231325,22571.48,6834112,512558400,442035.63,464607.11,26858.34,17.29842984,12851.94,8601678,11064011.24,19.5838124,8607.1,8624.85,8550.25,8615.25
2016-10-28,NIFTY,136268,10220100,8844.42,1178100,88357500,76869.94,85714.36,21596.22,3.968951974,10831.73,7975730,11131478.18,8.691348896,8625,8653.75,8581.75,8638
2016-11-01,NIFTY,113568,8517600,7383.08,1074517,80588775,70238.63,77621.71,20891.56,3.715457821,10102.74,8673200,11166375.09,9.513459153,8653.15,8669.6,8614.5,8626.25
2016-11-02,NIFTY,142321,10674075,9133.4,1504571,112842825,97490.61,106624.01,18578.25,5.739184799,9475.88,8179642,10993729.93,10.67407647,8542.8,8549.5,8504.85,8514
2016-11-03,NIFTY,125816,9436200,8056.5,1373216,102991200,88939.02,96995.52,19600.49,4.948627305,9813.4,8457283,10907572.8,11.03941166,8499.85,8537.65,8476.15,8484.95
2016-11-04,NIFTY,173857,13039275,11055.15,2039200,152940000,131110.66,142165.81,23946.66,5.936769888,11004.38,9202071,10777140.28,11.85969073,8503.6,8504,8400.25,8433.75
2016-11-07,NIFTY,117482,8811150,7520.87,1331264,99844800,85910.45,93431.32,21403.01,4.36533553,8338.86,8072500,10869000.33,11.42294043,8535.75,8535.85,8481.45,8497.05
2016-11-08,NIFTY,121525,9114375,7788.21,1717857,128839275,110816.94,118605.15,19450.5,6.097794401,8090.27,7408026,10914644.03,14.22880739,8540,8559.4,8480.1,8543.55
2016-11-09,NIFTY,486756,36506700,30339.24,6097451,457308825,385708.34,416047.58,34064.9,12.21338034,16960.67,11395682,10732043.27,12.71318398,8067.5,8476.2,8002.25,8432
2016-11-10,NIFTY,196066,14704950,12612.87,2972894,222967050,190933.39,203546.26,27197.28,7.484066789,12383.54,9671657,10896197.46,15.13798128,8555.6,8598.45,8510.7,8525.75
2016-11-11,NIFTY,262423,19681725,16529.07,3936764,295257300,251355.67,267884.74,26089.22,10.26802411,11622.11,9716464,10580104.77,15.2068852,8456.65,8460.6,8284.95,8296.3
2016-11-15,NIFTY,275206,20640450,16910.15,4100277,307520775,257539.88,274450.03,32457.78,8.455600784,13657.6,12482466,10260299.26,15.2298992,8284.85,8288.55,8093.2,8108.45
2016-11-16,NIFTY,212308,15923100,12998.86,3152268,236420100,196095.46,209094.32,26142.52,7.998246535,10662.85,10446495,10276935.25,15.08558904,8205.65,8210.05,8089.4,8111.6
2016-11-17,NIFTY,182053,13653975,11091.57,2850048,213753600,176212.71,187304.28,18261.94,10.25653791,8087.36,8441399,10239052.52,15.88708452,8105.1,8151.25,8060.3,8079.95
2016-11-18,NIFTY,175060,13129500,10632.52,3093839,232037925,190530.95,201163.47,17640.79,11.40331414,8135.1,8291734,10258692.87,17.91964182,8097.55,8128.95,8048.3,8074.1
2016-11-21,NIFTY,292236,21917700,17509.49,5002632,375197400,305606.05,323115.54,19467.27,16.59788661,9657.7,8798209,10038928.07,17.45373794,8102.1,8102.45,7916.4,7929.1
2016-11-22,NIFTY,262165,19662375,15709.17,4164389,312329175,253017.26,268726.43,18359.6,14.63683468,8828.41,8120495,10152838.84,16.10634171,7989.15,8019.05,7938.15,8002.3
2016-11-23,NIFTY,279245,20943375,16814.67,4472531,335439825,271965.47,288780.14,18594.61,15.53031443,8620.97,7993364,10248791.84,16.17429721,8051.2,8055.2,7973.1,8033.3
2016-11-24,NIFTY,407105,30532875,24428.98,6288963,471672225,380571.46,405000.44,23742.81,17.05781413,10978.91,8164736,10215840.87,15.5786881,8011.8,8024.85,7952.55,7965.5
2016-11-25,NIFTY,166791,12509325,10108.57,1368201,102615075,83716.49,93825.06,18845.14,4.978740407,8809.93,8416812,10413314.54,8.281734212,8007.95,8122.25,7976.75,8114.3
2016-11-28,NIFTY,124883,9366225,7626.3,1072018,80401350,65969.41,73595.71,17895.86,4.112443325,8627.53,7938861,10474130.21,8.650251105,8080.65,8146.5,8066.5,8126.9
2016-11-29,NIFTY,140290,10521750,8620.21,1432992,107474400,88347.14,96967.35,18689.5,5.188333021,9005.39,8521846,10512940.93,10.24883849,8131.55,8197.35,8128.7,8142.15
2016-11-30,NIFTY,146488,10986600,9033.91,1222700,91702500,75453.38,84487.29,31536.06,2.679069294,13040.83,10424440,10618011.78,8.352239506,8172.15,8234.25,8139.25,8224.5
2016-12-01,NIFTY,109388,8204100,6757.95,1090375,81778125,67516.53,74274.48,17353.97,4.27997052,8888.2,7580311,10553007.95,9.990682086,8244,8250.8,8185.05,8192.9
2016-12-02,NIFTY,166507,12488025,10172.11,1593245,119493375,98396.88,108568.99,16805.41,6.460359491,8337.41,7769790,10420336.96,9.673202512,8153.55,8159.3,8070.05,8086.8
2016-12-05,NIFTY,130990,9824250,7989.05,1407300,105547500,86502.34,94491.39,14419.37,6.553087271,6782.88,6677184,10473398.41,10.8276128,8088.75,8141.9,8056.85,8128.75
2016-12-06,NIFTY,103905,7792875,6379.91,1208887,90666525,74550.78,80930.69,13676.35,5.917564994,7879.06,6607101,10497388.62,11.68524007,8153.15,8178.7,8130.85,8143.15
2016-12-07,NIFTY,149911,11243325,9171.51,1684609,126345675,103732.78,112904.29,15900.05,7.100876412,8268.97,7021445,10455639.4,11.31032731,8168.4,8190.45,8077.5,8102.05
2016-12-08,NIFTY,153171,11487825,9469.75,1749695,131227125,107995.51,117465.26,16045.64,7.320696463,7853.94,7824210,10623207.11,11.40426199,8152.1,8256.25,8151.75,8246.85
2016-12-09,NIFTY,96397,7229775,5984.56,1359321,101949075,84499.39,90483.95,16860.77,5.366537234,8719.03,7403032,10643923.51,14.11956602,8271.7,8274.95,8241.95,8261.75
2016-12-12,NIFTY,124536,9340200,7665.17,1568284,117621300,97313.79,104978.96,13324.58,7.878594297,7084.5,6708322,10545352.83,12.69558144,8230.65,8230.65,8154.45,8170.8
2016-12-13,NIFTY,101835,7637625,6269.2,1200698,90052350,74447.4,80716.6,18050.07,4.471816453,7956.45,7325395,10563443.68,11.87510368,8196.15,8228.85,8155.8,8221.8
2016-12-14,NIFTY,107154,8036550,6594.29,1410297,105772275,87243.15,93837.44,16150.98,5.810015244,7599.45,7501927,10492670.4,13.23010514,8229.35,8229.4,8165.1,8182.45
2016-12-15,NIFTY,199618,14971350,12269.02,2808319,210623925,172604.92,184873.94,17108.61,10.80590065,7960.17,7486692,10489815.2,14.06835428,8128.4,8225.9,8121.95,8153.6
2016-12-16,NIFTY,115379,8653425,7055.98,1713102,128482650,105579.23,112635.21,18133.91,6.211303023,7818.05,7747065,10463002.22,14.96308521,8178.2,8178.7,8127.45,8139.45
2016-12-19,NIFTY,71657,5374275,4373.76,1526850,114513750,93840.92,98214.68,13299.21,7.385001064,6409.1,6430939,10417005,21.45543423,8126,8132.5,8094.85,8104.35
2016-12-20,NIFTY,117512,8813400,7142.91,2296685,172251375,141098.72,148241.63,15384.6,9.635715586,7325.24,6808488,10360676.3,19.75367462,8110.6,8124.1,8062.75,8082.4
2016-12-21,NIFTY,90298,6772350,5490.16,1779020,133426500,109002.89,114493.05,14048.65,8.149754603,7127.33,6691113,10349869.67,19.85422829,8105.85,8112.55,8053.25,8061.3
2016-12-22,NIFTY,187013,14025975,11238.2,3217362,241302150,195473.11,206711.31,13533.63,15.27389991,6763.35,6385308,10218359.34,17.39363154,8043.85,8046.45,7964.95,7979.1
2016-12-23,NIFTY,184560,13842000,11072.42,3238256,242869200,195679.03,206751.45,15265.82,13.5434225,7302.97,6815658,10209886.48,17.67265241,7972.5,8022.6,7942.05,7985.75
2016-12-26,NIFTY,187143,14035725,11130.75,3709424,278206800,223216.48,234347.23,13142.71,17.83096713,6625.4,5951623,10062765.03,20.05403769,7965.1,7970.05,7893.8,7908.25
2016-12-27,NIFTY,255184,19138800,15266.04,4471672,335375400,269609.62,284875.66,14367.64,19.82758894,7086.1,6070032,10217242.61,17.66074372,7915.05,8044.65,7903.7,8032.85
2016-12-28,NIFTY,284159,21311925,17198.96,6040948,453071100,366826.07,384025.03,15703.92,24.45408726,7272.14,6858424,10248270.99,21.32838672,8047.55,8100.55,8028.4,8034.85
2016-12-29,NIFTY,281511,21113325,17053.08,5462875,409715625,331285,348338.08,19268.58,18.07803585,9960.16,7004670,10358948.95,19.42669594,8030.6,8111.1,8020.8,8103.6
2016-12-30,NIFTY,121584,9118800,7461.11,1403427,105257025,86459.34,93920.45,14902.32,6.302404592,8182.99,6443783,10439621.29,11.58799964,8119.65,8197,8114.75,8185.8
2017-01-02,NIFTY,116089,8706675,7125.55,1225954,91946550,75557.49,82683.04,13590.33,6.083961169,7873.7,5550008,10495471.63,10.60374147,8210.1,8212,8133.8,8179.5
2017-01-03,NIFTY,120852,9063900,7432.58,1449490,108711750,89429.4,96861.98,15711.89,6.164884046,8493.17,6770077,10549925.62,12.03208038,8196.05,8219.1,8148.6,8192.25
2017-01-04,NIFTY,94585,7093875,5822.3,1028356,77126700,63696.31,69518.61,17475.43,3.97807722,9985.45,8100545,10563005.44,10.94005977,8202.65,8218.5,8180.9,8190.5
2017-01-05,NIFTY,151450,11358750,9400.42,1746949,131021175,108174.62,117575.04,19027.21,6.179310577,10518.44,8469294,10679678,11.50742414,8226.65,8282.65,8223.7,8273.8
2017-01-06,NIFTY,118769,8907675,7387.37,1602279,120170925,99910.69,107298.06,18343.04,5.849524397,9479.56,7704893,10644895.33,13.52452767,8281.85,8306.85,8233.25,8243.8
2017-01-09,NIFTY,67426,5056950,4175.62,938087,70356525,58409.23,62584.85,14510.43,4.313094099,7633.93,6448456,10649364.75,13.98815745,8259.35,8263,8227.75,8236.05
2017-01-10,NIFTY,83699,6277425,5202.71,1061292,79596900,65830.81,71033.52,17867.45,3.975582414,9112.65,7465144,10719759.98,12.6531769,8262.7,8293.8,8261,8288.6
2017-01-11,NIFTY,122860,9214500,7708.85,1968286,147621450,123008.08,130716.93,21562.17,6.062327215,11047.28,8536513,10836775.07,15.95673544,8327.8,8389,8322.25,8380.65
2017-01-12,NIFTY,115532,8664900,7285.21,1590972,119322900,99992.58,107277.79,18208.89,5.891506292,10136.04,7566068,10861044.14,13.72542178,8391.05,8417.2,8382.3,8407.2
2017-01-13,NIFTY,115144,8635800,7267.92,1728474,129635550,108967.14,116235.06,18619.03,6.242809642,8873.88,7416104,10844074.84,14.99289205,8457.65,8461.05,8373.15,8400.35
2017-01-16,NIFTY,88443,6633225,5586.78,1618440,121383000,101824.77,107411.55,15312.2,7.014769269,7993.36,6692898,10872784.93,18.22602107,8390.95,8426.7,8374.4,8412.8
2017-01-17,NIFTY,105657,7924275,6668.85,1778818,133411350,112264.48,118933.33,17126.36,6.944460469,8323.12,7014933,10866607.99,16.83415881,8415.05,8440.9,8378.3,8398
2017-01-18,NIFTY,128345,9625875,8124.84,2145239,160892925,135495.07,143619.91,19449.61,7.384205133,9265.44,7959356,10912751.81,16.67664471,8403.85,8460.3,8397.4,8417
2017-01-19,NIFTY,92421,6931575,5847.86,1451549,108866175,91647.95,97495.81,17974.62,5.424081844,9829.22,7234104,10949993.7,15.67204926,8418.4,8445.15,8404.05,8435.1
2017-01-20,NIFTY,173199,12989925,10900.65,2927055,219529125,184404.77,195305.42,19974.83,9.777576079,11498.96,7993044,10822542.76,16.91686,8404.35,8423.65,8340.95,8349.35
2017-01-23,NIFTY,218654,16399050,13765.3,3857547,289316025,242852.35,256617.65,17667.07,14.52519575,8671.86,6925240,10890504.84,17.64235796,8329.6,8404.15,8327.2,8391.5
2017-01-24,NIFTY,301655,22624125,19144.35,3896255,292219125,246767.85,265912.2,19591.3,13.57297372,9308.07,7981603,11000929.2,12.88985262,8407.05,8480.95,8398.15,8475.8
2017-01-25,NIFTY,371369,27852675,23841.52,5672605,425445375,362811.42,386652.94,30629.07,12.62372446,13751.71,9472111,11133279.8,15.21762958,8499.45,8612.6,8493.95,8602.75
2017-01-27,NIFTY,131747,9881025,8574.59,1536047,115203525,100712.34,109286.93,24587.82,4.444758828,12942.37,8897658,11184067.22,11.74544089,8610.5,8672.7,8606.9,8641.25
2017-01-30,NIFTY,94790,7109250,6154.2,1146582,85993650,75186.58,81340.78,19953.4,4.076537332,11761.93,7528573,11176762.5,12.21711677,8635.55,8662.6,8617.75,8632.75
2017-01-31,NIFTY,157764,11832300,10182.2,1837922,137844150,119620.09,129802.29,27936.57,4.646321649,19317.19,9423671,11047314.94,11.74796115,8629.45,8631.75,8552.4,8561.3
2017-02-01,NIFTY,266876,20015700,17313.72,3636104,272707800,236251.59,253565.31,27786.65,9.125436496,16093.98,9930025,11219114.32,13.64533965,8570.35,8722.4,8537.5,8716.4
2017-02-02,NIFTY,143080,10731000,9371.75,1793015,134476125,117531.74,126903.49,26848.21,4.726702078,14901.42,10060851,11287806.96,12.5410665,8724.75,8757.6,8685.8,8734.25
2017-02-03,NIFTY,94425,7081875,6194.28,1408554,105641550,92183.99,98378.27,26735.93,3.679627752,16394.41,9785887,11350845.49,14.88211544,8735.15,8748.25,8707.75,8740.95
2017-02-06,NIFTY,117352,8801400,7756.95,1624062,121804650,107278.87,115035.82,24045.89,4.784011738,15065.17,9532073,11439249.21,13.83003242,8785.45,8814.1,8770.2,8801.05
2017-02-07,NIFTY,88971,6672825,5866.19,1262997,94724775,83357.76,89223.95,30695.96,2.9067001,18478.53,9175100,11392979.76,14.20986364,8805.7,8809.3,8741.05,8768.3
2017-02-08,NIFTY,122362,9177150,8058.27,1503254,112744050,99252.79,107311.06,22189.16,4.836192988,13586.07,8463879,11426557.21,12.31688563,8774.55,8791.25,8715,8769.05
2017-02-09,NIFTY,163637,12272775,10779.99,2307857,173089275,152267.26,163047.25,23431.97,6.95832446,13505.86,9129529,11443736.58,14.12499084,8795.55,8821.4,8724.1,8778.4
2017-02-10,NIFTY,91774,6883050,6067.8,1556411,116730825,102960.83,109028.63,22246.92,4.900841555,11907.2,8556200,11455738.26,16.96839546,8812.35,8822.1,8771.2,8793.55
2017-02-13,NIFTY,124904,9367800,8250.04,2083770,156282750,137742.65,145992.69,19892.71,7.33900459,11919.27,7786534,11435350.15,16.69599784,8819.8,8826.9,8754.2,8805.05
2017-02-14,NIFTY,95599,7169925,6318.25,1565931,117444825,103761.44,110079.69,19942.5,5.51985408,10838.07,8044925,11397710.48,16.42249674,8819.9,8820.45,8772.5,8792.3
2017-02-15,NIFTY,183197,13739775,12048.5,2741175,205588125,181283.49,193331.99,22334.2,8.656320352,11786.52,8600041,11275966.62,15.04614599,8778.95,8807.9,8712.85,8724.7
2017-02-16,NIFTY,115225,8641875,7584.27,1887233,141542475,124361.82,131946.09,21744.28,6.068082733,10698.8,8329351,11394187.37,16.39733554,8739,8783.95,8719.6,8778
2017-02-17,NIFTY,165130,12384750,10945.98,3067233,230042475,203075.8,214021.78,35434.95,6.039849922,11859.57,8372889,11431897.45,18.55254623,8883.7,8896.45,8804.25,8821.7
2017-02-20,NIFTY,158018,11851350,10500.39,2498559,187391925,165554.76,176055.15,19603.7,8.980710274,12039.63,7264832,11527587.52,15.76653439,8818.55,8886.25,8809.8,8879.2
2017-02-21,NIFTY,291881,21891075,19472.78,3077727,230829525,204943.57,224416.35,22346.46,10.04259064,11294.54,7868945,11569763.56,10.52461795,8890.75,8920.8,8860.95,8907.85
2017-02-22,NIFTY,241987,18149025,16221.57,4579553,343466475,306724,322945.57,26463.54,12.20341534,12416.77,10195077,11557386.56,18.90840406,8931.6,8960.75,8905.25,8926.9
2017-02-23,NIFTY,347297,26047275,23351.34,5655040,424128000,379265.66,402617,33124.92,12.15450483,15490.96,9563909,11569933.48,16.24170861,8956.4,8982.15,8927.55,8939.5
2017-02-27,NIFTY,100683,7551225,6747.12,1031481,77361075,69465.05,76212.17,23916.08,3.186649735,11892.02,8308773,11554320.66,10.29551127,8943.7,8951.8,8888.65,8896.7
2017-02-28,NIFTY,91595,6869625,6123.55,802576,60193200,54044.49,60168.04,27515.84,2.186669206,14384.13,9478366,11562209.8,8.825679549,8898.95,8914.75,8867.6,8879.6
2017-03-01,NIFTY,118458,8884350,7965.98,1060304,79522800,71280.03,79246.01,22741.93,3.484577166,13497.39,8453223,11620451.28,8.948055355,8904.4,8960.8,8898.6,8945.8
2017-03-02,NIFTY,152971,11472825,10292.68,1434066,107554950,96917.6,107210.28,24761.2,4.329769155,13228.04,8783990,11519926.1,9.416167606,8982.85,8992.5,8879.8,8899.75
2017-03-03,NIFTY,116911,8768325,7804.12,1149046,86178450,77455.64,85259.76,21997.25,3.875928127,9942.63,7776604,11533964.5,9.924967838,8883.5,8907.1,8860.1,8897.55
2017-03-06,NIFTY,99965,7497375,6723.49,1166515,87488625,78859.77,85583.26,19153.01,4.468397396,9079.21,7247689,11602131.34,11.72899342,8915.1,8967.8,8914,8963.45
2017-03-07,NIFTY,75401,5655075,5078.25,755592,56669400,50987.54,56065.79,19729.33,2.841748301,9453.05,7288818,11589395.96,10.04037611,8977.75,8977.85,8932.8,8946.9
2017-03-08,NIFTY,143498,10762350,9632.17,1374929,103119675,92966.2,102598.37,22250.07,4.61114819,10144.7,7686539,11549040.34,9.651636132,8950.7,8957.05,8891.95,8924.3
2017-03-09,NIFTY,110080,8256000,7389.22,1239538,92965350,83881.37,91270.59,19550.73,4.66839806,9905.01,7421725,11537696.1,11.35185716,8914.5,8945.8,8899.5,8927
2017-03-10,NIFTY,124454,9334050,8363.81,1681141,126085575,113785.81,122149.62,17336.35,7.04586721,8583.35,6755773,11532821.43,13.60454267,8953.7,8975.7,8903.95,8934.55
2017-03-14,NIFTY,209107,15683025,14286.88,2949690,221226750,201051.13,215338.01,27836.94,7.735692573,12111.87,9848690,11689137.23,14.07243079,9091.65,9122.75,9060.5,9087
2017-03-15,NIFTY,81083,6081225,5545.66,1278845,95913375,87520.5,93066.16,24615.85,3.78074127,12294.85,8684022,11718152.27,15.78180054,9086.85,9106.55,9075.5,9084.8
2017-03-16,NIFTY,108626,8146950,7469.57,1542705,115702875,105545.49,113015.06,24578.69,4.598091273,13559.34,9194777,11823832.12,14.13006237,9129.65,9158.45,9128.55,9153.7
2017-03-17,NIFTY,119200,8940000,8208.9,1718143,128860725,118132.56,126341.46,31890.88,3.961679954,14979.33,10190812,11822557.08,14.39079048,9207.8,9218.4,9147.6,9160.05
2017-03-20,NIFTY,80555,6041625,5531.47,1264533,94839975,86580.79,92112.26,22650.34,4.0667054,13008.07,7785112,11808092.76,15.65240162,9166.95,9167.6,9116.3,9126.85
2017-03-21,NIFTY,109330,8199750,7496.05,1896870,142265250,130113.86,137609.91,29314.61,4.694243246,11898.47,9362417,11832996.62,17.35765637,9133.95,9147.75,9087.2,9121.5
2017-03-22,NIFTY,158129,11859675,10764.59,2632628,197447100,179920.57,190685.16,24598.99,7.751747531,10889.31,9044569,11733606.33,16.71411266,9047.2,9072.9,9019.3,9030.45
2017-03-23,NIFTY,109383,8203725,7458.22,1868790,140159250,127637.49,135095.71,24331.15,5.552376686,11536.72,8369919,11820480.93,17.11366653,9048.75,9099.05,9048.6,9086.3
2017-03-24,NIFTY,116229,8717175,7962.97,2269793,170234475,155205.97,163168.94,26738.53,6.102390072,13099.27,8405505,11841914.68,19.49096505,9104,9133.55,9089.4,9108
2017-03-27,NIFTY,259483,19461225,17659.49,3380376,253528200,230945.4,248604.89,26834.84,9.26425833,11578.72,7617143,11782609.92,13.07769364,9093.45,9094.85,9024.65,9045.2
2017-03-28,NIFTY,220938,16570350,15110.02,2779939,208495425,190098.16,205208.18,24395.85,8.411601973,12563.76,7707879,11846602.14,12.58093371,9081.5,9110.4,9079.8,9100.8
2017-03-29,NIFTY,251594,18869550,17269.15,3237636,242822700,222115.53,239384.68,31914.95,7.500706722,14094.6,9108022,11879337.3,12.86198394,9128.7,9153.15,9109.1,9143.8
2017-03-30,NIFTY,308254,23119050,21214.07,4662875,349715625,320310.52,341524.59,42229.3,8.087384588,19801.89,9835611,11928105.19,15.09896592,9142.6,9183.15,9136.35,9173.75
2017-03-31,NIFTY,115872,8690400,7992.5,886129,66459675,61407.57,69400.07,26789.18,2.590600757,14360.85,9229464,11978420.9,7.683149202,9158.9,9191.7,9152.1,9173.75
2017-04-03,NIFTY,119454,8959050,8278.39,1209894,90742050,83796.02,92074.41,22072.93,4.171372355,12064.45,7944233,12054449.5,10.12226049,9220.6,9245.35,9192.4,9237.85
2017-04-05,NIFTY,101180,7588500,7040.69,1074349,80576175,74658.4,81699.09,30287.83,2.697423024,15241.41,11669771,12143618.97,10.60384707,9264.4,9273.9,9215.4,9265.15
2017-04-06,NIFTY,110427,8282025,7667.12,1236840,92763000,86032.27,93699.39,25422.94,3.685623693,13507.91,9052233,12148762.03,11.22093694,9245.8,9267.95,9218.85,9261.95
2017-04-07,NIFTY,109462,8209650,7583.72,1408146,105610950,97842.55,105426.27,28156.27,3.744326575,14456.88,9613876,12102539.1,12.90165644,9223.7,9250.5,9188.1,9198.3
2017-04-10,NIFTY,93158,6986850,6441.63,1305189,97889175,90436.38,96878.01,23570.11,4.110206104,11699.5,8682968,12138432.17,14.03936271,9225.6,9225.65,9174.85,9181.45
2017-04-11,NIFTY,111730,8379750,7746.7,1496706,112252950,103720.01,111466.71,26594.05,4.191415373,15042.09,9571433,12208061.64,13.38892819,9184.55,9242.7,9172.85,9237
2017-04-12,NIFTY,156718,11753850,10837.26,2046897,153517275,141863.68,152700.94,25903.26,5.895047187,14764.42,9240945,12164693.64,13.09036417,9242.5,9246.4,9161.8,9203.45
2017-04-13,NIFTY,94422,7081650,6514.33,1460244,109518300,100589.37,107103.7,22325.98,4.797267578,11443.35,8277631,12123926.83,15.44124568,9202.5,9202.65,9144.95,9150.8
2017-04-17,NIFTY,72547,5441025,4986.19,1467807,110085525,101291.57,106277.76,22544.32,4.714170132,14190.03,7825826,12111948.49,20.31442243,9144.75,9160,9120.25,9139.3
2017-04-18,NIFTY,180514,13538550,12435.49,2984774,223858050,205945.17,218380.66,28056.56,7.783586441,16608.6,9843910,12041387.02,16.56108203,9163,9217.9,9095.45,9105.15
2017-04-19,NIFTY,104455,7834125,7145.83,1928791,144659325,132559.97,139705.8,24069.13,5.804356036,12148.42,9342217,12075048.2,18.55067501,9112.2,9120.5,9075.15,9103.5
2017-04-20,NIFTY,92690,6951750,6360.39,1729096,129682200,118712.87,125073.26,25390.82,4.925924409,12561.23,9211306,12152237.54,18.66440108,9108.1,9143.9,9102.65,9136.4
2017-04-21,NIFTY,152598,11444850,10457.84,2700598,202544850,185540.31,195998.15,25406.3,7.714549147,14556.67,9255291,12143881.85,17.74174304,9179.1,9183.65,9088.75,9119.4
2017-04-24,NIFTY,241429,18107175,16653.13,3398238,254867850,234017.75,250670.88,25927.14,9.668281191,14207.29,9079332,12258464.56,14.05247842,9135.35,9225.4,9130.55,9217.95
2017-04-25,NIFTY,268716,20153700,18700.39,3409521,255714075,236229.75,254930.14,29310.01,8.6977159,13893.64,10153444,12368628.38,12.6323435,9273.05,9309.2,9250.35,9306.6
2017-04-26,NIFTY,303260,22744500,21250.9,4408986,330673950,307795,329045.9,29475.33,11.16343396,15100.08,10289067,12300289.58,14.48385715,9336.2,9367,9301.35,9351.85
2017-04-27,NIFTY,326607,24495525,22910.88,4866419,364981425,340217.7,363128.58,31047.74,11.69581361,13626.78,9148302,12291968.52,14.84961293,9359.15,9367.15,9322.65,9342.15
2017-04-28,NIFTY,100556,7541700,7039.7,1055747,79181025,74239.12,81278.82,26549.47,3.061410265,14147.6,9102413,12303874.75,10.54577894,9340.95,9342.65,9282.25,9304.05
2017-05-02,NIFTY,117278,8795850,8205.45,1349307,101198025,94694.27,102899.72,25975.41,3.961428135,13126.17,9974049,12327009.6,11.54041156,9339.85,9352.55,9269.9,9313.8
2017-05-03,NIFTY,72288,5421600,5064.25,788196,59114700,55263.48,60327.73,25272.96,2.387046472,12810.47,8777155,12335000.16,10.91247075,9344.7,9346.3,9298.4,9311.95
2017-05-04,NIFTY,95048,7128600,6673.4,1007990,75599250,70603.43,77276.83,27632.43,2.796599141,13775.07,9492302,12379109.44,10.57982887,9360.95,9365.65,9323.25,9359.9
2017-05-05,NIFTY,126790,9509250,8864.97,1599970,119997750,112398.66,121263.63,28922.9,4.192651152,14574.13,9807063,12263587.12,12.67896676,9374.55,9377.1,9272,9285.3
2017-05-08,NIFTY,78716,5903700,5516.27,1026655,76999125,71883.97,77400.24,22094.46,3.503151469,10954.01,7839855,12326068.46,13.03126388,9311.45,9338.7,9297.95,9314.05
2017-05-09,NIFTY,73401,5505075,5148.13,1056293,79221975,74093.78,79241.91,23564.99,3.362696526,12362.45,8467836,12368783.25,14.39236771,9337.35,9338.95,9307.7,9316.85
2017-05-10,NIFTY,116972,8772900,8246.99,1826487,136986525,128425.39,136672.38,24298.29,5.624773595,12015.77,8827912,12476092.36,15.5723955,9339.65,9414.75,9336,9407.3
2017-05-11,NIFTY,77476,5810700,5489.39,1492639,111947925,105278.42,110767.81,25387.29,4.36312068,11446.75,8984530,12481454.99,19.17852803,9448.6,9450.65,9411.3,9422.4
2017-05-12,NIFTY,95987,7199025,6775.08,1658962,124422150,116980.16,123755.24,25183.85,4.914071518,10855.99,8952690,12434502.78,17.2662404,9436.65,9437.75,9372.55,9400.9
2017-05-15,NIFTY,57576,4318200,4079.96,1178106,88357950,83021.88,87101.84,22916.77,3.800790426,12665.26,8211651,12518267.65,20.3486995,9433.55,9449.25,9423.1,9445.4
2017-05-16,NIFTY,116872,8765400,8324.79,2433169,182487675,172660.34,180985.13,24873.7,7.276164382,13164.89,9216892,12587151.19,20.74050396,9461,9517.2,9456.35,9512.25
2017-05-17,NIFTY,80919,6068925,5775.7,1703803,127785225,121223.4,126999.1,25764.05,4.929314296,12271.23,9408054,12578179.14,20.98852087,9517.6,9532.6,9486.1,9525.75
2017-05-18,NIFTY,149314,11198550,10604.69,2551485,191361375,181102.96,191707.65,28180.87,6.802758396,14008.53,8865727,12408917.82,17.07762886,9453.2,9489.1,9418.1,9429.45
2017-05-19,NIFTY,186752,14006400,13245.25,4329222,324691650,306862.31,320107.56,29193.68,10.96496091,15081.1,10745015,12379468.81,23.16772503,9469.9,9505.75,9390.75,9427.9
2017-05-22,NIFTY,162310,12173250,11512.69,2684009,201300675,190213.12,201725.81,22605.5,8.923749088,12009.14,8628819,12311121.74,16.52203959,9480.25,9498.65,9427.9,9438.25
2017-05-23,NIFTY,280067,21005025,19762.67,5008503,375637725,353681.23,373443.9,28065.85,13.30598931,14214.72,10757910,12169451.19,17.89642948,9445.05,9448.05,9370,9386.15
2017-05-24,NIFTY,351189,26339175,24738.01,6139163,460437225,432074.09,456812.1,27370.92,16.68968745,14052.02,10605349,12067265.51,17.4660003,9410.9,9431.9,9341.65,9360.55
2017-05-25,NIFTY,378253,28368975,26791.3,6144044,460803300,433953.15,460744.45,35128.07,13.11613334,17584.56,10664615,12234153.88,16.19753987,9384.05,9523.3,9379.2,9509.75
2017-05-26,NIFTY,128037,9602775,9166.84,1695957,127196775,121482.84,130649.68,26556.86,4.919620768,13900.27,9568425,12404113.3,13.25242286,9507.75,9604.9,9495.4,9595.1
2017-05-29,NIFTY,149680,11226000,10771.32,1843451,138258825,132982.47,143753.79,26025.27,5.523623386,12985.58,9342097,12330692.15,12.34597709,9560.05,9637.75,9547.7,9604.9
2017-05-30,NIFTY,85810,6435750,6185.79,1171908,87893100,84800.94,90986.73,24189.46,3.76142047,13224.9,9033258,12374361.24,13.70899109,9590.65,9635.3,9581.2,9624.55
2017-05-31,NIFTY,90634,6797550,6542.85,959446,71958450,69402.51,75945.36,39298.24,1.932538455,18098.85,13120797,12416788.86,10.6073821,9636.55,9649.6,9609.25,9621.25
2017-06-01,NIFTY,72345,5425875,5221.87,930530,69789750,67108.56,72330.43,23462.74,3.082778482,11377.45,8779558,12443546.53,12.85144211,9603.55,9634.65,9589.9,9616.1
2017-06-02,NIFTY,78050,5853750,5654.37,1033551,77516325,74641.01,80295.38,22302.61,3.600268309,14524.93,8414510,12507949.7,13.20058822,9657.15,9673.5,9637.45,9653.5
2017-06-05,NIFTY,78808,5910600,5722.77,1179328,88449600,85229.49,90952.26,20992.61,4.332584657,10352.7,7950711,12559047.93,14.8930483,9656.3,9687.2,9640.7,9675.1
2017-06-06,NIFTY,78030,5852250,5661.07,976527,73239525,70890.17,76551.24,22177.61,3.451735331,9973.34,8252499,12502871.37,12.52239771,9704.25,9709.3,9630.2,9637.15
2017-06-07,NIFTY,82402,6180150,5978.92,1153452,86508900,83662.95,89641.87,23043.67,3.890086518,10118.81,8804152,12555195.21,13.99298703,9663.95,9678.55,9630.55,9663.9
2017-06-08,NIFTY,63861,4789575,4634.07,836019,62701425,60624.57,65258.64,22446.72,2.907268412,9717.45,8228274,12541244.19,13.08235957,9682.4,9688.7,9641.5,9647.25
2017-06-09,NIFTY,108254,8119050,7838.14,1671375,125353125,121080.52,128918.66,22334.46,5.77218612,10061.06,8508291,12574238.41,15.44760874,9638.55,9676.25,9608.15,9668.25
2017-06-12,NIFTY,106066,7954950,7655.05,1598871,119915325,116050.88,123705.93,20225.52,6.116328777,9726.08,7676640,12514842.19,15.16004206,9646.7,9647.05,9598.5,9616.4
2017-06-13,NIFTY,72806,5460450,5262.48,1345289,100896675,97503.83,102766.31,20504.07,5.011995667,11226.37,8229924,12512389.85,18.52811412,9615.55,9654.15,9595.4,9606.9
2017-06-14,NIFTY,82707,6203025,5969.83,1366022,102451650,98900.55,104870.38,24369.73,4.303304961,11874.87,8967081,12536290.81,16.56672803,9621.55,9627.4,9580.45,9618.15
2017-06-15,NIFTY,84775,6358125,6108.48,1512901,113467575,109372.98,115481.46,23944.36,4.82290861,12391.76,8811832,12510739.57,17.90510569,9617.9,9621.4,9560.8,9578.05
2017-06-16,NIFTY,82967,6222525,5977.27,1436134,107710050,103838.23,109815.5,27168.65,4.041993253,12575.56,9505700,12529466.71,17.37218329,9595.45,9615.85,9565.5,9588.05
2017-06-19,NIFTY,101280,7596000,7339.24,2083083,156231225,150640.62,157979.86,20059.7,7.875484678,9421.61,7725234,12578739.28,20.52537047,9626.4,9673.3,9614.9,9657.55
2017-06-20,NIFTY,51905,3892875,3768.12,1363786,102283950,98825.84,102593.96,22111.75,4.639793775,10239.52,8604906,12590994.88,26.22682929,9670.5,9676.5,9643.75,9653.5
2017-06-21,NIFTY,84077,6305775,6081.34,1945039,145877925,141047.82,147129.16,21632.98,6.801150835,11855.58,8673971,12573130.08,23.19354287,9648.1,9650.45,9608.6,9633.6
2017-06-22,NIFTY,142219,10666425,10322.18,2747785,206083875,199321.11,209643.29,26262.87,7.982497343,15783.5,9285146,12526899.95,19.309982,9642.65,9698.85,9617.75,9630
2017-06-23,NIFTY,155612,11670900,11210.25,3301468,247610100,238553.96,249764.21,23570.39,10.59652428,13923.25,9069754,12423250.61,21.27998573,9643.25,9647.65,9565.3,9574.95
2017-06-27,NIFTY,341753,25631475,24456.56,4920958,369071850,354029.87,378486.43,24855.88,15.22723919,14245.13,8962487,12325548.85,14.47586537,9594.05,9615.4,9473.45,9511.4
2017-06-28,NIFTY,219796,16484700,15668.81,4280512,321038400,306472.23,322141.04,21803.49,14.77474661,12837.57,8240880,12332758.73,19.55938134,9520.2,9522.5,9474.35,9491.25
2017-06-29,NIFTY,403930,30294750,28906.54,6684868,501365100,479049.12,507955.66,29698.94,17.1034946,17830.39,8664859,12378305.24,16.57234384,9522.95,9575.8,9493.8,9504.1
2017-06-30,NIFTY,126022,9451650,8969.23,1371284,102846300,98108.34,107077.57,23335.97,4.588520212,14082.42,8813914,12430129.17,10.93832358,9478.5,9535.8,9448.75,9520.9
2017-07-03,NIFTY,138070,10355250,9936.2,1687009,126525675,121496.85,131433.05,21682.77,6.061635575,12270.59,7761778,12557806.03,12.22769771,9587.95,9624,9543.55,9615
2017-07-04,NIFTY,102759,7706925,7415.83,1449313,108698475,104549.28,111965.11,21918.15,5.108328486,12468.46,7705414,12555375,14.09812253,9645.9,9650.65,9595.5,9613.3
2017-07-05,NIFTY,68425,5131875,4946.16,880753,66056475,63628.47,68574.63,22045.18,3.110640512,12757.29,7806685,12606524.3,12.86421588,9619.75,9643.65,9607.35,9637.6
2017-07-06,NIFTY,103281,7746075,7495.53,1294943,97120725,93695.48,101191.01,24730.71,4.091714714,15312.95,8946725,12648571.61,12.50018077,9653.6,9700.7,9639.95,9674.55
2017-07-07,NIFTY,72906,5467950,5284.36,1015411,76155825,73558.7,78843.06,24160.98,3.263239322,14985.9,8982000,12655871.94,13.92007736,9670.35,9684.25,9642.65,9665.8
2017-07-10,NIFTY,111017,8326275,8118.28,1723615,129271125,125479.55,133597.83,6255.99,21.35518599,3895.86,1896050,12799320.42,15.45642057,9719.3,9782.15,9646.45,9771.05
2017-07-11,NIFTY,96584,7243800,7104.04,1993232,149492400,146062.31,153166.35,26457.91,5.789057034,14486.08,9742749,12776542.57,20.56045715,9797.45,9830.05,9778.85,9786.05
2017-07-12,NIFTY,99680,7476000,7332.67,1466466,109984950,107725.91,115058.58,25076.9,4.588229805,15050.39,9414760,12850816.19,14.69122571,9807.3,9824.95,9787.7,9816.1
2017-07-13,NIFTY,98807,7410525,7320.25,1899551,142466325,139783.46,147103.71,28366.74,5.185781306,14305.47,9782261,12923018.87,19.09544893,9855.8,9897.25,9853.45,9891.7
2017-07-14,NIFTY,82865,6214875,6143.66,1741780,130633500,128726.09,134869.75,27523.48,4.900170691,14587.93,9594452,12899946.41,20.95267153,9913.3,9913.3,9845.45,9886.35
2017-07-17,NIFTY,84889,6366675,6320.81,1767244,132543300,130748.8,137069.61,24497.73,5.595196371,15359.73,8429170,12932868.52,20.68545012,9908.15,9928.2,9894.7,9915.95
2017-07-18,NIFTY,159657,11974275,11824.47,2823981,211798575,209426.57,221251.04,28777.45,7.688347647,14677.62,9360641,12851922.52,17.711286,9832.7,9885.35,9792.05,9827.15
2017-07-19,NIFTY,102327,7674525,7594.89,2081903,156142725,153964.98,161559.87,27627.18,5.847859608,15103.58,9429756,12977649.54,20.27218037,9855.95,9905.05,9851.65,9899.6
2017-07-20,NIFTY,96744,7255800,7181.22,2204966,165372450,163590.21,170771.43,25835.64,6.609916766,13845.07,9081111,12950597.85,22.78028107,9920.2,9922.55,9863.45,9873.3
2017-07-21,NIFTY,151002,11325150,11204.33,3555985,266698875,263737.67,274942,29346.72,9.368747172,18352.73,9712846,12997645.81,23.53890594,9899.6,9924.7,9838,9915.25
2017-07-24,NIFTY,155313,11648475,11606.29,3316527,248739525,246957.65,258563.94,26875.26,9.620890737,19727.27,9187885,13042021.98,21.27791482,9936.8,9982.05,9919.6,9966.4
2017-07-25,NIFTY,152121,11409075,11386.12,2989378,224203350,223301.38,234687.5,25650.96,9.149267708,16435.19,9356368,13056069.3,19.61171848,10010.55,10011.3,9949.1,9964.55
2017-07-26,NIFTY,209293,15696975,15723.85,3817098,286282350,285494.66,301218.51,29074.76,10.36013745,21221.72,9285298,13099602.21,18.15679112,9983.65,10025.95,9965.95,10020.65
2017-07-27,NIFTY,406383,30478725,30745.1,7458396,559379700,562427.54,593172.64,40109.99,14.78865091,21967.74,10148506,13040052.25,18.29324152,10063.25,10114.85,10005.5,10020.55
2017-07-28,NIFTY,142479,10685925,10708.27,1516875,113765625,114939.76,125648.03,29250.06,4.295650334,17174.43,9133158,13055313.78,10.73373757,9996.55,10026.05,9944.5,10014.5
2017-07-31,NIFTY,70770,5307750,5351.74,926103,69457725,70043.64,75395.38,28679.9,2.628857841,14002.05,9090599,13121441.34,13.0880125,10034.7,10085.9,10016.95,10077.1
2017-08-01,NIFTY,62122,4659150,4717.94,1111485,83361375,84364.9,89082.84,25776.09,3.456026108,11456.81,8536347,13136239.87,17.8817238,10101.05,10128.6,10065.75,10114.65
2017-08-02,NIFTY,91584,6868800,6950.24,1137826,85336950,86394.64,93344.88,24103.57,3.872657868,13245.01,7932557,13107793.76,12.4304542,10136.3,10137.85,10054.2,10081.5
2017-08-03,NIFTY,91118,6833850,6874.08,1212654,90949050,92068.75,98942.83,27705.36,3.571252278,14804.19,9287024,13039755.95,13.39361049,10081.15,10081.15,9998.25,10013.65
2017-08-04,NIFTY,108065,8104875,8165.76,1531029,114827175,115815.9,123981.66,27522.07,4.504808686,13235.54,8562438,13124778.25,14.18311339,10008.6,10075.25,9988.35,10066.4
2017-08-07,NIFTY,52208,3915600,3956.56,862216,64666200,65323.57,69280.13,24375.13,2.842246585,12879.84,8057458,13189789.51,16.5101932,10074.8,10088.1,10046.35,10057.4
2017-08-08,NIFTY,153491,11511825,11531.87,2314846,173613450,174975.23,186507.1,28333.38,6.582592687,16471.06,9276119,13060505.45,15.17318787,10068.35,10083.8,9947,9978.55
2017-08-09,NIFTY,124215,9316125,9274.84,1811373,135852975,136329.81,145604.65,25684.76,5.668912227,15587.62,9290450,12923052.79,14.69888537,9961.15,9969.8,9893.05,9908.05
2017-08-10,NIFTY,148099,11107425,10967.45,2323541,174265575,173603.22,184570.67,31702.06,5.822040271,16307.76,10922646,12674830.26,15.82895021,9872.85,9892.65,9776.2,9820.25
2017-08-11,NIFTY,182484,13686300,13358.04,2957725,221829375,218900.26,232258.3,32925.01,7.054160348,17720.84,11678223,12580038.35,16.3871541,9712.15,9771.65,9685.55,9710.8
2017-08-14,NIFTY,95907,7193025,7058.2,1651143,123835725,121635.64,128693.84,23896.76,5.38540957,14118.23,9013070,12768840.51,17.23323794,9755.75,9818.3,9752.1,9794.15
2017-08-16,NIFTY,152687,11451525,11280,2058916,154418700,152546.22,163826.22,26122.12,6.271551467,13571.5,9548320,12905106.67,13.52360106,9825.85,9903.95,9773.85,9897.3
2017-08-17,NIFTY,120886,9066450,8991.83,1941782,145633650,144343.92,153335.75,24336.4,6.30067512,12743.77,8870208,12925665.52,16.0527857,9945.55,9947.8,9883.75,9904.15
2017-08-18,NIFTY,142533,10689975,10518.99,2402813,180210975,178166.37,188685.36,28953.18,6.516913168,12100.69,9695060,12885080.84,16.93759287,9865.95,9865.95,9783.65,9837.4
2017-08-21,NIFTY,131500,9862500,9684.55,2520568,189042600,186766.69,196451.24,24708.24,7.950839072,10727.55,8424237,12758960.83,19.28501479,9864.25,9884.35,9740.1,9754.35
2017-08-22,NIFTY,152910,11468250,11239.79,2735423,205156725,202057.84,213297.63,23680.89,9.007162738,11587.48,9104213,12734306.5,17.97701203,9815.75,9828.45,9752.6,9765.55
2017-08-23,NIFTY,118061,8854575,8709.92,2306396,172979700,170344.66,179054.58,23817.77,7.517688684,11009.55,8244358,12851805.14,19.55754588,9803.05,9857.9,9786.75,9852.5
2017-08-24,NIFTY,80411,6030825,5956.62,1923637,144272775,142498.05,148454.67,24542.74,6.048822177,11380.89,8723799,12871687.4,23.92263566,9881.2,9881.5,9848.85,9857.05
2017-08-28,NIFTY,148815,11161125,11076.01,2868080,215106000,212862.67,223938.68,24239.05,9.238756469,10925.89,9540350,12984421.99,19.218353,9907.15,9925.75,9882,9912.8
2017-08-29,NIFTY,226287,16971525,16698.65,4840643,363048225,358896.87,375595.52,23705.16,15.84446256,11818.51,8220631,12842035.24,21.49256796,9886.4,9887.35,9783.75,9796.05
2017-08-30,NIFTY,191269,14345175,14197.93,4482713,336203475,332883.26,347081.19,23269.35,14.91580942,12327.89,8296602,12995575.2,23.44590092,9859.5,9909.45,9850.8,9884.4
2017-08-31,NIFTY,322845,24213375,23967.55,6253014,468976050,464267.34,488234.89,34429.46,14.1807304,16369.4,10185492,13055208.03,19.37066325,9905.7,9925.1,9856.95,9917.9
2017-09-01,NIFTY,92963,6972225,6965.37,1378306,103372950,103371.2,110336.57,27336.46,4.036242074,13555.29,9020029,13199225.14,14.84073351,9937.65,9983.45,9909.85,9974.4
2017-09-04,NIFTY,137553,10316475,10247.51,2000461,150034575,149402.12,159649.63,24830.67,6.429533718,13033.84,8642400,13126952.07,14.5793583,9984.15,9988.4,9861,9912.85
2017-09-05,NIFTY,94573,7092975,7061.97,1408050,105603750,105386.64,112448.61,23777.21,4.729260077,11537.01,8099824,13211611.45,14.92312202,9933.25,9963.1,9901.05,9952.2
2017-09-06,NIFTY,91287,6846525,6799.82,1294154,97061550,96722.87,103522.69,26808.54,3.861556429,13716.45,9014378,13192186.55,14.224328,9899.25,9931.55,9882.55,9916.2
2017-09-07,NIFTY,68009,5100675,5081.7,1066627,79997025,79646.63,84728.33,27808.09,3.046894986,14144.05,9687674,13242141.18,15.6732255,9945.85,9964.85,9917.2,9929.9
2017-09-08,NIFTY,82247,6168525,6137.83,1322072,99155400,98968.9,105106.73,26292.88,3.997535835,14055.37,9863908,13220538.02,16.12441205,9958.65,9963.6,9913.3,9934.8
2017-09-11,NIFTY,95373,7152975,7169.86,1694840,127113000,126886.49,134056.35,25803.57,5.195263679,13664.9,9172534,13307984.85,17.69720608,9971.75,10028.65,9968.8,10006.05
2017-09-12,NIFTY,95310,7148250,7204.98,1767720,132579000,133073.94,140278.92,28295.49,4.957642366,14358.6,9893955,13427165.69,18.46971678,10056.85,10097.55,10028.05,10093.05
2017-09-13,NIFTY,100347,7526025,7611.76,1862373,139677975,141299.96,148911.72,29181.64,5.10292499,15704.81,9769959,13377615.68,18.56337562,10099.25,10131.95,10063.15,10079.3
2017-09-14,NIFTY,83957,6296775,6369.16,1768759,132656925,133919.53,140288.69,27692.34,5.065974562,13433.78,9399225,13401701.61,21.02624679,10107.4,10126.5,10070.35,10086.6
2017-09-15,NIFTY,124993,9374475,9462.59,2260625,169546875,171081.19,180543.78,34741.23,5.196816002,16008.17,11347991,13415935.57,18.07974244,10062.35,10115.15,10043.65,10085.4
2017-09-18,NIFTY,79164,5937300,6043.49,1973155,147986625,149791.62,155835.11,28780.71,5.414567952,14224.59,9661532,13509863.39,24.7856156,10133.1,10171.7,10131.3,10153.1
2017-09-19,NIFTY,65947,4946025,5028.48,1411375,105853125,107449.51,112477.99,28638.18,3.927553706,16075.71,9668454,13520537.37,21.3681888,10175.6,10178.95,10129.95,10147.55
2017-09-20,NIFTY,58752,4406400,4482.01,1268167,95112525,96602.42,101084.43,29142.83,3.468586613,15495.26,10228115,13493144.49,21.55337003,10160.95,10171.05,10134.2,10141.15
2017-09-21,NIFTY,135244,10143300,10270.74,3120989,234074175,237103.72,247374.46,30566.82,8.092907931,15277.36,10118793,13455164.07,23.08535899,10139.6,10158.9,10058.6,10121.9
2017-09-22,NIFTY,192134,14410050,14453.93,4598143,344860725,347160.53,361614.46,30086.39,12.01920403,14639.91,10308194,13187759.07,24.01841783,10094.35,10095.05,9952.8,9964.4
2017-09-25,NIFTY,227382,17053650,16881.54,5372950,402971250,401158.44,418039.98,29598,14.12392662,14443.55,11115111,13044749.62,23.76314246,9960.1,9960.5,9816.05,9872.6
2017-09-26,NIFTY,192835,14462625,14283.54,4660054,349504050,347159.14,361442.68,26493.45,13.64271848,11952.02,10295992,13081221.2,24.304839,9875.25,9891.35,9813,9871.5
2017-09-27,NIFTY,304062,22804650,22386.01,7282643,546198225,539791.53,562177.54,29626.92,18.97522726,12987.48,10370359,12908538.35,24.11289596,9920.6,9921.05,9714.4,9735.75
2017-09-28,NIFTY,392424,29431800,28717.62,7602660,570199500,557982.67,586700.29,38254.89,15.33660899,15973.81,11430542,12956107.1,19.42997609,9736.4,9789.2,9687.55,9768.95
2017-09-29,NIFTY,140574,10543050,10369.7,1635082,122631150,121608.64,131978.34,26335.26,5.011469034,12320.92,9717524,13045716.34,11.72730552,9814.3,9854,9775.35,9788.6
2017-10-03,NIFTY,94040,7053000,6958.74,1240918,93068850,92246.5,99205.24,25676.47,3.863663502,10928.57,9975919,13217149.17,13.2562073,9893.3,9895.4,9831.05,9859.5
2017-10-04,NIFTY,127271,9545325,9471.37,1710947,128321025,127541.44,137012.81,23340.7,5.870124289,11019.62,8953251,13288151.47,13.465997,9884.35,9938.3,9850.65,9914.9
2017-10-05,NIFTY,90295,6772125,6723.7,1284318,96323850,95991.61,102715.31,25106.21,4.091231213,11845.81,9033548,13303729.42,14.27660514,9927,9945.95,9881.85,9888.7
2017-10-06,NIFTY,103222,7741650,7726.38,1618505,121387875,120950.9,128677.28,27878.08,4.615715286,13535.36,9063272,13441929.21,15.65427794,9908.15,9989.35,9906.6,9979.7
2017-10-09,NIFTY,70677,5300775,5308.22,1561877,117140775,117357.72,122665.94,24578.55,4.990772035,14047.49,8829619,13460484.05,22.10867673,9988.2,10015.75,9959.45,9988.75
2017-10-10,NIFTY,62291,4671825,4687.11,1268541,95140575,95500.23,100187.34,26367.38,3.799669895,14137.55,9662341,13526436.44,20.37507761,10013.7,10034,10002.3,10016.95
2017-10-11,NIFTY,135182,10138650,10170.54,2487515,186563625,186950.75,197121.29,31335.43,6.29068406,16365.47,11028236,13465787.34,18.38159527,10042.6,10067.25,9955.8,9984.8
2017-10-12,NIFTY,122001,9150075,9206.04,2181803,163635225,164097.86,173303.9,27360.23,6.334153624,12627.26,9019054,13613641.1,17.8250214,10011.2,10104.45,9977.1,10096.4
2017-10-13,NIFTY,142801,10710075,10907.15,2851746,213880950,216789.43,227696.58,29800.05,7.640812012,14076.28,9672385,13674613.63,19.87590067,10123.7,10191.9,10120.1,10167.45
2017-10-16,NIFTY,131978,9898350,10137.14,2817498,211312350,215586.37,225723.51,29905.35,7.547930721,12925.28,10165465,13754417.51,21.26698161,10207.4,10242.95,10175.1,10230.85
2017-10-17,NIFTY,77015,5776125,5923.13,1852824,138961800,142269.58,148192.71,28055.29,5.282166394,12652.58,9360254,13792537.94,24.01932424,10227.65,10251.85,10212.6,10234.45
2017-10-18,NIFTY,93184,6988800,7150.22,2147631,161072325,164376.17,171526.39,30596.25,5.606124607,12736.94,9631880,13779308.59,22.98896677,10209.4,10236.45,10175.75,10210.85
2017-10-19,NIFTY,52498,3937350,4002.43,806481,60486075,61651.71,65654.14,5744.77,11.42850628,3442.75,2184152,13728024.49,15.40356983,10210.35,10211.95,10123.35,10146.55
2017-10-23,NIFTY,207042,15528150,15805.91,4037151,302786325,308108.92,323914.83,29180.67,11.10032189,13566.49,10809900,13788004.62,19.49327309,10176.65,10224.15,10124.5,10184.85
2017-10-24,NIFTY,235975,17698125,18109.67,3499718,262478850,267813.15,285922.82,29463.64,9.704259895,14609.28,10757815,13832233.97,14.78840586,10218.55,10237.75,10182.4,10207.7
2017-10-25,NIFTY,268101,20107575,20712.41,5087649,381573675,391669.07,412381.48,55954.18,7.369985227,26605.3,14732878,14033412.59,18.90987432,10321.15,10340.55,10240.9,10295.35
2017-10-26,NIFTY,412959,30971925,31978.88,5821050,436578750,449096.85,481075.73,52070.09,9.239003236,24138.27,13701754,14096805.92,14.0435453,10291.8,10355.65,10271.85,10343.8
2017-10-27,NIFTY,79557,5966775,6186.84,1080536,81040200,84138.27,90325.11,36941.62,2.445077124,17420.17,11801990,14091948.99,13.59955486,10362.3,10366.15,10311.3,10323.05
2017-10-30,NIFTY,60615,4546125,4723.57,905632,67922400,70544.34,75267.91,32986.81,2.281757769,15629.19,11015957,14203668.24,14.93453892,10353.85,10384.5,10344.3,10363.65
2017-10-31,NIFTY,63811,4785825,4962.7,851011,63825825,66291.16,71253.86,35110.14,2.029438219,17880.64,11268021,14208617.46,13.3578818,10364.9,10367.7,10323.95,10335.3
2017-11-01,NIFTY,99170,7437750,7779.48,1482346,111175950,115864.6,123644.08,37910.59,3.261465464,18674.9,12039266,14319309.24,14.89361757,10390.35,10451.65,10383.05,10440.5
2017-11-02,NIFTY,70748,5306100,5549.14,1028498,77137350,80585.84,86134.98,33909.38,2.540152017,18174.91,11477725,14344549.08,14.52222146,10440.5,10453,10412.55,10423.8
2017-11-03,NIFTY,76747,5756025,6025.24,1065920,79944000,83694.77,89720.01,34160.95,2.626390952,19344.93,11754577,14373280.2,13.89069481,10461.55,10461.7,10403.6,10452.5
2017-11-06,NIFTY,88731,6654825,6980.77,1358565,101892375,106920.92,113901.69,35436.46,3.214251367,17380.21,12446757,14430131.64,15.31649374,10431.75,10490.45,10413.75,10451.8
2017-11-07,NIFTY,186876,14015700,14623.93,2231221,167341575,175625.17,190249.1,40573.39,4.68901169,19452.2,13398618,14258596.9,12.00943727,10477.15,10485.75,10340.8,10350.15
2017-11-08,NIFTY,120255,9019125,9362.55,1725689,129426675,135257.71,144620.26,35160.73,4.113118812,15465.74,12250403,14172052.42,14.44667425,10361.95,10384.25,10285.5,10303.15
2017-11-09,NIFTY,125684,9426300,9757.71,1654431,124082325,129246.15,139003.86,33372.54,4.165216672,14685.47,11209393,14228927.64,13.24554122,10358.65,10368.45,10266.95,10308.95
2017-11-10,NIFTY,131512,9863400,10192.19,1937958,145346850,151460.79,161652.98,36053.68,4.483674898,15699.54,11325624,14236721.31,14.86047552,10304.35,10344.95,10254.1,10321.75
2017-11-13,NIFTY,113835,8537625,8794.06,1547383,116053725,120565.39,129359.45,30447.87,4.248554989,16141.99,11176728,14194740.08,13.70986666,10322,10334.15,10216.25,10224.95
2017-11-14,NIFTY,116650,8748750,8967.18,1814376,136078200,140779.19,149746.37,33869.84,4.421230511,15313.01,10828545,14142054.19,15.69938264,10223.4,10248,10175.55,10186.6
2017-11-15,NIFTY,130279,9770925,9940.91,2244999,168374925,173206.42,183147.33,30570.08,5.991064793,15298.46,10870654,13990589.74,17.42359804,10171.95,10175.45,10094,10118.05
2017-11-16,NIFTY,130662,9799650,10014.49,1963399,147254925,151319.08,161333.57,28952.11,5.572428745,15324.87,10871552,14133892.25,15.11001359,10152.9,10232.25,10139.2,10214.75
2017-11-17,NIFTY,131411,9855825,10195.63,2509970,188247750,194832.57,205028.2,36807.32,5.570310471,16870.99,12126037,14306766.63,19.10941943,10324.55,10343.6,10268.05,10283.6
2017-11-20,NIFTY,73971,5547825,5724.72,1752948,131471100,136042.97,141767.69,27899.65,5.081342956,14201.53,10138703,14365290.02,23.76412646,10287.2,10309.85,10261.5,10298.75
2017-11-21,NIFTY,98833,7412475,7686.46,1876816,140761200,145942.02,153628.48,33644.09,4.566284301,16573.99,11590262,14403656.47,18.98689644,10329.25,10358.7,10315.05,10326.9
2017-11-22,NIFTY,95761,7182075,7441.1,2041208,153090600,159005.35,166446.45,29866.4,5.573033576,14829.44,10772171,14423949.09,21.3685275,10350.8,10368.7,10309.55,10342.3
2017-11-23,NIFTY,117027,8777025,9091.62,2434748,182606100,189370,198461.62,29651.46,6.693148331,14162.76,10270944,14438892.2,20.82907117,10358.45,10374.3,10307.3,10348.75
2017-11-24,NIFTY,121952,9146400,9522.19,2429326,182199450,189292.47,198814.66,28832.25,6.895565209,15158.2,10102886,14488532.06,19.87908979,10366.8,10404.5,10362.25,10389.7
2017-11-27,NIFTY,160859,12064425,12541.18,3215563,241167225,250884.2,263425.38,27083.79,9.726311569,14802.45,9992729,14526393.81,20.00483208,10361.05,10407.15,10340.2,10399.55
2017-11-28,NIFTY,140330,10524750,10954.85,3538798,265409850,276625.92,287580.77,32659.59,8.805400496,19665.77,11350754,14513953.15,25.25145666,10387.9,10409.55,10355.2,10370.25
2017-11-29,NIFTY,151043,11328225,11777.55,4004212,300315900,312641.45,324419,28727.28,11.2930636,15520.36,10314156,14507122.02,26.54554215,10376.65,10392.95,10345.9,10361.3
2017-11-30,NIFTY,356980,26773500,27551.89,7142821,535711575,554079.23,581631.12,49597.48,11.72702968,21103.96,14136009,14392501.05,20.11038916,10332.7,10332.7,10211.25,10226.55
2017-12-01,NIFTY,166320,12474000,12758.65,1909475,143210625,148220.65,160979.3,28450.31,5.65826172,15062.55,10134237,14252906.6,11.6172675,10263.7,10272.7,10108.55,10121.8
2017-12-04,NIFTY,116011,8700825,8843.8,1412917,105968775,109149.25,117993.05,24739.63,4.769394288,12441.38,9616995,14240088.69,12.34189489,10175.05,10179.2,10095.7,10127.75
2017-12-05,NIFTY,133911,10043325,10172.97,1593043,119478225,122462.61,132635.58,25495.51,5.202311309,12060.21,9746812,14225964.15,12.03803904,10118.25,10147.95,10069.1,10118.25
2017-12-06,NIFTY,136075,10205625,10297.92,1675853,125688975,128815.09,139113.01,25481.2,5.459437154,12045.4,10029026,14124053.19,12.50884548,10088.8,10104.2,10033.35,10044.1
2017-12-07,NIFTY,140716,10553700,10714.11,1644833,123362475,126136.78,136850.89,27198.49,5.031562046,12805.11,9919432,14306806.25,11.77295921,10063.45,10182.65,10061.9,10166.7
2017-12-08,NIFTY,119353,8951475,9193.84,1610660,120799500,124284.62,133478.46,30835.91,4.328669399,16471.98,10666375,14439802.21,13.51824918,10198.45,10270.85,10195.25,10265.65
2017-12-11,NIFTY,87240,6543000,6758.91,1328219,99616425,103352.82,110111.73,25217.76,4.366435798,13370.87,9673522,14500704.62,15.29134431,10310.5,10329.2,10282.05,10322.25
2017-12-12,NIFTY,89673,6725475,6920.83,1366587,102494025,105980.08,112900.91,26991.28,4.182866096,12624.21,10058604,14391673.33,15.31320376,10324.9,10326.1,10230.2,10240.15
2017-12-13,NIFTY,172536,12940200,13280.97,2232081,167406075,172813.35,186094.32,27652.55,6.729734509,14223.21,9629538,14310451.92,13.01210303,10236.6,10296.55,10169.85,10192.95
2017-12-14,NIFTY,157971,11847825,12113.05,2288537,171640275,176442.75,188555.8,25347.58,7.438808754,12027.55,9529301,14330903.26,14.56633548,10229.3,10276.1,10141.55,10252.1
2017-12-15,NIFTY,146062,10954650,11363.13,2721422,204106650,211086.23,222449.36,32230.08,6.901917712,13454.82,11491596,14452138.25,18.57641601,10345.65,10373.1,10319.65,10333.25
2017-12-18,NIFTY,332874,24965550,25809.23,6054571,454092825,469976.22,495785.45,32615.68,15.20083132,14863.94,11376797,14546571.15,18.20961803,10263.1,10443.55,10074.8,10388.75
2017-12-19,NIFTY,123489,9261675,9675.7,2405169,180387675,187391.05,197066.75,31093.76,6.337823087,14516.83,10936473,14698397.59,19.36718274,10414.8,10472.2,10406,10463.2
2017-12-20,NIFTY,139043,10428225,10933.54,2712771,203457825,212428.87,223362.41,34329.08,6.506507311,19717.16,12314401,14724987.48,19.42910256,10494.4,10494.45,10437.15,10444.2
2017-12-21,NIFTY,122404,9180300,9613.24,1763903,132292725,138184.52,147797.76,32518.93,4.544976111,24183.52,11461099,14777937.98,14.37439615,10473.95,10473.95,10426.9,10440.3
2017-12-22,NIFTY,157041,11778075,12368.5,2747389,206054175,214942.98,227311.48,30475.76,7.458763293,19624.68,10578800,14852758.35,17.37825767,10457.3,10501.1,10448.25,10493
2017-12-26,NIFTY,140133,10509975,11063.9,2567059,192529425,201440.01,212503.91,29809.65,7.128695238,21006.27,9875343,14920574.73,18.20696228,10512.3,10545.45,10477.95,10531.5
2017-12-27,NIFTY,254670,19100250,20141.34,4464821,334861575,352467.3,372608.64,32213.06,11.56700543,25411.58,11024194,14866785.96,17.49969466,10531.05,10552.4,10469.25,10490.75
2017-12-28,NIFTY,413129,30984675,32594.55,6022819,451711425,474222.15,506816.7,40832.14,12.41220029,29908.41,11030055,14869696.38,14.54912401,10498.2,10534.55,10460.45,10477.9
2017-12-29,NIFTY,110162,8262150,8714.67,974960,73122000,77172.05,85886.72,34503.45,2.489221223,32706.41,11331440,14982295.75,8.855418507,10492.35,10538.7,10488.65,10530.7
2018-01-01,NIFTY,105422,7906650,8317,890011,66750825,70546.59,78863.59,28341.05,2.782662957,28715.2,9086475,14922253.79,8.482215943,10531.7,10537.85,10423.1,10435.55
2018-01-02,NIFTY,129852,9738900,10197.37,1520377,114028275,120304.71,130502.08,31951.74,4.08434971,27113.28,10809792,14881145.25,11.79762135,10477.55,10495.2,10404.65,10442.2
2018-01-03,NIFTY,127105,9532875,10007.72,1431162,107337150,113191.12,123198.84,33291.76,3.700580564,21861.83,11685256,14932724.97,11.31038039,10482.65,10503.6,10429.55,10443.2
2018-01-04,NIFTY,95665,7174875,7536.15,1224520,91839000,96673.34,104209.49,36892.63,2.824669588,26283.76,12428791,15060958.35,12.82794796,10469.4,10513,10441.45,10504.8
2018-01-05,NIFTY,95675,7175625,7578.25,1400922,105069150,110868.04,118446.29,38342.91,3.089131472,26761.64,12791399,15170915.24,14.62976809,10534.25,10566.1,10520.1,10558.85
2018-01-08,NIFTY,80402,6030150,6408.06,1371194,102839550,108837.11,115245.17,37694.11,3.057378726,22544.33,13117295,15280165.56,16.9844087,10591.7,10631.2,10588.55,10623.6
2018-01-11,NIFTY,102418,7681350,8181.12,1581761,118632075,125751.32,133932.44,35305.76,3.793501117,20221.49,12354766,15308574.46,15.37091743,10637.05,10664.6,10612.35,10651.2
2018-01-12,NIFTY,153458,11509350,12268.99,2648741,198655575,211125.91,223394.9,38117.13,5.860748173,24230.62,12588175,15321627.92,17.20809211,10682.55,10690.4,10597.1,10681.25
2018-01-15,NIFTY,118478,8885850,9551.53,2379003,178425225,190980.18,200531.71,34037.93,5.891419073,19496.06,10985091,15351623.41,19.99472126,10718.5,10782.65,10713.8,10741.55
2018-01-16,NIFTY,130600,9795000,10504.81,2420793,181559475,194523.37,205028.18,38604.19,5.311034372,22338.75,13749922,15186371.8,18.51755244,10761.5,10762.35,10687.85,10700.45
2018-01-17,NIFTY,150934,11320050,12161.84,2968116,222608700,238804.77,250966.61,38740.38,6.478165934,24156.98,13136577,15279108.11,19.63557899,10702.45,10803,10666.75,10788.55
2018-01-18,NIFTY,172382,12928650,14015.61,3683342,276250650,298509.74,312525.35,42553.66,7.344264865,23365.75,13503667,15139614.9,21.2983766,10873.4,10887.5,10782.4,10817
2018-01-19,NIFTY,148893,11166975,12120.88,3731805,279885375,302804.55,314925.43,33320.51,9.451398853,16674.84,11153227,15243780.69,24.98205988,10829.2,10906.85,10793.9,10894.7
2018-01-22,NIFTY,203926,15294450,16716.01,3621724,271629300,295732.14,312448.15,35915.33,8.699576198,16329.57,11521053,15353879.56,17.69155079,10883.2,10975.1,10881.4,10966.2
2018-01-23,NIFTY,266072,19955400,22070.71,5690179,426763425,469962.89,492033.6,42482.86,11.5819321,19158.93,13623168,15464545.12,21.29351027,10997.4,11092.9,10994.55,11083.7
2018-01-24,NIFTY,248565,18642375,20678.56,4965456,372409200,411351.93,432030.49,42328.64,10.20657621,17392.49,13114055,15425905.58,19.89267773,11069.35,11110.1,11046.15,11086
2018-01-25,NIFTY,461768,34632600,38326.89,6951133,521334975,576011.66,614338.55,45562.13,13.48353446,19282.19,12264007,15334990.67,15.0289173,11095.6,11095.6,11009.2,11069.65
2018-01-29,NIFTY,113422,8506650,9484.53,1291945,96895875,108310.71,117795.24,35515.69,3.316709882,14592.44,12173442,15325798.17,11.41972349,11079.35,11171.55,11075.95,11130.4
2018-01-30,NIFTY,112298,8422350,9333.64,1474233,110567475,123606.38,132940.02,34631.47,3.838705663,16364.55,11542032,15212069.47,13.24310558,11120.85,11121.1,11033.9,11049.65
2018-01-31,NIFTY,129105,9682875,10696.14,1779197,133439775,148829.09,159525.23,37714.83,4.229774601,16063.94,12880450,15140452.62,13.91428029,11018.8,11058.5,10979.3,11027.7
2018-02-01,NIFTY,387956,29096700,32082.32,4461507,334613025,372113.7,404196.02,41637.97,9.707390154,17550.88,13607265,15131893.67,11.59871543,11044.55,11117.35,10878.8,11016.9
2018-02-02,NIFTY,255235,19142625,20777.07,3789061,284179575,313318.59,334095.66,47472.98,7.037596123,22355.48,15763261,14681932.78,15.08001802,10938.2,10954.95,10736.1,10760.6
2018-02-05,NIFTY,187192,14039400,14979.32,3102827,232712025,252193.9,267173.22,36898.47,7.240766894,17879.04,13400141,14610513.37,16.83613809,10604.3,10702.75,10586.8,10666.55
2018-02-06,NIFTY,443049,33228675,34626.53,5305251,397893825,421823.64,456450.17,39339.66,11.60279906,18708.92,14229699,14346163.65,12.1820939,10295.15,10594.15,10276.3,10498.25
2018-02-07,NIFTY,212444,15933300,16748.08,2772035,207902625,221563.68,238311.76,33746.25,7.061873838,15372.48,12048715,14421309.66,13.22919881,10607.2,10614,10446.4,10476.7
2018-02-08,NIFTY,231893,17391975,18392.82,2850530,213789750,227414.74,245807.56,34882.63,7.046703761,15848.08,12561289,14617918.82,12.36432151,10518.5,10637.8,10479.55,10576.85
2018-02-09,NIFTY,223237,16742775,17479.47,3112670,233450250,246997.26,264476.73,31582.68,8.374106631,15755.69,11468061,14556659.34,14.13070648,10416.5,10480.2,10398.2,10454.95
2018-02-12,NIFTY,141023,10576725,11130.08,2145218,160891350,170741.5,181871.58,30902.39,5.88535644,15351.45,10583311,14721804.71,15.34054562,10518.2,10555.5,10485.4,10539.75
2018-02-14,NIFTY,139975,10498125,11064.48,2458453,184383975,195780.24,206844.72,34739.18,5.95421999,17356.48,12426020,14685897.59,17.6944818,10585.75,10590.55,10456.65,10500.9
2018-02-15,NIFTY,194265,14569875,15401.08,3313564,248517300,263611.15,279012.23,31825.4,8.766966951,15763.97,10925120,14652807.77,17.11640677,10537.9,10618.1,10511.05,10545.5
2018-02-16,NIFTY,206626,15496950,16296.97,4462238,334667850,355884.57,372181.54,29800.48,12.48911226,14989.77,10146183,14507704.9,21.83746856,10596.2,10612.9,10434.05,10452.3
2018-02-19,NIFTY,305634,22922550,23775.39,5750598,431294850,452759.75,476535.14,28468.44,16.73906754,14540.44,9973096,14381889.86,19.04321023,10488.9,10489.35,10302.75,10378.4
2018-02-20,NIFTY,247514,18563550,19291.67,5327576,399568200,417913.21,437204.88,27137.05,16.11099512,13422.76,9635792,14385496.02,21.66288403,10391,10429.35,10347.65,10360.4
2018-02-21,NIFTY,218632,16397400,17020.72,5298810,397410750,414240.34,431261.06,28622.37,15.06727291,12104.8,10190353,14412277.38,24.33741581,10426,10426.1,10349.6,10397.45
2018-02-22,NIFTY,379192,28439400,29498.39,7020319,526523925,547718.46,577216.85,37006.85,15.59756775,15724.19,10656267,14348055.57,18.56774082,10354.35,10397.55,10340.65,10382.7
2018-02-26,NIFTY,103789,7784175,8240.7,1389500,104212500,110287.43,118528.13,29176.42,4.062463112,15336.13,10256657,14654981.09,13.38325992,10526.55,10592.95,10520.2,10582.6
2018-02-27,NIFTY,128386,9628950,10186.57,1467091,110031825,116556,126742.57,28193.66,4.49542805,14039.5,9785459,14613418.55,11.44212429,10615.2,10631.65,10537.25,10554.3
2018-03-05,NIFTY,171597,12869775,13332.48,2101473,157610475,165404.7,178737.18,28520.51,6.266969981,13612.61,10472162,14373679.77,12.40614649,10428.3,10428.7,10323.9,10358.85
2018-03-06,NIFTY,198602,14895150,15416.04,2241448,168108600,175959.31,191375.35,29914.1,6.397496498,14268.23,10657239,14231240.11,11.41404083,10420.5,10441.35,10215.9,10249.25
2018-03-07,NIFTY,222702,16702650,17046.47,2718955,203921625,211878.5,228924.97,30909.39,7.406324421,17254.06,11246770,14049473.15,12.42946487,10232.95,10243.35,10141.55,10154.2
2018-03-08,NIFTY,199323,14949225,15270.43,2426566,181992450,187915.65,203186.08,30327.15,6.699807928,17140.84,10801229,14113447.38,12.3058519,10216.25,10270.35,10146.4,10242.65
2018-03-09,NIFTY,159063,11929725,12235.33,2143068,160730100,166359.69,178595.02,25974.78,6.875708668,14362.32,9971035,14088483.42,13.59666556,10271.3,10296.7,10211.9,10226.85
2018-03-12,NIFTY,201039,15077925,15629.49,2650670,198800250,206724.32,222353.81,27068.13,8.214598127,15094.54,9500758,14264536.69,13.2265557,10301.6,10433.65,10295.45,10421.4
2018-03-13,NIFTY,209217,15691275,16384.08,3218171,241362825,252375.17,268759.25,44691.56,6.013646648,18440.8,11443562,14326441.96,15.40368272,10389.5,10478.6,10377.85,10426.85
2018-03-14,NIFTY,164971,12372825,12860.13,2265308,169898100,177179.92,190040.05,27629.63,6.878125042,15813.61,9205792,14315218.98,13.77745948,10393.05,10420.35,10336.3,10410.9
2018-03-15,NIFTY,121928,9144600,9508.76,1697115,127283625,132800.12,142308.88,28326.59,5.023862032,17119.07,9583112,14309959.77,13.9660818,10405.45,10420,10346.2,10360.15
2018-03-16,NIFTY,232138,17410350,17884.8,3367434,252557550,262288.04,280172.84,41936.96,6.680809482,21314.06,13537049,14116754.88,14.66541644,10345.15,10346.3,10180.25,10195.15
2018-03-19,NIFTY,214078,16055850,16314.07,3523117,264233775,272114.37,288428.44,27705.62,10.4104669,14979.42,9911217,13927897.1,16.67973535,10215.35,10224.55,10075.3,10094.25
2018-03-20,NIFTY,196336,14725200,14937.98,3112580,233443500,238911.46,253849.44,27610.57,9.193922472,14607.87,9660216,13951117.53,15.9935587,10051.55,10155.65,10049.1,10124.35
2018-03-21,NIFTY,199376,14953200,15265.23,3643209,273240675,280478.97,295744.2,28410.65,10.40962456,14814.44,10353900,13989510.26,18.37371399,10181.95,10227.3,10132.95,10155.25
2018-03-22,NIFTY,193205,14490375,14735.4,3516309,263723175,270194.33,284929.73,27478.66,10.36912753,14510.75,9919562,13907873.55,18.3364096,10167.5,10207.85,10105.4,10114.75
2018-03-23,NIFTY,249955,18746625,18761.46,5406633,405497475,411204.6,429966.06,32450.07,13.25008112,17114.19,10949076,13756689,21.91751601,9968.8,10027.7,9951.9,9998.05
2018-03-26,NIFTY,347976,26098200,26284.45,5467028,410027100,415163.76,441448.21,31018.64,14.23170745,17008.57,10558288,13936458.65,15.79503319,9989.15,10143.5,9958.55,10130.65
2018-03-27,NIFTY,276422,20731650,21131.56,5955332,446649900,455898.99,477030.55,33457.53,14.25779339,15588.79,11579084,14096661.14,21.57431775,10188,10207.9,10139.65,10184.15
2018-03-28,NIFTY,349565,26217375,26591.5,7106646,532998450,542608.41,569199.91,43434.65,13.10474264,19753.17,12491763,14044151.54,20.40533291,10143.6,10158.35,10096.9,10113.7
2018-04-02,NIFTY,122552,9191400,9393.21,1519713,113978475,117021.71,126414.92,26681.61,4.737904497,12461.28,10445493,14258035,12.45811709,10151.65,10220.1,10127.75,10211.8
2018-04-03,NIFTY,131465,9859875,10106.89,1496576,112243200,115817.39,125924.28,28252.91,4.457037523,14856.09,10221041,14356486.41,11.45925107,10186.85,10255.35,10171.05,10245
2018-04-04,NIFTY,211430,15857250,16193.37,2278273,170870475,175834.83,192028.2,32857.8,5.844219637,18220.45,11768235,14239068.16,10.85844577,10274.6,10279.85,10111.3,10128.4
2018-04-05,NIFTY,171584,12868800,13271.78,2059848,154488600,159293.22,172565,30418.5,5.673027927,16252.93,9755809,14492838.07,12.00240058,10228.45,10331.8,10227.45,10325.15
2018-04-06,NIFTY,105291,7896825,8165.79,1559689,116976675,120989.67,129155.46,28540.11,4.525401619,16296.32,9546539,14537357.73,14.81665215,10322.75,10350.45,10290.85,10331.6
2018-04-09,NIFTY,107553,8066475,8385.24,1604876,120365700,125229.78,133615.02,27875.82,4.793222944,13825.77,10059195,14591750.14,14.93454928,10333.7,10397.7,10328.5,10379.35
2018-04-10,NIFTY,108034,8102550,8441.64,1528459,114634425,119619.31,128060.95,27871.31,4.594723032,14405.46,10021485,14618851.18,14.17015059,10412.9,10424.85,10381.5,10402.25
2018-04-11,NIFTY,111686,8376450,8715.24,1677796,125834700,131176.22,139891.46,29880.7,4.681666092,14415.66,9600122,14635713.04,15.05136061,10428.15,10428.15,10355.6,10417.15
2018-04-12,NIFTY,120151,9011325,9411.92,1654327,124074525,129119.85,138531.77,29398.17,4.71225828,14087.84,9852021,14648478.53,13.7187577,10410.65,10469.9,10395.25,10458.65
2018-04-13,NIFTY,122802,9210150,9662.87,2339645,175473375,183433.86,193096.73,29219.7,6.608443276,12906.95,9811017,14677669.38,18.98337243,10495.3,10519.9,10451.45,10480.6
2018-04-16,NIFTY,110204,8265300,8678.53,2126528,159489600,166537.34,175215.87,27754.74,6.313007076,12222.79,9348187,14749405.74,19.18957934,10398.3,10540.15,10396.35,10528.35
2018-04-17,NIFTY,103715,7778625,8198.81,2278641,170898075,179480.19,187679,28198.33,6.655677836,12241.66,10388693,14778603.6,21.89100491,10557.3,10560.45,10495.65,10548.7
2018-04-18,NIFTY,126560,9492000,10026.74,2444772,183357900,193317.27,203344.01,28009.66,7.259781447,14427.45,10065158,14756336.91,19.28017182,10578.9,10594.2,10509.7,10526.2
2018-04-19,NIFTY,85402,6405150,6771.98,1738668,130400100,137186.03,143958.01,30728.6,4.684821632,14674.33,10503298,14830739.84,20.2578906,10563.65,10572.2,10546.2,10565.3
2018-04-20,NIFTY,125645,9423375,9951.95,2919375,218953125,230023.08,239975.03,34021.46,7.053637028,13567.22,10767424,14839364.79,23.11336773,10560.35,10582.35,10527.45,10564.05
2018-04-23,NIFTY,178038,13352850,14157.74,3541696,265627200,280712.51,294870.25,32294.16,9.130760794,11906.35,10393120,14914986.95,19.82749436,10592.8,10638.35,10514.95,10584.7
2018-04-24,NIFTY,197657,14824275,15724.57,2992160,224412000,237565.58,253290.15,31982.11,7.91974482,14600.01,11016717,14935866.84,15.10792219,10578.1,10636.8,10569,10614.35
2018-04-25,NIFTY,267930,20094750,21270.57,4607468,345560100,366346.79,387617.36,32815.01,11.81219692,14480.91,11898566,14892015.31,17.22317691,10612.4,10612.6,10536.45,10570.55
2018-04-26,NIFTY,348931,26169825,27728.09,4947471,371060325,393175.38,420903.47,41585.85,10.12131458,17022.61,11518956,14929654.65,14.17967772,10586.5,10628.4,10559.65,10617.8
2018-04-27,NIFTY,113857,8539275,9147.32,1316316,98723700,105656.07,114803.39,34482.39,3.329333901,13280.39,10776526,14994225.46,11.55049457,10651.65,10719.8,10647.55,10692.3
2018-04-30,NIFTY,68741,5155575,5553.23,981420,73606500,79151.86,84705.09,28571.39,2.964682152,12300.88,9921677,15092002.34,14.25330123,10705.75,10759,10704.6,10739.35
2018-05-02,NIFTY,91424,6856800,7373.17,1083129,81234675,87427.35,94800.52,35016.49,2.707310756,15455.52,11796715,14966387.2,11.8574982,10783.85,10784.65,10689.8,10718.05
2018-05-03,NIFTY,100852,7563900,8094.81,1174618,88096350,94809,102903.81,32233.68,3.192431333,14766.08,11813200,14853613.28,11.71231938,10720.15,10720.6,10647.45,10679.65
2018-05-04,NIFTY,91311,6848325,7302.93,1132897,84967275,91166.64,98469.57,29432.83,3.345569216,14374.44,10806642,14775297.38,12.48357029,10700.45,10700.45,10601.6,10618.25
2018-05-07,NIFTY,77400,5805000,6217.63,934761,70107075,75323.55,81541.18,28640.88,2.847020762,12832.11,10284776,14880103.32,12.11451148,10653.15,10725.65,10635.65,10715.5
2018-05-08,NIFTY,90347,6776025,7271.82,971948,72896100,78695.73,85967.55,34185.15,2.514762989,15534.89,11521333,14885410.17,10.82201292,10757.9,10758.55,10689.4,10717.8
2018-05-09,NIFTY,85660,6424500,6912.22,984122,73809150,79635.29,86547.51,28965.32,2.987970097,12750.19,10047350,14882290.73,11.52094262,10693.35,10766.25,10689.85,10741.7
2018-05-10,NIFTY,89598,6719850,7222.51,1047231,78542325,84747.74,91970.25,28773.01,3.19640698,14036.69,10046626,14785597.85,11.73383491,10779.65,10785.55,10705,10716.55
2018-05-11,NIFTY,111759,8381925,9040.13,1432808,107460600,115847.25,124887.38,28628.69,4.362315565,13200.37,10250802,14843211.13,12.814777,10741.95,10812.05,10724.45,10806.5
2018-05-14,NIFTY,80857,6064275,6559.3,1441752,108131400,116772.8,123332.1,27402.41,4.500775662,12983.17,9331765,14790982.64,17.80263138,10815.15,10834.85,10774.75,10806.6
2018-05-15,NIFTY,193412,14505900,15766.08,3674284,275571300,298629.49,314395.57,33295.81,9.442496518,15428.74,11903814,14745721.3,18.94126441,10812.6,10929.2,10781.4,10801.85
2018-05-16,NIFTY,136088,10206600,10987.86,2437773,182832975,197494.18,208482.04,29759.39,7.005588488,15854.76,10658397,14699747.58,17.97385296,10751.95,10790.45,10699.7,10741.1
2018-05-17,NIFTY,103331,7749825,8311.51,1599597,119969775,129375.17,137686.68,30694.61,4.485695697,19786.8,10873318,14694197.35,15.56578408,10775.6,10777.25,10664.5,10682.7
2018-05-18,NIFTY,131830,9887250,10511.68,2284976,171373200,183789,194300.68,32483.65,5.981491612,20964.1,11217342,14539497.97,17.48426512,10671.85,10674.95,10589.1,10596.4
2018-05-21,NIFTY,123345,9250875,9774.6,2524295,189322125,201674.38,211448.98,29839.51,7.086208185,16363.51,11098361,14377744.94,20.63249442,10616.7,10621.7,10505.8,10516.7
2018-05-22,NIFTY,106751,8006325,8442.51,2268693,170151975,180990.93,189433.44,30181.79,6.276415017,16214.13,11543479,14443872.18,21.43804745,10518.45,10558.6,10490.55,10536.7
2018-05-23,NIFTY,149263,11194725,11728.38,2914599,218594925,231451.76,243180.14,30752.56,7.907638909,13860.09,11548940,14333275.29,19.7343333,10521.1,10533.55,10417.8,10430.35
2018-05-24,NIFTY,147431,11057325,11574.62,2879202,215940150,227280.32,238854.94,28863.34,8.275374229,13268.62,10481860,14380046.83,19.63609345,10464.85,10535.15,10419.8,10513.85
2018-05-25,NIFTY,174184,13063800,13836.81,3726754,279506550,296040.96,309877.77,30928.78,10.01907511,13602.1,12093661,14551426.77,21.39517418,10533.05,10628.05,10524,10605.15
2018-05-28,NIFTY,139753,10481475,11192.33,3041118,228083850,243470.95,254663.28,30128.42,8.452593266,14205.37,11263802,14705586.77,21.75337486,10648.35,10709.8,10640.55,10688.65
2018-05-29,NIFTY,234157,17561775,18710.18,4236386,317728950,339630.88,358341.06,30346.75,11.80821867,15095.12,11326063,14668950.12,18.15219736,10689.4,10717.25,10616.1,10633.3
2018-05-30,NIFTY,266186,19963950,21144.65,5513317,413498775,439867.12,461011.77,30221.98,15.25418818,15682.63,11703776,14651643.57,20.80276193,10579,10648.7,10558.45,10614.35
2018-05-31,NIFTY,318019,23851425,25460.65,5065105,379882875,405242.14,430702.79,59237.57,7.270770729,25895.16,15150626,14693260.03,15.91640983,10670.1,10763.8,10620.4,10736.15
2018-06-01,NIFTY,114633,8597475,9206.35,1460323,109524225,118050.07,127256.42,29523.11,4.310400225,16590.79,10724055,14573929.4,12.82267891,10738.45,10764.75,10681.5,10696.2
2018-06-04,NIFTY,133284,9996300,10640.34,1500246,112518450,121008.91,131649.25,28487.49,4.621300437,12482.71,10493947,14427471.31,11.37265445,10765.95,10770.3,10618.35,10628.5
2018-06-05,NIFTY,118955,8921625,9446.97,1477523,110814225,118523.87,127970.84,27802.38,4.602873567,15096.91,11947253,14273557.47,12.54623123,10630.7,10633.15,10550.9,10593.15
2018-06-06,NIFTY,139731,10479825,11155.86,1613248,120993600,129440.26,140596.12,27089.21,5.190115179,15365.75,11580849,14443614.06,11.60289391,10603.45,10698.35,10587.5,10684.65
2018-06-07,NIFTY,128152,9611400,10355.12,1750343,131275725,141251.51,151606.63,29490.98,5.140779655,15294.33,10883812,14609208.49,13.64074101,10722.6,10818,10722.6,10768.35
2018-06-08,NIFTY,118129,8859675,9500.84,1581268,118595100,127622.63,137123.47,28512.79,4.809191594,13150.44,10448649,14656416.27,13.43277331,10736.4,10779.45,10709.05,10767.65
2018-06-11,NIFTY,99676,7475700,8076.57,1562109,117158175,126857.47,134934.04,26706.03,5.052568278,12553.7,10405096,14702297.59,15.70684957,10781.85,10850.55,10777.05,10786.95
2018-06-12,NIFTY,103242,7743150,8380.01,1525364,114402300,123799.14,132179.15,27770.94,4.759621028,13014.71,10811731,14790850.69,14.77314944,10816.15,10856.55,10789.4,10842.85
2018-06-13,NIFTY,84592,6344400,6885.2,1380981,103573575,112281.41,119166.61,29082.3,4.097564842,13170.64,10561263,14792661.96,16.30764684,10887.5,10893.25,10842.65,10856.7
2018-06-14,NIFTY,106681,8001075,8643.82,1593136,119485200,128916.77,137560.59,26350.92,5.220333484,12004.58,9516649,14745723.83,14.91432839,10832.9,10833.7,10773.55,10808.05
2018-06-15,NIFTY,157282,11796150,12729.95,2401730,180129750,194562.04,207291.99,37545.88,5.521031602,14463.6,12495453,14716449.46,15.28380237,10808.65,10834,10755.4,10817.7
2018-06-18,NIFTY,79744,5980800,6458.15,1442792,108209400,117025.56,123483.71,23184.81,5.326060899,10825.69,8931233,14673991.91,18.1206011,10830.2,10830.2,10787.35,10799.85
2018-06-19,NIFTY,131141,9835575,10552.59,2287001,171525075,185031.25,195583.84,26499.4,7.380689374,13137.46,10508185,14531693.13,17.5342025,10789.45,10789.45,10701.2,10710.45
2018-06-20,NIFTY,121366,9102450,9801.04,1912835,143462625,154695.07,164496.11,25095.71,6.554750194,12163.57,10106790,14572227.92,15.78353624,10734.65,10781.8,10724.05,10772.05
2018-06-21,NIFTY,111835,8387625,9025.61,2089014,156676050,169187.4,178213.01,24978.06,7.134781885,11130.69,10226255,14504009.19,18.74525932,10808.45,10809.6,10725.9,10741.1
2018-06-22,NIFTY,140610,10545750,11367.72,2927751,219581325,236729.16,248096.88,26822.92,9.24943593,10953.85,10013331,14565986.94,20.82468252,10742.7,10837,10710.45,10821.85
2018-06-25,NIFTY,183423,13756725,14837.96,3059397,229454775,248397.88,263235.84,24461.16,10.76138008,10723.52,9139298,14464042.91,16.7407029,10822.9,10831.05,10753.05,10762.45
2018-06-26,NIFTY,222197,16664775,17945.89,3587561,269067075,290696.29,308642.18,26079.58,11.83463001,11788.81,10039176,14452278.04,16.19848834,10742.7,10805.25,10732.55,10769.15
2018-06-27,NIFTY,289753,21731475,23260.48,5224566,391842450,422235.22,445495.7,28959.7,15.38329817,14112.21,11211375,14268490.04,18.15247235,10785.5,10785.5,10652.4,10671.4
2018-06-28,NIFTY,401405,30105375,31945.43,6510074,488255550,522231.98,554177.41,37876.38,14.6312137,18458.69,11416567,14105313.78,16.34762719,10660.8,10674.2,10557.7,10589.1
2018-06-29,NIFTY,141134,10585050,11292.16,1290664,96799800,104101.2,115393.36,29376.44,3.928092036,13723.71,11044526,14329071.96,9.218891691,10612.85,10723.05,10612.35,10714.3
2018-07-02,NIFTY,126816,9511200,10122.85,1445263,108394725,116432.78,126555.63,28641.58,4.418598066,14765.63,10028225,14249089.67,11.50197622,10732.35,10736.15,10604.65,10657.3
2018-07-03,NIFTY,122419,9181425,9823.23,1407012,105525900,113503.8,123327.03,24545.32,5.024462097,11565.3,9553684,14317945.13,11.55463122,10668.6,10713.3,10630.25,10699.9
2018-07-04,NIFTY,114264,8569800,9194.55,1350938,101320350,109125.64,118320.19,25099.64,4.714019404,10985.44,9092612,14370714.3,11.86851341,10715,10777.15,10677.75,10769.9
2018-07-05,NIFTY,89647,6723525,7236.14,1183404,88755300,95738.44,102974.58,26064.32,3.95078713,11392.68,9076471,14332633.17,13.23059532,10786.05,10786.05,10726.25,10749.75
2018-07-06,NIFTY,110228,8267100,8915.6,1584017,118801275,128608.27,137523.87,28712.09,4.789754769,12435.38,10248840,14403906.25,14.425083,10744.15,10816.35,10735.05,10772.65
2018-07-09,NIFTY,91272,6845400,7426.19,1272013,95400975,103556.23,110982.42,24397.4,4.54894456,12094.41,9172836,14541744.7,13.94473209,10838.3,10860.35,10807.15,10852.9
2018-07-10,NIFTY,110803,8310225,9080.07,1606715,120503625,131514.06,140594.13,27678.65,5.079515439,13136.35,10596357,14672085.5,14.48381565,10902.75,10956.9,10876.65,10947.25
2018-07-11,NIFTY,107372,8052900,8809.69,1593377,119503275,130542.62,139352.31,30291.4,4.60039186,13402.94,10564973,14655032.31,14.81807192,10956.4,10976.65,10923,10948.3
2018-07-12,NIFTY,138105,10357875,11428.21,2193799,164534925,181135.8,192564.01,30463.8,6.321076491,13889.98,11034310,14691944.68,15.84988375,11006.95,11078.3,10999.65,11023.2
2018-07-13,NIFTY,113347,8501025,9370.94,1826887,137016525,151140.76,160511.7,29592.72,5.424026585,14671.67,10370598,14631611.01,16.12866585,11056.9,11071.35,10999.75,11018.9
2018-07-16,NIFTY,108915,8168625,8968.27,1900510,142538250,156767.78,165736.05,27765.97,5.969035117,13198.4,10232503,14419300.13,17.48026988,11018.95,11019.5,10926.25,10936.85
2018-07-17,NIFTY,125864,9439800,10376.41,2066750,155006250,170336.77,180713.18,28288.38,6.388247754,15729.5,10790611,14552447.79,16.41577097,10939.65,11018.5,10925.6,11008.05
2018-07-18,NIFTY,148437,11132775,12260.82,2879755,215981625,237322.51,249583.33,29630.86,8.423087619,15358.23,11246426,14478986.81,19.35616949,11060.2,11076.2,10956.3,10980.45
2018-07-19,NIFTY,123733,9279975,10188.62,2079981,155998575,171065.66,181254.28,27888.39,6.499273712,13560.73,10517502,14422039.46,16.78987537,10999.5,11006.5,10935.45,10957.1
2018-07-20,NIFTY,121268,9095100,10019.46,2019463,151459725,166734.09,176753.55,29179.54,6.05744813,12605.4,10247600,14502276.14,16.64102556,10963.5,11030.25,10946.2,11010.2
2018-07-23,NIFTY,139146,10435950,11550.38,2514663,188599725,207857.84,219408.22,31562.17,6.951620247,14606.69,10878107,14633213.11,17.99575772,11019.85,11093.4,11010.95,11084.75
2018-07-24,NIFTY,225337,16900275,18830.22,3104187,232814025,258215.1,277045.32,34563.31,8.015589942,18103.16,12537359,14798442.79,13.71280314,11109,11143.4,11092.5,11134.3
2018-07-25,NIFTY,203109,15233175,16989.19,3112729,233454675,259468.92,276458.11,32393.16,8.534459435,15632.29,11553009,14789584.28,15.27258922,11148.4,11157.15,11113.25,11132
2018-07-26,NIFTY,307995,23099625,25819.91,4502310,337673250,376148.24,401968.15,43977.3,9.140355365,18122.58,12785844,14834352.32,14.56814683,11132.95,11185.85,11125.7,11167.3
2018-07-27,NIFTY,101135,7585125,8551.4,1149519,86213925,97063.95,105615.35,33484.75,3.154132852,15494.21,11174505,14963897.77,11.35065019,11232.75,11283.4,11210.25,11278.35
2018-07-30,NIFTY,87716,6578700,7447.12,938980,70423500,79789.6,87236.72,33654.43,2.592131853,15606.27,11480783,15063126.91,10.71415527,11296.65,11328.1,11261.45,11319.55
2018-07-31,NIFTY,85879,6440925,7299.65,965430,72407250,82049.46,89349.11,34992.24,2.553397839,17038.49,11998544,15128449.08,11.24019097,11311.05,11366,11267.75,11356.5
2018-08-01,NIFTY,105331,7899825,8987.77,1172484,87936300,99979.33,108967.1,33806.18,3.223289351,16142.82,12071738,15165026.12,11.12393063,11359.8,11390.55,11313.55,11346.2
2018-08-02,NIFTY,100397,7529775,8512.69,1099743,82480725,93634.39,102147.08,30888.61,3.306949714,14337.67,11203255,15090310.96,10.99938915,11328.9,11328.9,11234.95,11244.7
2018-08-03,NIFTY,96799,7259925,8250.65,1131215,84841125,96164.56,104415.21,32614.32,3.201514243,16158.49,11025931,15227786.15,11.655392,11297.8,11368,11294.55,11360.8
2018-08-06,NIFTY,66588,4994100,5703.02,1033710,77528250,88293.52,93996.54,32611.57,2.882306494,14764.46,10694402,15306433.98,15.48188854,11401.5,11427.65,11370.6,11387.1
2018-08-07,NIFTY,74275,5570625,6358.07,1007163,75537225,86117.97,92476.04,32458.52,2.849052883,16438.35,11324083,15276755.06,13.54467157,11423.15,11428.95,11359.7,11389.45
2018-08-08,NIFTY,94517,7088775,8116.97,1313527,98514525,112299.75,120416.72,31854.34,3.780229633,15682.09,11369745,15327757.6,13.83518111,11412.5,11459.95,11379.3,11450
2018-08-09,NIFTY,65589,4919175,5650.44,1056150,79211250,90361.83,96012.27,34903.22,2.750814108,20071.48,11397787,15369688.14,15.99199885,11493.25,11495.2,11454.1,11470.7
2018-08-10,NIFTY,81986,6148950,7043.28,1093313,81998475,93881.31,100924.59,33596.48,3.004022743,16331.46,11059149,15292314.69,13.32920316,11474.95,11478.75,11419.65,11429.5
2018-08-13,NIFTY,110418,8281350,9431,1509048,113178600,129225.15,138656.15,29316.77,4.729584808,14777.46,10666136,15173095.27,13.70216838,11369.6,11406.3,11340.3,11355.75
2018-08-14,NIFTY,85769,6432675,7360.34,1186604,88995300,101517.79,108878.13,31003.12,3.511844292,14123.18,10837355,15273425.83,13.79254083,11381.7,11452.45,11370.8,11435.1
2018-08-16,NIFTY,104495,7837125,8953.16,1434690,107601750,123075.73,132028.89,34143.23,3.866912709,15705.42,11940527,15215931.43,13.74662466,11397.15,11449.85,11366.25,11385.05
2018-08-17,NIFTY,96836,7262700,8339.64,1510318,113273850,129759.05,138098.69,30335.43,4.552389401,15700.71,11121567,15347976.01,15.55931071,11437.15,11486.45,11431.8,11470.75
2018-08-20,NIFTY,79181,5938575,6869.26,1657807,124335525,143143.37,150012.63,31955.36,4.694443436,14561.2,11389124,15449309.97,20.83825186,11502.1,11565.3,11499.65,11551.75
2018-08-21,NIFTY,81432,6107400,7072.55,1421571,106617825,122805.92,129878.47,33006.87,3.934892039,15501.98,11419479,15490887.72,17.36374009,11576.2,11581.75,11539.6,11570.9
2018-08-23,NIFTY,108505,8137875,9432.27,1775187,133139025,153723.12,163155.39,37665.04,4.331746097,13326.28,13196609,15524183.38,16.29757418,11620.7,11620.7,11546.7,11582.75
2018-08-24,NIFTY,109111,8183325,9476.58,2190452,164283900,189891.55,199368.13,33765.97,5.904409973,14853.09,11074358,15498405.75,20.03798311,11566.6,11604.6,11532,11557.1
2018-08-27,NIFTY,174691,13101825,15316.36,2928565,219642375,255104.19,270420.55,29974.67,9.021635601,14174.43,10696090,15656310.38,16.65566688,11605.85,11700.95,11595.6,11691.95
2018-08-28,NIFTY,221407,16605525,19518.9,3043014,228226050,266916.94,286435.84,32636.51,8.776546267,15035.04,11584952,15687043.54,13.67479417,11731.95,11760.2,11710.5,11738.5
2018-08-29,NIFTY,241213,18090975,21260.46,3221101,241582575,282896.81,304157.27,35363.26,8.600939789,16351.38,11701834,15675926.95,13.30624126,11744.95,11753.2,11678.85,11691.9
2018-08-30,NIFTY,269141,20185575,23609.63,4485925,336444375,392643.3,416252.93,41144.29,10.11690638,18227.95,11688277,15695561.6,16.63064182,11694.75,11698.8,11639.7,11676.8
2018-08-31,NIFTY,129408,9705600,11390.42,1351625,101371875,119155.87,130546.29,42825.68,3.048317972,17579.75,13346616,15730917.99,10.46106026,11675.85,11727.65,11640.1,11680.5
2018-09-03,NIFTY,110192,8264400,9676.92,1226292,91971900,108045.44,117722.36,36009.32,3.269219191,15713.3,11027660,15622671.35,11.16527159,11751.8,11751.8,11567.4,11582.35
2018-09-04,NIFTY,141842,10638150,12340.79,1573386,118003950,137820.11,150160.9,35796.63,4.194833424,15332.72,11729869,15406748.14,11.16785149,11598.75,11602.55,11496.85,11520.3
2018-09-05,NIFTY,172909,12968175,14924.25,1948866,146164950,169655.66,184579.91,37075.89,4.978435042,16742.16,12974313,15334292.61,11.36778465,11514.85,11542.65,11393.85,11476.95
2018-09-06,NIFTY,164673,12350475,14256.2,1739789,130484175,151444.22,165700.42,34986.45,4.736131274,13982.36,12078169,15411697.72,10.62304261,11514.15,11562.25,11436.05,11536.9
2018-09-07,NIFTY,131027,9827025,11387.53,1494273,112070475,130242.68,141630.21,36966.93,3.831267839,14044.67,12659002,15511978.16,11.4373073,11558.25,11603,11484.4,11589.1
2018-09-10,NIFTY,141655,10624125,12244.98,1661158,124586850,144575.71,156820.69,33574.56,4.670818918,14625.13,11826618,15309846.28,11.80693721,11570.25,11573,11427.3,11438.1
2018-09-11,NIFTY,152657,11449275,13076.25,1910461,143284575,165664.35,178740.6,35712.35,5.005008071,14251.36,12035757,15100948.49,12.66910238,11476.85,11479.4,11274,11287.5
2018-09-12,NIFTY,166793,12509475,14215.41,2126580,159493500,182666.47,196881.88,33345.82,5.90424467,15824.53,12377387,15165197.38,12.84989107,11340.1,11380.75,11250.2,11369.9
2018-09-14,NIFTY,123875,9290625,10697.36,1766706,132502950,152782.03,163479.39,33720.65,4.848049786,13950.38,12227753,15374308.57,14.28221823,11443.5,11523.25,11430.55,11515.2
2018-09-17,NIFTY,136906,10267950,11735.5,1916119,143708925,165497.47,177232.97,29218.1,6.065862257,15125.03,10990879,15256333.58,14.10229389,11464.95,11464.95,11366.9,11377.75
2018-09-18,NIFTY,149691,11226825,12775.69,2346936,176020200,202141.58,214917.27,32077.64,6.699909033,17220.05,11617457,15122623.93,15.82236106,11381.55,11411.45,11268.95,11278.9
2018-09-19,NIFTY,154474,11585550,13111.25,2465415,184906125,211104.33,224215.58,33074.31,6.779146111,15234.39,11896163,15035131.43,16.10100715,11326.65,11332.05,11210.9,11234.35
2018-09-21,NIFTY,320293,24021975,26934.94,5547247,416043525,470057.3,496992.24,66046.89,7.524839398,28065.78,20423736,14840653.49,17.45158148,11271.3,11346.8,10866.45,11143.1
2018-09-24,NIFTY,271429,20357175,22517.52,4910050,368253750,411993.13,434510.65,42195.76,10.29749553,17690.33,14919220,14565532.2,18.29655886,11164.4,11170.15,10943.6,10967.4
2018-09-25,NIFTY,320724,24054300,26502.74,5743964,430797300,478515.26,505018,45803.59,11.02572964,20159.76,17078205,14626565.69,18.05531277,10969.95,11080.6,10882.85,11067.45
2018-09-26,NIFTY,275982,20698650,22927.31,5030521,377289075,419922.51,442849.82,35572.48,12.44922536,16913.98,13393395,14616934.32,18.31538501,11145.55,11145.55,10993.05,11053.8
2018-09-27,NIFTY,376596,28244700,31158.6,5935840,445188000,493876.6,525035.2,42009.69,12.49795464,17634.04,13650302,14471400.93,15.85041048,11079.8,11089.45,10953.35,10977.55
2018-09-28,NIFTY,222120,16659000,18339.54,1977366,148302450,166299.54,184639.08,45131.82,4.091106452,21293.55,17626580,14292302.04,9.067814133,11008.1,11034.1,10850.3,10930.45
2018-10-01,NIFTY,173736,13030200,14284.04,1898576,142393200,158369.04,172653.08,38663.41,4.465541968,18294.93,14657133,14341961.15,11.08713221,10930.9,11035.65,10821.55,11008.3
2018-10-03,NIFTY,186901,14017575,15364.53,1758654,131899050,146391.3,161755.83,39050.63,4.142207949,17286.56,15171780,14195157.63,9.527873615,10982.7,10989.05,10843.75,10858.25
2018-10-04,NIFTY,279432,20957400,22407.22,2486611,186495825,204302.72,226709.94,39917.13,5.679515035,16811.62,14705524,13865022.91,9.117718307,10754.7,10754.7,10547.25,10599.25
2018-10-05,NIFTY,287743,21580725,22591.86,3249810,243735750,263788.89,286380.75,39712.14,7.211415703,17483.84,15303520,13488581.13,11.67628031,10514.1,10540.65,10261.9,10316.45
2018-10-08,NIFTY,287150,21536250,22248.24,3158717,236903775,251053.97,273302.21,39122.53,6.985801021,17743.6,16772858,13439055.28,11.28421709,10310.15,10398.35,10198.4,10348.05
2018-10-09,NIFTY,194870,14615250,15138.28,2150665,161299875,171901.11,187039.39,33887.09,5.5194881,15599.14,14443589,13367393.31,11.35539242,10390.3,10397.6,10279.35,10301.05
2018-10-10,NIFTY,180156,13511700,14106.13,2141528,160614600,170040.57,184146.7,37739.57,4.879406416,17287.07,14568261,13669303.33,12.05437423,10331.85,10482.35,10318.25,10460.1
2018-10-11,NIFTY,282382,21178650,21705.59,3167423,237556725,248482.55,270188.14,38661.67,6.988527397,16767.77,16170898,13410935.11,11.44785974,10169.8,10335.95,10138.6,10234.65
2018-10-12,NIFTY,179464,13459800,14073.69,2527824,189586800,199830.83,213904.52,34129.53,6.267432338,15357.48,13325946,13713295.47,14.19889382,10331.55,10492.45,10322.15,10472.5
2018-10-15,NIFTY,191362,14352150,15029.67,2554365,191577375,203173.55,218203.22,27468.2,7.943848523,13927.59,11016724,13790802.09,13.5181644,10524.2,10526.3,10410.15,10512.5
2018-10-16,NIFTY,132537,9940275,10513.39,2167023,162526725,173012.73,183526.12,30742.66,5.969754081,14891.88,11532133,13933904.39,16.45641701,10550.15,10604.9,10525.3,10584.75
2018-10-17,NIFTY,206913,15518475,16406.92,3233807,242535525,257764.17,274171.09,33387.37,8.211820518,14783.32,12271918,13706270.1,15.71069829,10688.7,10710.15,10436.45,10453.05
2018-10-19,NIFTY,230345,17275875,17838.84,4296992,322274400,338534.52,356373.36,37263.23,9.563673358,15115.84,14800394,13544392.6,18.97738418,10339.7,10380.1,10249.6,10303.55
2018-10-22,NIFTY,244058,18304350,18879.82,4136175,310213125,324662.19,343542.01,30813.28,11.1491542,12718.8,12154655,13421972.97,17.19625452,10405.85,10408.55,10224,10245.25
2018-10-23,NIFTY,360496,27037200,27508.55,4845358,363401850,376917.09,404425.64,32275.65,12.53036391,12780.24,12650097,13262682.33,13.70181598,10152.6,10222.1,10102.35,10146.8
2018-10-24,NIFTY,397220,29791500,30423.64,6315747,473681025,489328.6,519752.24,33488.82,15.52017181,12702.04,12711197,13366482.28,16.08382823,10278.15,10290.65,10126.7,10224.75
2018-10-25,NIFTY,382673,28700475,29127.82,7226082,541956150,554362.51,583490.33,40813.3,14.29657318,17606.38,13353431,13251805.08,19.03206316,10135.05,10166.6,10079.3,10124.9
2018-10-26,NIFTY,216382,16228650,16386.69,1652420,123931500,129328.84,145715.53,31841.23,4.57631599,15165.92,12854946,13181274.3,7.892310161,10122.35,10128.85,10004.55,10030
2018-10-29,NIFTY,195097,14632275,14900.77,1468852,110163900,114726.71,129627.48,34041.4,3.807936219,16188.53,12336364,13488012.93,7.699381307,10078.1,10275.3,10020.35,10250.85
2018-10-30,NIFTY,153108,11483100,11781.31,1290459,96784425,101181.86,112963.17,32393.66,3.487199964,16367.36,13096326,13493084.41,8.588336951,10239.4,10285.1,10175.35,10198.4
2018-10-31,NIFTY,255642,19173150,19689.59,1965025,147376875,153088.49,172778.08,40138.16,4.304583967,15822.83,14990227,13693824.7,7.775097907,10209.55,10396,10105.1,10386.6
2018-11-01,NIFTY,158251,11868825,12345.51,1405396,105404700,110131.7,122477.21,37176.67,3.294464243,16657.16,13569241,13744489.98,8.920789826,10441.7,10441.9,10341.9,10380.45
2018-11-02,NIFTY,207845,15588375,16481.73,2269697,170227275,179479.92,195961.65,41785.08,4.689751701,19916.8,14838170,13920884.13,10.8896287,10462.3,10606.95,10457.7,10553
2018-11-05,NIFTY,116588,8744100,9215.43,1142086,85656450,90753.49,99968.92,29638.65,3.372924205,14528.95,12166538,13909417.09,9.847992986,10558.75,10558.8,10477,10524
2018-11-06,NIFTY,110812,8310900,8790.05,1207760,90582000,95951.87,104741.92,27435.32,3.817776501,12139.44,10830909,13890677.17,10.91596407,10552,10600.25,10491.45,10530
2018-11-07,NIFTY,39566,2967450,3149.8,324690,24351750,25895.35,29045.15,3961.46,7.331930652,3103.42,1922662,13993285.22,8.221268017,10614.7,10619.55,10544.85,10585.2
2018-11-09,NIFTY,124411,9330825,9903.09,1273923,95544225,101760.02,111663.11,29572.57,3.775901452,14465.49,12578721,14025873,10.27558267,10614.7,10619.55,10544.85,10585.2
2018-11-12,NIFTY,146424,10981800,11611.43,1559135,116935125,124508.6,136120.03,27416.73,4.964852847,13064.25,10826034,13885896.64,10.72293421,10607.8,10645.5,10464.05,10482.2
2018-11-13,NIFTY,154605,11595375,12235.8,1756769,131757675,139409.37,151645.17,27331.01,5.548465644,12977.13,11013964,13966195.7,11.39356397,10451.9,10596.25,10440.55,10582.5
2018-11-14,NIFTY,165991,12449325,13218.36,1847385,138553875,147567.01,160785.37,35973.53,4.469546636,15719.49,13249324,13967890.08,11.16379112,10634.9,10651.6,10532.7,10576.3
2018-11-15,NIFTY,124335,9325125,9920.81,1474929,110619675,117949.71,127870.52,31607.69,4.04555094,14482.03,11866468,14002885.2,11.88912095,10580.6,10646.5,10557.5,10616.7
2018-11-16,NIFTY,137422,10306650,11007.13,2044412,153330900,164600.33,175607.46,34986.14,5.01934366,15376.65,13370156,14057655.24,14.95397347,10644,10695.15,10631.15,10682.2
2018-11-19,NIFTY,110894,8317050,8932.7,1668012,125100900,134681.7,143614.4,27229.62,5.27419773,13388.91,10292931,14134896.88,15.07737862,10731.25,10774.7,10688.8,10763.4
2018-11-20,NIFTY,132812,9960900,10658.24,2086732,156504900,167789.03,178447.27,27000.71,6.608984356,13488.77,10438970,13988699.32,15.74265826,10740.1,10740.85,10640.85,10656.2
2018-11-21,NIFTY,171576,12868200,13673.28,2624882,196866150,210152.09,223825.37,28645.52,7.813625656,12550.31,10510829,13971160.5,15.36954483,10670.95,10671.3,10562.35,10600.05
2018-11-22,NIFTY,136923,10269225,10875.01,2248235,168617625,179705.28,190580.29,24489.58,7.78209712,11905.11,9895240,13877824.19,16.52460825,10612.65,10646.25,10512,10526.75
2018-11-26,NIFTY,230521,17289075,18296.95,3540056,265504200,281610.2,299907.15,29218.06,10.26444432,12395.18,11255454,13953843.34,15.3911007,10568.3,10637.8,10489.75,10628.6
2018-11-27,NIFTY,291963,21897225,23318.58,3980956,298571700,318291.11,341609.69,30770.73,11.10177399,13060.05,11392432,14010601.76,13.64967807,10621.45,10695.15,10596.35,10685.6
2018-11-28,NIFTY,264881,19866075,21333.5,3726828,279512100,299746.15,321079.65,33200.98,9.670788332,15485.23,12685113,13997384.77,14.05049101,10708.75,10757.8,10699.85,10728.85
2018-11-29,NIFTY,338664,25399800,27548.74,5642954,423221550,457698.59,485247.33,43142.02,11.24767292,19627.27,13317117,14078722.81,16.6141388,10808.7,10883.05,10782.35,10858.7
2018-11-30,NIFTY,124461,9334575,10178.63,1095121,82134075,90471.23,100649.86,40331.62,2.495557084,17850.04,14423583,14122534.52,8.888350397,10892.1,10922.45,10835.1,10876.75
2018-12-03,NIFTY,107786,8083950,8824.74,981808,73635600,80749.74,89574.48,33329.06,2.687578948,16666.63,11748265,14184765.83,9.150381768,10930.7,10941.2,10845.35,10883.75
2018-12-04,NIFTY,87796,6584700,7178.59,734674,55100550,60495.68,67674.27,29479.3,2.2956539,14972.79,11233772,14186819.01,8.427237104,10877.1,10890.95,10833.35,10869.5
2018-12-05,NIFTY,116839,8762925,9490.65,968522,72639150,79545.02,89035.67,29231.12,3.045920581,13763.02,11200072,14051402.44,8.381409071,10820.45,10821.05,10747.95,10782.9
2018-12-06,NIFTY,156387,11729025,12533.52,1525695,114427125,124225.11,136758.63,30379.16,4.501725196,14162.84,12792449,13824304.79,9.911430308,10718.15,10722.65,10588.25,10601.15
2018-12-07,NIFTY,132489,9936675,10619.21,1368082,102606150,111252.19,121871.4,31646.41,3.851033972,14279.89,11563119,13882599.6,10.47650343,10644.8,10704.55,10599.35,10693.7
2018-12-10,NIFTY,129125,9684375,10214.18,1858671,139400325,149628.8,159842.98,28206.56,5.666872529,16344.28,10680617,13632727.86,14.64912504,10508.7,10558.85,10474.95,10488.45
2018-12-11,NIFTY,260641,19548075,20509.17,4086530,306489750,325271.33,345780.5,33258.72,10.39668694,15815.9,12208572,13771638.16,15.85979979,10350.05,10567.15,10333.85,10549.15
2018-12-12,NIFTY,160440,12033000,12885.53,2204283,165321225,176994.93,189880.46,32070.56,5.920709211,15900.3,11482558,14053239.6,13.73594489,10591,10752.2,10560.8,10737.6
2018-12-13,NIFTY,144923,10869225,11772.88,2138843,160413225,173446.36,185219.24,33461.45,5.535302266,15446.79,12723685,14125484.63,14.73270432,10810.75,10838.6,10749.5,10791.55
2018-12-14,NIFTY,111552,8366400,9045.21,1655797,124184775,134635.17,143680.38,29339.55,4.897156909,16009.65,11379602,14162137.55,14.88469256,10784.5,10815.75,10752.1,10805.45
2018-12-17,NIFTY,98928,7419600,8084.78,1845368,138402600,151271.02,159355.8,24844.58,6.414107222,11309.91,9637071,14254524.15,18.710592,10853.2,10900.35,10844.85,10888.35
2018-12-18,NIFTY,117144,8785800,9568.19,2077290,155796750,170186.86,179755.05,27224.97,6.602580278,12751.2,10432926,14301399,17.786735,10850.9,10915.4,10819.1,10908.7
2018-12-19,NIFTY,109364,8202300,9010.29,1968028,147602100,162056.66,171066.95,35434.47,4.827698848,16977.85,13238299,14412746.32,17.98573187,10930.55,10985.15,10928,10967.3
2018-12-20,NIFTY,148904,11167800,12222.84,2469098,185182350,202521.56,214744.4,30815.95,6.968612034,14853.57,11137583,14383527.71,16.56910833,10885.2,10962.55,10880.05,10951.7
2018-12-21,NIFTY,245360,18402000,19965.53,4527494,339562050,370861.7,390827.23,36061.71,10.83773426,15859.47,12549552,14167749.26,18.57509918,10944.25,10963.65,10738.65,10754
2018-12-24,NIFTY,302137,22660275,24359.75,4062295,304672125,329572.04,353931.79,24197.87,14.62656796,11898.28,8951076,14039382.44,13.52936873,10780.9,10782.3,10649.25,10663.5
2018-12-26,NIFTY,418915,31418625,33455.42,6763757,507281775,543734.46,577189.88,27416.78,21.05243139,12479.23,9494120,14070330.62,16.25250737,10635.45,10747.5,10534.55,10729.85
2018-12-27,NIFTY,328877,24665775,26670.94,6346008,475950600,515522.34,542193.28,35800.19,15.14498331,16576.78,10213682,14135218.88,19.32899028,10817.9,10834.2,10764.45,10779.8
2018-12-28,NIFTY,114572,8592900,9379.26,1080885,81066375,88794.77,98174.03,25670.03,3.824461054,11647.53,8979433,14246044.19,9.467140265,10820.95,10893.6,10817.15,10859.9
2018-12-31,NIFTY,94804,7110300,7769.41,886755,66506625,73172.4,80941.81,22048.97,3.671001865,10081.31,8238718,14279082.51,9.418012436,10913.2,10923.55,10853.2,10862.55
2019-01-01,NIFTY,91490,6861750,7481.45,949461,71209575,78093.62,85575.07,18048.51,4.741392503,8859.44,5787072,14309027.79,10.43830006,10881.7,10923.6,10807.1,10910.1
2019-01-02,NIFTY,198500,14887500,16151.06,1840676,138050700,151431.47,167582.53,28239.02,5.934431506,12880.07,9452431,14170736.68,9.375946223,10868.85,10895.35,10735.05,10792.5
2019-01-03,NIFTY,155860,11689500,12592.19,1680796,126059700,137449.68,150041.87,27159.36,5.524499473,11551.68,10306556,14046118.8,10.91547062,10796.8,10814.05,10661.25,10672.25
2019-01-04,NIFTY,177305,13297875,14290.88,1947777,146083275,158840.79,173131.67,28006.86,6.181759398,13188.85,10278549,14092354.71,11.11483618,10699.7,10741.05,10628.65,10727.35
2019-01-07,NIFTY,142171,10662825,11562.22,1518316,113873700,124312.79,135875.01,24601.74,5.52298374,11382.56,8400127,14119235.56,10.7516368,10804.85,10835.95,10750.15,10771.8
2019-01-08,NIFTY,134594,10094550,10928.22,1411953,105896475,115381.01,126309.23,26091.06,4.841092313,11442.82,9409773,14141085.6,10.55807899,10786.25,10818.45,10733.25,10802.15
2019-01-09,NIFTY,169701,12727575,13820.07,1850085,138756375,151230.45,165050.52,29799.93,5.538621064,12675.58,10916246,14159596.56,10.9428136,10862.4,10870.4,10749.4,10855.15
2019-01-10,NIFTY,97855,7339125,7973.74,1208178,90613350,98906.14,106879.88,23877.89,4.476102369,10862.93,9360673,14160716.96,12.40398358,10859.35,10859.35,10801.8,10821.6
2019-01-11,NIFTY,128405,9630375,10424.46,1572643,117948225,128809.44,139233.9,24619.41,5.655452344,10223.69,8940911,14115095.73,12.35646163,10834.75,10850.15,10739.4,10794.95
2019-01-14,NIFTY,106347,7976025,8581.45,1431991,107399325,116810.18,125391.63,24923.65,5.031029966,10437.46,9129407,14026705.15,13.61193971,10807,10808,10692.35,10737.6
2019-01-15,NIFTY,159222,11941650,12999.31,1952287,146421525,159317.93,172317.24,27885.59,6.179436763,11346.03,9487111,14182983.18,12.25587589,10777.55,10896.95,10777.55,10886.8
2019-01-16,NIFTY,124019,9301425,10176.72,1712955,128471625,140778.41,150955.13,26888.62,5.614089901,11614.99,10091357,14188028.85,13.83337755,10899.65,10928.15,10876.9,10890.3
2019-01-17,NIFTY,133473,10010475,10931.19,1767156,132536700,144963.22,155894.41,27590.51,5.650290988,11764.83,10041423,14181213.55,13.26143082,10920.85,10930.65,10844.65,10905.2
2019-01-18,NIFTY,116858,8764350,9568.9,1848080,138606000,151719.58,161288.48,28532.06,5.652885911,11089.95,10231730,14135397.23,15.85548809,10914.85,10928.2,10852.2,10906.95
2019-01-21,NIFTY,120214,9016050,9895.38,1800910,135068250,148444.84,158340.22,29055.07,5.449658872,11415.47,9916829,14147925,15.00142895,10919.35,10987.45,10885.75,10961.85
2019-01-22,NIFTY,110632,8297400,9065.41,1587673,119075475,130730.83,139796.24,31362.79,4.457391705,11902.74,11243659,14111699.32,14.42084031,10949.8,10949.8,10864.15,10922.75
2019-01-23,NIFTY,118041,8853075,9659.52,1763291,132246825,144893.18,154552.7,27522.34,5.615536324,11438.56,9660162,14032199.46,15.00003934,10931.05,10944.8,10811.95,10831.5
2019-01-24,NIFTY,124543,9340725,10137.57,1829997,137249775,149715.38,159852.95,28615.23,5.586289189,11383.08,10443098,14025085.66,14.76836954,10844.05,10866.6,10798.65,10849.8
2019-01-25,NIFTY,188391,14129325,15371.2,3236252,242718900,264964.37,280335.57,35103.53,7.985965229,14430.98,12492253,13895775.56,17.23771534,10859.75,10931.7,10756.45,10780.55
2019-01-28,NIFTY,210652,15798900,16932.71,3783335,283750125,306744.07,323676.78,35282.56,9.173846229,15299.78,13480797,13723991.36,18.11547413,10792.45,10804.45,10630.95,10661.55
2019-01-29,NIFTY,260720,19554000,20858.19,3553626,266521950,286518.87,307377.06,33411.65,9.199697112,14247.49,12796964,13745296,13.73651645,10653.7,10690.35,10583.65,10652.2
2019-01-30,NIFTY,277899,20842425,22238.28,4860111,364508325,391329.89,413568.17,34974.93,11.82470329,13457.89,12800096,13760167.36,17.59712936,10702.25,10710.2,10612.85,10651.8
2019-01-31,NIFTY,343932,25794900,27799.29,6612898,495967350,534301.16,562100.45,44296.82,12.68940863,18453.58,13983432,13916642.77,19.21995706,10690.55,10838.05,10678.55,10830.95
2019-02-01,NIFTY,260406,19530450,21336.79,2831051,212328825,233219.32,254556.11,40625.24,6.265959536,16774.22,14208303,13990132.19,10.93038456,10851.35,10983.45,10813.45,10893.65
2019-02-04,NIFTY,112594,8444550,9193.81,1375816,103186200,112878,122071.81,29790.53,4.097671643,18056.06,12268196,13948039.81,12.27760852,10876.75,10927.9,10814.15,10912.25
2019-02-05,NIFTY,95934,7195050,7876.78,999505,74962875,82297.54,90174.32,28844.23,3.126251593,21766.17,11170844,13911393.72,10.44811966,10908.65,10956.7,10886.7,10934.35
2019-02-06,NIFTY,150509,11288175,12474.8,1577835,118337625,130626.46,143101.26,32344.63,4.424266408,19973.98,12551500,14031504.48,10.47122679,10965.1,11072.6,10962.7,11062.45
2019-02-07,NIFTY,127754,9581550,10641.26,1507361,113052075,125433.64,136074.9,30954.86,4.395913921,19264.8,12212603,14120324.72,11.78748005,11070.45,11118.1,11043.6,11069.4
2019-02-08,NIFTY,155688,11676600,12852.67,1949711,146228325,161949.44,174802.11,30054.38,5.816194179,16795.54,12043604,13953210.58,12.60045111,11023.5,11041.2,10925.45,10943.6
2019-02-11,NIFTY,109771,8232825,8978.55,2186873,164015475,179953.95,188932.5,27308.2,6.918526303,13348.19,10837146,13825131.16,20.04265165,10930.9,10930.9,10857.1,10888.8
2019-02-12,NIFTY,112117,8408775,9159.7,2527428,189557100,207495.34,216655.04,27934.45,7.755836968,13496.98,11766806,13773580.62,22.65307161,10879.7,10910.9,10823.8,10831.4
2019-02-13,NIFTY,111624,8371800,9094.83,3026813,227010975,248073.15,257167.98,29238.16,8.795628042,15346.87,11602901,13710053.75,27.27628224,10870.55,10891.65,10772.1,10793.65
2019-02-14,NIFTY,148102,11107650,11972.69,4554050,341553750,369909.28,381881.97,34645.95,11.02241301,19886.5,13684636,13681943.22,30.89608768,10786.1,10792.7,10718.75,10746.05
2019-02-15,NIFTY,200085,15006375,16074.3,3647616,273571200,295152.22,311226.52,34630.95,8.986947225,16131.69,12408112,13611505.63,18.36174639,10780.25,10785.75,10620.4,10724.4
2019-02-18,NIFTY,118383,8878725,9493.83,2626260,196969500,212353.31,221847.14,29300.36,7.571481716,14552.47,10762037,13478771.18,22.36750711,10636.7,10722.85,10585.65,10604.35
2019-02-19,NIFTY,145482,10911150,11660.82,3828578,287143350,308656.84,320317.66,26096.69,12.2742639,12782.76,9921435,13466305.89,26.46956561,10636.7,10722.85,10585.65,10604.35
2019-02-20,NIFTY,154189,11564175,12385.03,4559084,341931300,366990.55,379375.58,26796.15,14.15783909,13784.65,10894020,13623884.25,29.63178531,10655.45,10752.7,10646.4,10735.45
2019-02-21,NIFTY,130529,9789675,10566.19,5606622,420496650,453385.44,463951.63,28448.32,16.30857745,15889.9,11820832,13722833.77,42.90907508,10744.1,10808.85,10721.5,10789.85
2019-02-22,NIFTY,95537,7165275,7742.96,2035735,152680125,165362.42,173105.38,38919.4,4.44779159,22098.05,11155582,13782983.99,21.35648641,10782.7,10801.55,10758.4,10791.65
2019-02-25,NIFTY,163842,12288150,13338.43,2791809,209385675,227280.27,240618.7,33085.71,7.272586866,22069.73,12052303,13873617.24,17.0395069,10813.25,10887.1,10788.05,10880.1
2019-02-26,NIFTY,302043,22653225,24523,5669335,425200125,460391.85,484914.85,33658.16,14.40705166,17629.21,11706560,13851846.51,18.77387962,10775.3,10888.75,10729.3,10835.3
2019-02-27,NIFTY,361207,27090525,29397.52,7569771,567732825,614974.65,644372.17,33809.01,19.05918481,17487.69,12571434,13853125.45,20.91926972,10881.2,10939.7,10751.2,10806.65
2019-02-28,NIFTY,272060,20404500,22127.5,7250998,543824850,589672.64,611800.14,42785.02,14.29940058,19875.2,12033081,13871449.35,26.64885956,10865.7,10865.7,10784.85,10792.5
2019-03-01,NIFTY,95659,7174425,7822.27,1777505,133312875,145293.86,153116.13,31272.94,4.896122015,18182.16,11013400,14012637.4,18.5743857,10842.65,10877.9,10823.1,10863.5
2019-03-05,NIFTY,135823,10186725,11160.5,3404885,255366375,279064.4,290224.9,37603.83,7.717961176,22244.1,15810884,14260396.3,25.00465033,10864.85,10994.9,10817,10987.45
2019-03-06,NIFTY,120402,9030150,9997.68,3888187,291614025,321321.43,331319.11,38811.66,8.536586943,21796.44,13835092,14348738.01,32.13959939,11024.85,11062.3,10998.85,11053
2019-03-07,NIFTY,105755,7931625,8800.57,5001998,375149850,414933.26,423733.83,32865.1,12.89312462,19193.08,12148598,14324129.79,47.14845288,11077.95,11089.05,11027.1,11058.2
2019-03-08,NIFTY,101494,7612050,8420.17,1973547,148016025,163846.54,172266.71,29136.02,5.912499717,16194.78,10895178,14297601.67,19.45881615,11038.85,11049,11008.95,11035.4
2019-03-11,NIFTY,124564,9342300,10439.07,2895594,217169550,241788.45,252227.52,34748.64,7.258629978,17581.29,12346682,14524773.63,23.16187649,11068.75,11180.9,11059.85,11168.05
2019-03-12,NIFTY,164407,12330525,13947.83,4319026,323926950,364668.9,378616.73,41200.89,9.189527945,18734,13941333,14652022.17,26.14520682,11231.35,11320.4,11227,11301.2
2019-03-13,NIFTY,139885,10491375,11910.88,4119822,308986650,349756.59,361667.47,39484.38,9.159760645,16951.95,12417162,14628165.56,29.36446258,11326.2,11352.3,11276.6,11341.7
2019-03-14,NIFTY,110329,8274675,9414.22,4955122,371634150,421488.59,430902.81,33743.23,12.77005224,15583.16,12012155,14616513.08,44.77148293,11382.5,11383.45,11313.75,11343.25
2019-03-15,NIFTY,186391,13979325,16040.64,3435544,257665800,294983.02,311023.66,47548.43,6.541197259,21151.18,13197743,14678662.42,18.38972884,11376.85,11487,11370.8,11426.85
2019-03-18,NIFTY,149537,11215275,12893.81,4041597,303119775,348319.09,361212.9,32733.87,11.03483639,15850.92,11331494,14697263.59,27.01444259,11473.85,11530.15,11412.5,11462.2
2019-03-19,NIFTY,117948,8846100,10205.09,3847902,288592650,331958.04,342163.13,34191.11,10.00737121,17563.74,11943664,14772518.07,32.52867344,11500.3,11543.85,11451.25,11532.4
2019-03-20,NIFTY,120027,9002025,10412.26,4584131,343809825,396087.09,406499.35,35524.98,11.44263417,17099.78,11468082,14719342.82,38.04045327,11553.35,11556.1,11503.1,11521.05
2019-03-22,NIFTY,206629,15497175,17873.87,3692518,276938850,319216.42,337090.29,36614.6,9.206444697,17841.75,11888159,14631168.87,17.85939027,11549.2,11572.8,11434.55,11456.9
2019-03-25,NIFTY,199624,14971800,17053.63,3536879,265265925,304237.6,321291.23,29885.98,10.75056699,14215.95,9742783,14505866.97,17.8400493,11395.65,11395.65,11311.6,11354.25
2019-03-26,NIFTY,238251,17868825,20475.24,4356954,326771550,374073.99,394549.23,32882.29,11.99883676,16708.05,10679369,14650134.83,18.26957779,11375.2,11496.75,11352.45,11483.25
2019-03-27,NIFTY,258927,19419525,22409.35,6489119,486683925,560370.02,582779.37,37992.93,15.3391531,18378.02,12362956,14639968.14,25.00608094,11531.45,11546.2,11413,11445.05
2019-03-28,NIFTY,283017,21226275,24569.5,7007793,525584475,605718.28,630287.78,48178.62,13.08231286,23371.67,13546967,14788697.68,24.65326034,11463.65,11588.5,11452.45,11570
2019-03-29,NIFTY,112260,8419500,9834.31,1943528,145764600,169985.79,179820.1,42804.99,4.200914426,24420.03,13562647,14934226.84,17.28497373,11625.45,11630.35,11570.15,11623.9
2019-04-01,NIFTY,139062,10429650,12282.53,2566611,192495825,225811.69,238094.22,38208.53,6.231441513,21927.87,12725657,15035116.64,18.38478636,11665.2,11738.1,11644.75,11669.15
2019-04-02,NIFTY,99960,7497000,8813.1,2599907,194993025,228712,237525.1,36413.23,6.52304396,19173.35,12409098,15066896.52,25.95136785,11711.55,11729.35,11655.85,11713.2
2019-04-03,NIFTY,117015,8776125,10346.34,3596020,269701500,317106.45,327452.79,36768.77,8.905731413,16957.92,12124195,14973643.19,30.6491426,11735.3,11761,11629.15,11643.95
2019-04-04,NIFTY,121794,9134550,10690.01,5658386,424378950,495497.6,506187.61,35621.24,14.21027482,17277.55,11973441,14916841.69,46.35146272,11660.2,11662.55,11559.2,11598
2019-04-05,NIFTY,101234,7592550,8906.35,2224359,166826925,195414.31,204320.66,30163.82,6.77369975,14876.5,10369286,15004913.73,21.9410095,11638.4,11689.65,11609.5,11665.95
2019-04-08,NIFTY,127727,9579525,11202.14,3177999,238349925,279279.39,290481.53,31113.43,9.33621044,16364.05,11135117,14932147.87,24.93089624,11704.35,11710.3,11549.1,11604.5
2019-04-09,NIFTY,112931,8469825,9906.06,3518995,263924625,308362.47,318268.53,30493.34,10.43731287,14043.26,11451450,14990208.63,31.12866972,11612.05,11683.9,11569.7,11671.95
2019-04-10,NIFTY,111691,8376825,9797.2,3983452,298758900,349419.55,359216.75,36842.8,9.749985072,14245.2,10747178,14922147.96,35.66524619,11646.85,11680.05,11571.75,11584.3
2019-04-11,NIFTY,88821,6661575,7758.96,5081596,381119700,443174.51,450933.47,28728.04,15.69663193,14681.65,10204274,14944784.65,57.11777223,11592.55,11606.7,11550.55,11596.7
2019-04-12,NIFTY,99404,7455300,8708.81,2322433,174182475,203376.59,212085.4,28765.18,7.372990539,14884.23,9969684,15001005.86,23.3529713,11612.85,11657.35,11578.8,11643.45
2019-04-15,NIFTY,72522,5439150,6375.03,2276236,170717700,199676.48,206051.51,30350.19,6.789134104,15847.78,10088717,15111204.38,31.32165339,11667,11704.6,11648.25,11690.35
2019-04-16,NIFTY,110535,8290125,9799.74,3775010,283125750,333291.64,343091.38,35902.36,9.556234743,16750.08,12254719,15206272.2,34.01025333,11736.2,11810.95,11731.55,11787.15
2019-04-18,NIFTY,120151,9011325,10629.8,5470199,410264925,483576.94,494206.74,36570.17,13.51393062,17286.65,12746616,15146566.12,45.49257183,11856.15,11856.15,11738.5,11752.8
2019-04-22,NIFTY,178079,13355925,15593.13,3442028,258152100,303307.14,318900.27,27098.92,11.76800662,13337.82,9529825,14945700.15,19.45133145,11727.05,11727.05,11583.95,11594.45
2019-04-23,NIFTY,199392,14954400,17424.29,4244221,318316575,372043.43,389467.72,29531.12,13.18838297,14522.4,10434933,14954524.06,21.35199942,11612.95,11645.95,11564.8,11575.95
2019-04-24,NIFTY,244821,18361575,21449.21,5251328,393849600,460067.06,481516.27,31883.6,15.10231812,14631.06,11131607,15098920.66,21.44913775,11601.5,11740.85,11578.85,11726.15
2019-04-25,NIFTY,388293,29121975,34286.19,7760140,582010500,684778.76,719064.95,45084.45,15.94928961,18758.32,11724762,15026846.11,19.97243672,11735.7,11796.75,11624.3,11641.8
2019-04-26,NIFTY,108338,8125350,9568.55,2361003,177075225,208138.51,217707.06,31905.05,6.823592503,14514.36,10339533,15093528.14,21.75235642,11683.75,11762.9,11661.75,11754.65
2019-04-30,NIFTY,110589,8294175,9752.69,4039564,302967300,356126.89,365879.58,38671.13,9.461310802,18555.78,13364005,15043275.5,36.51576027,11748.75,11756.25,11655.9,11748.15
2019-05-02,NIFTY,116852,8763900,10330.02,6347245,476043375,560152.47,570482.49,33812.43,16.87197548,16668.28,12010045,15019720.36,54.22569075,11725.55,11789.3,11699.55,11724.75
2019-05-03,NIFTY,80940,6070500,7154.86,2127619,159571425,188515.51,195670.37,29334.79,6.670249557,14118.72,10767913,14975404.18,26.34789639,11722.6,11770.9,11699.35,11712.25
2019-05-06,NIFTY,98597,7394775,8625.04,2751609,206370675,241831.76,250456.8,27777.93,9.01639539,13061.58,9793257,14847783.57,28.03833489,11605.8,11632.55,11571.35,11598.25
2019-05-07,NIFTY,115248,8643600,10043.98,3977105,298282875,348214.27,358258.25,30642.36,11.6916011,14704.1,10818397,14726912.49,34.66895294,11651.5,11657.05,11484.45,11497.9
2019-05-08,NIFTY,142551,10691325,12260.63,5631079,422330925,487274.81,499535.44,31601.92,15.80712311,16586.33,11782372,14556556.05,39.74304828,11478.7,11479.1,11346.95,11359.45
2019-05-09,NIFTY,149994,11249550,12769.24,7864472,589835400,671474.02,684243.26,30108.41,22.72598453,14774.57,11054184,14501184.32,52.58527681,11322.4,11357.6,11255.05,11301.8
2019-05-10,NIFTY,149413,11205975,12702.23,2937721,220329075,251239.65,263941.88,31337.93,8.422441431,15715.09,11079784,14474835.5,19.77917657,11314.15,11345.8,11251.05,11278.9
2019-05-13,NIFTY,129534,9715050,10936.41,3406822,255511650,290147.02,301083.43,29338.99,10.26222886,16141.5,10730347,14261980.58,26.53037148,11258.7,11300.2,11125.6,11148.2
2019-05-14,NIFTY,190249,14268675,16023.53,5095584,382168800,430994.46,447017.99,34977.19,12.78027166,17727.61,13027480,14324914.77,26.89759747,11151.65,11294.75,11108.3,11222.05
2019-05-15,NIFTY,150999,11324925,12729.47,6030393,452279475,510582.62,523312.09,31916.73,16.39616872,15219.9,12100753,14246206.84,40.1102811,11271.7,11286.8,11136.95,11157
2019-05-16,NIFTY,152768,11457600,12865.03,7481284,561096300,630155.83,643020.86,30294.43,21.22571245,14323.02,11498812,14325403.25,48.98207233,11180.35,11281.55,11143.35,11257.1
2019-05-17,NIFTY,173130,12984750,14756.95,1632533,122439975,142384.87,157141.82,35392.38,4.43999019,15562.39,12330062,14463180.51,9.648665205,11261.9,11426.15,11259.85,11407.15
2019-05-20,NIFTY,237052,17778900,20889.64,3162949,237221175,280390.68,301280.32,43804.03,6.877913288,20004.36,14400362,14986228.28,13.42247545,11651.9,11845.2,11591.7,11828.25
2019-05-21,NIFTY,181453,13608975,16046.77,2888714,216653550,258416.1,274462.87,37239.52,7.370204288,15537.47,12985853,14840374.38,16.10393244,11863.65,11883.55,11682.8,11709.1
2019-05-22,NIFTY,161345,12100875,14249.51,2989410,224205750,267410.04,281659.55,34787.85,8.096492022,16502.44,12668218,14868177.81,18.76626214,11727.95,11784.8,11682.4,11737.9
2019-05-23,NIFTY,402920,30219000,35909.17,11022655,826699125,984533.3,1020442.47,52322.53,19.50292675,23747.68,17083886,14837423.72,27.41732265,11901.3,12041.15,11614.5,11657.05
2019-05-24,NIFTY,214928,16119600,19012.6,4524906,339367950,402305.53,421318.13,41507.74,10.15035099,18586.61,13805608,15087474.65,21.15994288,11748,11859,11658.1,11844.1
2019-05-27,NIFTY,205530,15414750,18387.03,3490115,261758625,312056.77,330443.8,38015.84,8.692266171,18185.61,12613732,15228214.39,16.97157018,11855.5,11957.15,11812.4,11924.75
2019-05-28,NIFTY,232328,17424600,20785.44,4035361,302652075,361052.81,381838.25,52932.19,7.213724767,23331.35,16809036,15262828.66,17.3704675,11958.35,11958.55,11864.9,11928.75
2019-05-29,NIFTY,250528,18789600,22368.18,4280393,321029475,383170.71,405538.89,31572.33,12.84475647,14439.11,11433841,15177578.62,17.13016929,11905.8,11931.9,11836.8,11861.1
2019-05-30,NIFTY,314837,23612775,28206.76,7070216,530266200,632826.03,661032.79,37269.06,17.7367712,18872.68,11124707,15252801.03,22.43526126,11865.3,11968.55,11859.4,11945.9
2019-05-31,NIFTY,199818,14986350,17894.56,3832872,287465400,344296.43,362190.99,42197,8.583335071,18901.81,13543607,15254361.29,19.24028476,11999.8,12039.25,11829.45,11922.8
2019-06-03,NIFTY,165884,12441300,14965.13,3873936,290545200,348857.42,363822.55,33472.5,10.86929718,13622.98,11117609,15431142.64,23.31135246,11953.75,12103.05,11920.1,12088.55
2019-06-04,NIFTY,113950,8546250,10318.16,4060070,304505250,366970.97,377289.13,31497.88,11.97823885,13965.15,11093393,15349825.47,35.56554366,12052.65,12095.2,12005.85,12021.65
2019-06-06,NIFTY,174926,13119450,15676.92,7998074,599855550,718383.11,734060.03,37908.58,19.36395481,17056.2,13149021,15125266.91,45.82425055,12039.8,12039.8,11830.25,11843.75
2019-06-07,NIFTY,137998,10349850,12284.15,3859267,289445025,344089.11,356373.26,30407.27,11.72000183,15033.67,11277081,15122608.67,28.01081963,11865.2,11897.5,11769.5,11870.65
2019-06-10,NIFTY,114282,8571150,10230.53,3723679,279275925,333679.38,343909.91,26822.22,12.82182869,16407.61,10583638,15159645.47,32.61604042,11934.9,11975.05,11871.75,11922.7
2019-06-11,NIFTY,111004,8325300,9970.18,3543129,265734675,318060.06,328030.24,28846.42,11.37161006,15503.89,10944199,15221076.01,31.90113519,11959.85,12000.35,11904.35,11965.6
2019-06-12,NIFTY,112946,8470950,10094.03,4639067,347930025,415517.58,425611.61,26006.39,16.36565513,12552.29,9595590,15150545.54,41.16468645,11962.45,11962.45,11866.35,11906.2
2019-06-13,NIFTY,121536,9115200,10840.93,6783765,508782375,605291.23,616132.16,31300.1,19.68467066,14908.3,11281799,15132510.71,55.83388418,11873.9,11931.35,11817.05,11914.05
2019-06-14,NIFTY,115468,8660100,10277.03,2848955,213671625,254918.21,265195.24,28745.35,9.225674413,13433.17,10424480,15018392.1,24.80465757,11910.1,11911.85,11797.7,11823.3
2019-06-17,NIFTY,120418,9031350,10606.41,3699334,277450050,328231.6,338838.01,28491.51,11.89259572,12924.64,9634420,14824259.66,30.94653139,11844,11844.05,11657.75,11672.15
2019-06-18,NIFTY,149915,11243625,13171.87,4914311,368573325,433163.34,446335.21,29279.28,15.24406372,15259.12,11661240,14831388.15,32.88548551,11677.05,11727.2,11641.15,11691.5
2019-06-19,NIFTY,191870,14390250,16887.12,7258628,544397100,640666.82,657553.94,33308.82,19.74113583,19381.89,13211415,14768512.49,37.93819313,11744.45,11802.5,11625.1,11691.45
2019-06-20,NIFTY,180562,13542150,15950.05,8861905,664642875,781250.73,797200.78,33126.6,24.06527624,20406.16,12693524,14941445.82,48.98108344,11653.65,11843.5,11635.05,11831.75
2019-06-21,NIFTY,140646,10548450,12431.38,3450124,258759300,305892.51,318323.89,39473.81,8.064179515,18585.9,13130792,14857504.57,24.60648054,11827.6,11827.95,11705.1,11724.1
2019-06-24,NIFTY,153275,11495625,13492.84,3630638,272297850,321397.24,334890.08,25172.23,13.30394963,14185.41,10118409,14831251.61,23.8198363,11725.8,11754,11670.2,11699.65
2019-06-25,NIFTY,231956,17396700,20473.35,5126934,384520050,453412.25,473885.6,29817.94,15.89263376,15160.31,10624011,14919928.24,22.14646113,11681,11814.4,11651,11796.45
2019-06-26,NIFTY,240774,18058050,21404.25,5476441,410733075,486392.62,507796.87,30977.32,16.39253719,17983.56,11126779,15010344.02,22.72411414,11768.15,11871.85,11757.55,11847.55
2019-06-27,NIFTY,343069,25730175,30624.8,7842253,588168975,698020.31,728645.11,41582.45,17.52289993,21890.41,12496374,15044516.18,22.79264877,11860.85,11911.15,11821.05,11841.55
2019-06-28,NIFTY,109857,8239275,9777.67,2447493,183561975,218459,228236.67,29793.48,7.660624741,14311,10400082,15031415.43,22.342644,11861.15,11871.7,11775.5,11788.85
2019-07-01,NIFTY,87615,6571125,7821.76,2389011,179175825,213192.13,221013.89,24752.85,8.928825974,12146.96,9091676,15089060.99,27.25628631,11839.9,11884.65,11830.8,11865.6
2019-07-02,NIFTY,110199,8264925,9834.74,3861282,289596150,344774.79,354609.53,26171.6,13.54940202,13620.51,9691017,15136392.26,35.05682814,11890.3,11917.45,11814.7,11910.3
2019-07-03,NIFTY,80827,6062025,7245.61,3631614,272371050,325088.01,332333.62,26284.4,12.64375904,12521.31,9393868,15146843.16,44.86689319,11932.15,11945.2,11887.05,11916.75
2019-07-04,NIFTY,82485,6186375,7410.27,5634386,422578950,504572.18,511982.45,28000.74,18.28460426,12929.64,9415611,15188898.67,68.09093056,11928.8,11969.25,11923.65,11946.75
2019-07-05,NIFTY,192052,14403900,17148.2,5165725,387429375,464379.77,481527.97,33368.4,14.43065805,15495.03,11369661,14966905.47,27.08037986,11964.75,11981.75,11797.9,11811.15
2019-07-08,NIFTY,211755,15881625,18475.9,5804213,435315975,512032.08,530507.98,32059.98,16.54735842,14318.19,11500242,14629358.46,27.7135122,11770.4,11771.9,11523.3,11558.6
2019-07-09,NIFTY,169444,12708300,14666.96,5382584,403693800,469392.22,484059.18,34591.7,13.99350653,13314.8,11724313,14648561.64,32.00337493,11531.6,11582.55,11461,11555.9
2019-07-10,NIFTY,124484,9336300,10758,6052112,453908400,526230.18,536988.18,28616.9,18.76472224,11407.78,10338284,14543339.61,48.91524261,11536.15,11593.7,11475.65,11498.9
2019-07-11,NIFTY,115598,8669850,10036.66,6446982,483523650,560372.22,570408.88,27402.81,20.81570759,11997.04,10107996,14640787.98,55.83253991,11561.45,11599,11519.5,11582.9
2019-07-12,NIFTY,124592,9344400,10827.91,3568785,267658875,311625.04,322452.95,30979.97,10.40843326,13188.08,10579755,14633985.07,28.77979592,11601.15,11639.55,11538.6,11552.5
2019-07-15,NIFTY,93884,7041300,8142.49,3405049,255378675,296476.05,304618.54,26361.69,11.55534945,11653.25,9886701,14643545.93,36.41098116,11614.75,11618.4,11532.3,11588.35
2019-07-16,NIFTY,131787,9884025,11507.54,3846499,288487425,336005.28,347512.82,28358.59,12.25423478,13671.58,10789625,14732744.51,29.19870624,11596.65,11670.05,11573.95,11662.6
2019-07-17,NIFTY,81037,6077775,7096.01,4120444,309033300,360940.59,368036.6,29361.25,12.53477287,13602.13,10734789,14747452.56,50.86528768,11670.75,11706.65,11651.15,11687.5
2019-07-18,NIFTY,117570,8817750,10262.37,6021322,451599150,527019.52,537281.89,29428.45,18.25722694,13698.22,11642670,14581168.61,51.35456235,11675.6,11677.15,11582.4,11596.9
2019-07-19,NIFTY,183015,13726125,15776.27,5114777,383608275,444744.71,460520.98,34070.45,13.51672725,14659.37,12619226,14367707.24,28.190739,11627.95,11640.35,11399.3,11419.25
2019-07-22,NIFTY,214591,16094325,18282.94,4752699,356452425,408588.83,426871.77,32114.04,13.29237212,13705.73,11840414,14327415.6,22.34809227,11392.85,11398.15,11301.25,11346.2
2019-07-23,NIFTY,219365,16452375,18706.59,5189637,389222775,444607.17,463313.76,32300.01,14.34407482,14108.05,11638870,14309371.8,23.7674087,11372.25,11398.15,11302.8,11331.05
2019-07-24,NIFTY,265159,19886925,22439.19,7364336,552325200,626936.47,649375.66,33582.44,19.33676231,14461.75,12303994,14184777.84,27.93935387,11322.45,11359.75,11229.8,11271.3
2019-07-25,NIFTY,363074,27230550,30778.56,10237359,767801925,870346.64,901125.2,39367.79,22.88991076,18040.42,12953918,14181368.07,28.277692,11290.4,11361.4,11239.35,11252.15
2019-07-26,NIFTY,119777,8983275,10156.2,3285666,246424950,279534.7,289690.9,32491.96,8.915771779,15851.2,11144233,14237918.2,27.52355212,11247.45,11307.6,11210.05,11284.3
2019-07-29,NIFTY,131794,9884550,11102.22,4445359,333401925,377058.18,388160.4,31214.11,12.43541462,22473.5,11106942,14100072.97,33.96241292,11307.5,11310.95,11152.4,11189.2
2019-07-30,NIFTY,172828,12962100,14505.45,6478112,485858400,546989.34,561494.79,35247.64,15.92999673,20112.93,12603478,13930928.24,37.70922929,11213.7,11267.45,11072.65,11085.4
2019-07-31,NIFTY,188449,14133675,15686.01,7810704,585802800,653172.88,668858.89,36692.96,18.22853457,18075.33,13209941,14005416.87,41.64047326,11034.05,11145.3,10999.4,11118
2019-08-01,NIFTY,206694,15502050,17075.43,10355482,776661150,859171.65,876247.08,33449.36,26.19622857,15491.45,13464784,13847506.62,50.31625265,11060.2,11076.75,10881,10980
2019-08-02,NIFTY,240983,18073725,19862.43,6301577,472618275,522488.61,542351.04,37865.26,14.32318278,18045.18,13694936,13857028.37,26.305372,10930.3,11080.15,10848.95,10997.35
2019-08-05,NIFTY,207929,15594675,16954.49,5314493,398586975,437204.01,454158.5,32808.63,13.84265359,15735.65,12822920,13698759.91,25.78691603,10895.8,10895.8,10782.6,10862.6
2019-08-06,NIFTY,204821,15361575,16845.17,5174075,388055625,426881.49,443726.66,35082.42,12.64812006,16125.42,13953437,13819678.27,25.34147711,10815.4,11018.55,10813.8,10948.25
2019-08-07,NIFTY,180832,13562400,14827.57,7149051,536178825,589182.31,604009.88,34061.68,17.73282704,16425.84,13010737,13741741.01,39.73559457,10958.1,10975.65,10835.9,10855.5
2019-08-08,NIFTY,192405,14430375,15829.98,10015353,751151475,822461.09,838291.07,34509.44,24.29164513,15739.35,12779882,13932293.77,51.95591466,10899.2,11058.05,10842.95,11032.45
2019-08-09,NIFTY,168435,12632625,14068.17,4608482,345636150,386262.5,400330.67,35097.02,11.4064006,16653.11,12170435,14028086.44,27.4564851,11087.9,11181.45,11062.8,11109.65
2019-08-13,NIFTY,168310,12623250,13924.84,6832161,512412075,568823.84,582748.68,37258.1,15.64085877,17018.15,13765528,13805894.11,40.84957816,11139.4,11145.9,10901.6,10925.85
2019-08-14,NIFTY,184023,13801725,15226.59,10361785,777133875,858374.28,873600.87,33387.03,26.16587549,15594.29,12826394,13916865.32,56.37337579,11003.25,11078.15,10935.6,11029.4
2019-08-16,NIFTY,176421,13231575,14590.77,4175550,313166250,347142.71,361733.48,31149.18,11.61293748,15461.55,12797304,13935971.16,23.79193901,11043.65,11068.65,10924.3,11047.8
2019-08-19,NIFTY,156272,11720400,13017.46,4314712,323603400,360016.21,373033.67,25360.07,14.70948897,12830.36,10159277,13970914.22,27.65640993,11094.8,11146.9,11037.85,11053.9
2019-08-20,NIFTY,163233,12242475,13505.36,5154403,386580225,428803,442308.36,29014.49,15.24439547,13826.23,10377316,13914621.34,31.75057903,11063.9,11076.3,10985.3,11017
2019-08-21,NIFTY,148951,11171325,12254.68,6095552,457166400,505497.28,517751.96,28056.72,18.45375938,15229.13,10681850,13764917.5,41.24932516,11018.15,11034.2,10906.65,10918.7
2019-08-22,NIFTY,211567,15867525,17177.83,9915644,743673300,812063.46,829241.29,32893.3,25.21003639,19279.39,12913786,13551633.06,47.27392575,10905.3,10908.25,10718.3,10741.35
2019-08-23,NIFTY,241266,18094950,19518.21,5520157,414011775,450583.08,470101.29,33590.47,13.99507926,18909.56,13285114,13674868.39,23.08526653,10699.6,10862.55,10637.15,10829.35
2019-08-26,NIFTY,359419,26956425,29483.57,7648395,573629625,630401.19,659884.76,35625.61,18.52276382,19690.18,13225983,13915007.35,21.38144024,11000.3,11070.3,10756.55,11057.85
2019-08-27,NIFTY,257146,19285950,21418.98,5843619,438271425,487665.36,509084.34,46655.12,10.91165,20486.07,15900443,14022752.51,22.76790772,11106.55,11141.75,11049.5,11105.35
2019-08-28,NIFTY,293493,22011975,24347.44,6894618,517096350,574048.01,598395.45,29621.07,20.20168245,16397.01,11397750,13933527.99,23.57734571,11101.3,11129.65,10987.65,11046.1
2019-08-29,NIFTY,483942,36295650,39879.55,10338365,775377375,855587.15,895466.7,32572.39,27.4915872,17790.06,10865890,13856709.14,21.45428296,10996.05,11021.1,10922.4,10948.3
2019-08-30,NIFTY,231762,17382150,19113.51,5028499,377137425,416927.44,436040.95,35576.01,12.25660073,17290.71,12487064,13976168.09,21.81323263,10987.8,11042.6,10874.8,11023.25
2019-09-03,NIFTY,192525,14439375,15742.66,5206669,390500175,429567.06,445309.72,28202.73,15.78959626,13796.94,10610928,13721895.4,27.28681557,10960.95,10967.5,10772.7,10797.9
2019-09-04,NIFTY,201567,15117525,16403.91,7061911,529643325,577048.61,593452.52,30723.86,19.31568885,14046.93,11266438,13752296.93,35.17750402,10790.4,10858.75,10746.35,10844.65
2019-09-05,NIFTY,176466,13234950,14421.5,9708302,728122650,793686.42,808107.92,28996.94,27.86873098,15005.63,11288364,13797420.16,55.03494227,10860.95,10920.1,10816,10847.9
2019-09-06,NIFTY,138701,10402575,11390.67,3156125,236709375,259632.96,271023.63,29304.38,9.248570691,14391.83,10310805,13906774.8,22.79347571,10883.8,10957.05,10867.45,10946.2
2019-09-09,NIFTY,137800,10335000,11378.19,4982425,373681875,411237.8,422615.99,26136.14,16.16979363,13476.21,9692242,13992020.58,36.1426378,10936.7,11028.85,10889.8,11003.05
2019-09-11,NIFTY,116347,8726025,9657.11,4529470,339710250,375013.25,384670.36,36140.29,10.64380944,19220.71,13187748,14061200.05,38.83286511,11028.5,11054.8,11011.65,11035.7
2019-09-12,NIFTY,153007,11475525,12676.24,8469473,635210475,702005.08,714681.32,32488.52,21.99796482,17038.92,11710209,14002115.04,55.37959837,11058.3,11081.75,10964.95,10982.8
2019-09-13,NIFTY,159692,11976900,13218.44,4222892,316716900,349746.39,362964.83,30639.56,11.84628076,17281.08,10597856,14113512.22,26.45897625,10986.8,11084.45,10945.75,11075.9
2019-09-16,NIFTY,167980,12598500,13893.06,5195672,389675400,431308.91,445201.97,29505.04,15.08901428,15366.52,11451652,14078702.81,31.04491811,10994.85,11052.7,10968.2,11003.5
2019-09-17,NIFTY,206933,15519975,16927.12,6792088,509406600,559855.5,576782.62,31566.07,18.27223408,17015.01,12671923,13848401,33.07446866,11000.1,11000.1,10796.5,10817.6
2019-09-18,NIFTY,162464,12184800,13243.12,6180669,463550175,505960.34,519203.46,28199.51,18.41179013,14906.66,11019495,13897022.16,38.20552408,10872.8,10885.15,10804.85,10840.65
2019-09-19,NIFTY,182410,13680750,14703.36,9695035,727127625,785974.82,800678.18,27382.76,29.24022925,18008.1,10988135,13733646.67,53.45545644,10845.2,10845.2,10670.25,10704.8
2019-09-20,NIFTY,593042,44478150,49483.03,10956044,821703300,913903.9,963386.93,82138.37,11.72882941,35498.25,23670157,14412907.08,18.46903676,10746.8,11381.9,10691,11274.2
2019-09-23,NIFTY,360297,27022275,31279.4,7170627,537797025,620158.78,651438.18,63774.06,10.21478294,24678.94,20124913,14763955.58,19.82642826,11542.7,11694.85,11471.35,11600.2
2019-09-24,NIFTY,304934,22870050,26579.53,5580702,418552650,485833.92,512413.45,43740.8,11.71477088,19053.71,15643277,14747900.19,18.27849928,11590.7,11655.05,11539.2,11588.2
2019-09-25,NIFTY,332819,24961425,28755.68,6702949,502721175,578942.97,607698.65,39715.76,15.30119655,17420.28,14276495,14571077.63,20.13316917,11564.85,11564.95,11416.1,11440.2
2019-09-26,NIFTY,395372,29652900,34368.42,10975350,823151250,950929.35,985297.77,48721.44,20.22308392,20965.78,15236640,14724923.67,27.66869556,11469.85,11610.85,11466.35,11571.2
2019-09-27,NIFTY,129499,9712425,11269.79,2989805,224235375,260206.84,271476.63,33517.41,8.099570641,17505.89,12732446,14638506.5,23.08888098,11556.35,11593.6,11499.75,11512.4
2019-09-30,NIFTY,162188,12164100,13997.37,4331151,324836325,375358.69,389356.06,39604.84,9.831022168,22285.56,13905012,14573003.18,26.81637265,11491.15,11508.25,11390.8,11474.45
2019-10-01,NIFTY,255121,19134075,21946.83,8807289,660546675,760044.75,781991.58,46295.95,16.89114447,27986.46,16103396,14390408.17,34.63118592,11515.4,11554.2,11247.9,11359.9
2019-10-03,NIFTY,147201,11040075,12544.64,9261839,694637925,790298.92,802843.56,34593.7,23.2077968,20635.31,13847634,14336291.13,62.99893181,11322.25,11370.4,11257.35,11314
2019-10-04,NIFTY,198073,14855475,16800.21,4870606,365295450,416122.07,432922.28,34836.68,12.42719685,19458.12,12975923,14196530.47,24.76886122,11388.45,11400.3,11158.35,11174.75
2019-10-07,NIFTY,133729,10029675,11242.76,4105599,307919925,346944.54,358187.3,30745.99,11.6498867,16818.91,11018315,14101658.67,30.85937439,11196.2,11233.85,11112.65,11126.4
2019-10-09,NIFTY,184327,13824525,15536.33,7150061,536254575,603087.53,618623.86,35672.51,17.34175308,19296.38,12592226,14283688.44,38.81788878,11152.95,11321.6,11090.15,11313.3
2019-10-10,NIFTY,139842,10488150,11815.97,7778870,583415250,657559.88,669375.85,32715.91,20.46025466,18677.36,11383130,14214267.08,55.65009728,11280.5,11293.35,11208.55,11234.55
2019-10-11,NIFTY,203165,15237375,17218.13,4864592,364844400,414758.82,431976.95,37257.05,11.59450225,18974.38,12157989,14282027.56,24.08849393,11257.7,11362.9,11189.4,11305.05
2019-10-14,NIFTY,156435,11732625,13338.18,4313964,323547300,368517.6,381855.78,33732.68,11.32005462,18019.53,11633644,14364550.87,27.62877694,11335.9,11420.45,11290.05,11341.15
2019-10-15,NIFTY,145676,10925700,12478.73,4421520,331614000,378011.49,390490.22,35668.12,10.94787782,16989.96,12093280,14464626.36,30.29246486,11360.85,11462.35,11342.1,11428.3
2019-10-16,NIFTY,121042,9078150,10402.7,5012909,375968175,430055.13,440457.83,36854.01,11.95142211,17922.33,12454759,14506242.65,41.34072212,11464.95,11481.05,11411.1,11464
2019-10-17,NIFTY,152885,11466375,13228.5,8071337,605350275,695873.82,709102.32,37637.59,18.840269,20134.24,13247147,14666720.57,52.60413652,11466.3,11599.1,11439.65,11586.35
2019-10-18,NIFTY,127546,9565950,11139.41,3438309,257873175,300280.5,311419.91,42468.14,7.333024474,24479.24,13904157,14832481.9,26.95658926,11580.3,11684.7,11553.15,11661.85
2019-10-22,NIFTY,153372,11502900,13412.5,4549148,341186100,397615.73,411028.23,49192.17,8.355562074,22289.33,16914790,14811810.89,29.6451616,11657.15,11714.35,11573.65,11588.35
2019-10-23,NIFTY,134001,10050075,11697.31,5607687,420576525,489677.83,501375.14,40591.72,12.35166039,19048.03,14182054,14823914.42,41.86243076,11596.2,11651.6,11554.4,11604.1
2019-10-24,NIFTY,152042,11403150,13246.48,9296910,697268250,810209.71,823456.19,41514.24,19.83551162,24081.24,13947969,14794991.26,61.16415153,11661.65,11679.6,11534.65,11582.6
2019-10-25,NIFTY,163767,12282525,14227.42,4193915,314543625,366311.38,380538.8,40328.52,9.435972359,22140.46,13265956,14801460.45,25.74685923,11646.15,11646.9,11490.75,11583.9
2019-10-29,NIFTY,269114,20183550,23758.76,5648477,423635775,496628.12,520386.88,43916.7,11.84940763,23673.88,14717851,15070688.95,20.9029478,11643.95,11809.4,11627.35,11786.85
2019-10-30,NIFTY,282276,21170700,25099.54,5687663,426574725,503762.62,528862.16,42287.21,12.50643303,21223.51,14062547,15166815.61,20.07059173,11883.9,11883.95,11784.45,11844.1
2019-10-31,NIFTY,315247,23643525,28198.35,8457346,634300950,753694.22,781892.57,50816.53,15.38657933,32004.36,15806699,15247730.02,26.72830928,11890.45,11945,11855.1,11877.45
2019-11-01,NIFTY,100002,7500150,8936.33,2530859,189814425,225286.34,234222.67,42781.77,5.474824207,29003.39,13808587,15248337.39,25.21016346,11886.6,11918.3,11843.35,11890.6
2019-11-04,NIFTY,109411,8205825,9828.86,3212125,240909375,287141.16,296970.02,40219.26,7.38377633,22139.84,13663753,15276963.84,29.21408587,11928.9,11989.15,11905.35,11941.3
2019-11-05,NIFTY,101871,7640325,9129.78,3827397,287054775,342203.54,351333.32,38443.59,9.138931094,18800.36,13292085,15220970.63,37.48212334,11974.6,11978.95,11861.9,11917.2
2019-11-06,NIFTY,143617,10771275,12904.82,6193828,464537100,555055.39,567960.21,40278.9,14.1006882,18889.84,13036504,15222547.33,43.01147866,11911.5,12002.9,11850.25,11966.05
2019-11-07,NIFTY,117528,8814600,10598.49,8180922,613569150,735255.37,745853.86,40477.44,18.42640888,19363.36,13137746,15275057.5,69.37359662,12021.1,12021.4,11946.85,12012.05
2019-11-08,NIFTY,165440,12408000,14882.17,4283992,321299400,385858.5,400740.67,44045.39,9.098356718,22918.79,14260147,15120310.24,25.9275697,11987.15,12034.15,11888.75,11908.15
2019-11-11,NIFTY,108908,8168100,9729.58,4146780,311008500,370845.45,380575.03,33523.58,11.35245788,17692.73,12059257,15134593.44,38.1152578,11879.2,11932.65,11853.95,11913.45
2019-11-13,NIFTY,117657,8824275,10505.19,5276319,395723925,471949.98,482455.17,41470.61,11.63366466,21503.77,14583354,15093496.67,44.92541115,11908.3,11946.8,11823.2,11840.45
2019-11-14,NIFTY,131982,9898650,11754.19,8898188,667364100,792498.85,804253.04,36942.38,21.77047175,22075.5,12552411,15092788.51,67.422668,11858.75,11895.65,11802.65,11872.1
2019-11-15,NIFTY,134463,10084725,12060.5,3666664,274999800,328823.52,340884.02,39082.65,8.722131688,24650.63,12011373,15109191.12,27.26450147,11904.2,11973.65,11879.25,11895.45
2019-11-18,NIFTY,89103,6682725,7967.43,3010436,225782700,269221.39,277188.82,33488.24,8.277198802,21711.55,11547762,15108856.42,33.79024227,11915.15,11946.2,11867.6,11884.5
2019-11-19,NIFTY,107779,8083425,9662.36,3763690,282276750,337657.11,347319.47,42296.01,8.211636748,27123.18,12178719,15165754.9,34.94561474,11919.45,11958.85,11881.75,11940.1
2019-11-20,NIFTY,126136,9460200,11375.61,5502210,412665750,495703.86,507079.47,43896.29,11.55176144,37636.64,12506776,15223610.22,43.57602449,12004.75,12038.6,11966.05,11999.1
2019-11-21,NIFTY,100006,7500450,9000.59,6687949,501596175,601779.66,610780.25,42655.64,14.31886264,28472.95,12646448,15171867.83,66.86002362,12025.65,12028.2,11956.9,11968.4
2019-11-22,NIFTY,124755,9356625,11159.46,3413125,255984375,306328.26,317487.72,34692.54,9.151469451,19301.54,11207087,15119794.61,27.45009705,11967.3,11968.1,11883.5,11914.4
2019-11-25,NIFTY,216994,16274550,19600.86,4897324,367299300,441603.43,461204.29,36030.55,12.80036774,21554.81,12121596,15299758.52,22.52979869,11922.45,12084.5,11919.75,12073.75
2019-11-26,NIFTY,247374,18553050,22458.15,5213268,390995100,473348,495806.15,82766.01,5.990456106,39512.86,17106574,15208898.99,21.07689191,12110.2,12132.45,12006.35,12037.7
2019-11-27,NIFTY,210726,15804450,19151.26,4509416,338206200,408908.51,428059.77,35174.99,12.16943544,19586.11,11416283,15303864.92,21.35151995,12068.5,12114.9,12055.15,12100.7
2019-11-28,NIFTY,220545,16540875,20092.46,7223164,541737300,656509.08,676601.54,42345.47,15.97813273,24708.83,12657683,15396176.17,32.67440025,12132.1,12158.8,12099.95,12151.15
2019-11-29,NIFTY,120318,9023850,10920.78,3457357,259301775,313482.77,324403.55,43640.3,7.43357745,26706.05,13984854,15315478.43,28.705163,12146.2,12147.4,12017.4,12056.05
2019-12-02,NIFTY,91199,6839925,8274.17,3357057,251779275,304928.06,313202.23,39279.95,7.973590343,31537.39,12067439,15301251.93,36.85300882,12137.05,12137.15,12023.7,12048.25
2019-12-03,NIFTY,103523,7764225,9349.44,4180970,313572750,378626.54,387975.98,33706.47,11.51043049,23102.57,11251328,15215073.97,40.49724262,12067.65,12068.6,11956.4,11994.2
2019-12-04,NIFTY,138359,10376925,12488.05,7060935,529570125,637583.47,650071.52,38147.42,17.04103502,25738.71,12422920,15277487.24,51.05548665,11969.95,12054.7,11935.3,12043.2
2019-12-05,NIFTY,124144,9310800,11238.5,8589026,644176950,777003.2,788241.7,34043.24,23.1541328,17971.18,11104511,15223724.06,69.13762513,12071.25,12081.2,11998.75,12018.4
2019-12-06,NIFTY,133299,9997425,11994.68,4169912,312743400,376574.78,388569.46,33098.71,11.73971614,23001.32,11051545,15086507.97,31.39515018,12047.35,12057.05,11888.85,11921.5
2019-12-09,NIFTY,101624,7621800,9123.2,3779838,283487850,340069.23,349192.43,30316.66,11.51816955,18357.97,10541687,15060878.3,37.27521374,11939.1,11981.95,11888.05,11937.5
2019-12-10,NIFTY,101176,7588200,9050.24,4110138,308260350,369056.94,378107.18,30023.41,12.59374535,18169.94,10794048,14919815.52,40.77869095,11950.5,11953.2,11844.7,11856.8
2019-12-11,NIFTY,100895,7567125,9018.29,5080026,381001950,455282.19,464300.48,31868.56,14.56923313,20485.78,11889587,14975008.09,50.48431465,11867.35,11923.2,11832.3,11910.15
2019-12-12,NIFTY,111573,8367975,10051.76,7048896,528667200,633332.46,643384.22,32773.29,19.63135895,19394.86,11549638,15071764.32,63.00712114,11944.3,12005.5,11934,11971.8
2019-12-13,NIFTY,116314,8723550,10569.35,0,0,0,10569.35,36682.35,0.2881317582,19590.9,11344728,15221074.46,0,12026.4,12098.85,12023.6,12086.7
2019-12-16,NIFTY,87845,6588375,7979.64,3381655,253624125,307590.78,315570.42,28996.56,10.88302957,15234.58,10506543,15175142.49,38.54694949,12131.35,12134.65,12046.3,12053.95
2019-12-17,NIFTY,109503,8212725,9994.27,4274986,320623950,389256.15,399250.42,36198.08,11.02960212,18283.74,11933482,15285665.79,38.94793217,12082.45,12182.75,12070.35,12165
2019-12-18,NIFTY,108707,8153025,9964.9,5040563,378042225,460718.37,470683.27,36407.18,12.92830892,17507.49,11461169,15316437.4,46.23411876,12197,12237.7,12163.45,12221.65
2019-12-19,NIFTY,105993,7949475,9742.04,8149770,611232750,746729.3,756471.34,32776.81,23.07946808,16484.11,10391009,15383328.02,76.65019852,12223.4,12268.35,12191.15,12259.7
2019-12-20,NIFTY,97626,7321950,8998.95,2757760,206832000,253424.86,262423.81,41791.38,6.279376513,19813.36,11485432,15409126.42,28.1616033,12266.45,12293.9,12252.75,12271.8
2019-12-23,NIFTY,136718,10253850,12594.54,3889370,291702750,357238.57,369833.11,30108.34,12.28341084,15037.74,9377917,15394189.09,28.36455877,12235.45,12287.15,12213.25,12262.75
2019-12-24,NIFTY,167066,12529950,15393.19,4203434,315257550,386649.67,402042.86,24953.47,16.1117015,12892.35,8178976,15354168.17,25.11822891,12269.25,12283.7,12202.1,12214.55
2019-12-26,NIFTY,215955,16196625,19781.05,7089799,531734925,649876.96,669658.01,28739.49,23.30097055,15784.78,8770434,15300777.45,32.85351182,12211.85,12221.55,12118.85,12126.55
2019-12-27,NIFTY,106080,7956000,9770.66,3273339,245500425,301002,310772.66,27345.01,11.36487644,13988.13,9066813,15468006.61,30.80672135,12172.9,12258.45,12157.9,12245.8
2019-12-30,NIFTY,76340,5725500,7051.15,3570469,267785175,328826.14,335877.29,26850.36,12.50922855,14303.19,8997642,15499308.43,46.63439864,12274.9,12286.45,12213.8,12255.85
2019-12-31,NIFTY,98614,7396050,9077.21,4454652,334098900,410053.87,419131.08,27876.23,15.03542911,14435.22,9536873,15431966.63,45.1739984,12247.1,12247.1,12151.8,12168.45
2020-01-01,NIFTY,55790,4184250,5124.36,3702267,277670025,339874.85,344999.21,20768.38,16.61175354,10647.61,6901964,15461230.78,66.32532648,12202.15,12222.2,12165.3,12182.5
2020-01-02,NIFTY,95392,7154400,8805.89,7585402,568905150,697305.91,706111.8,31199.33,22.63227448,16753.4,10815655,15603337.3,79.18630712,12198.55,12289.9,12195.25,12282.2
2020-01-03,NIFTY,133164,9987300,12245.53,3752262,281419650,345045.54,357291.07,31819.84,11.22856275,16810.18,10889606,15564173.66,28.17726468,12261.1,12265.6,12191.35,12226.65
2020-01-06,NIFTY,163262,12244650,14806.6,5689424,426706800,518228.11,533034.71,31054.73,17.16436466,16034.92,10982692,15274760.98,34.99980482,12170.6,12179.1,11974.2,11993.05
2020-01-07,NIFTY,170097,12757275,15466.41,7344587,550844025,667906.72,683373.13,32597.49,20.96398005,14931.27,10463524,15371687.5,43.18434077,12079.1,12152.15,12005.35,12052.95
2020-01-08,NIFTY,158588,11894100,14317.23,7682605,576195375,694084.18,708401.41,32532.02,21.77551256,17809.03,10664175,15364141.78,48.4789432,11939.1,12044.95,11929.6,12025.35
2020-01-09,NIFTY,153979,11548425,14127.12,9459786,709483950,863607.89,877735.01,35505.19,24.72131567,19499.67,11779994,15575603.52,61.1312065,12153.15,12224.05,12132.55,12215.9
2020-01-10,NIFTY,122321,9174075,11289.8,4351366,326352450,400919.03,412208.83,35687.52,11.55050365,18816.46,11634315,15634845.48,35.51161491,12271,12311.2,12213.2,12256.8
2020-01-13,NIFTY,78929,5919675,7313.75,3441763,258132225,317723.56,325037.31,32101.12,10.12541961,15468.55,10442568,15741222.99,43.44194975,12296.7,12337.75,12285.8,12329.55
2020-01-14,NIFTY,90640,6798000,8408.47,3815805,286185375,352877.62,361286.09,35110.35,10.29001676,16352.77,11785418,15800018.6,41.96692383,12333.1,12374.25,12308.7,12362.3
2020-01-15,NIFTY,90075,6755625,8342.65,5207673,390575475,481635.23,489977.88,36009.54,13.60689084,19911.74,11729220,15839778.89,57.73168358,12349.4,12355.15,12278.75,12343.3
2020-01-16,NIFTY,87417,6556275,8116.55,8030285,602271375,744084.07,752200.62,34167.35,22.0151876,16575.1,11797065,15888747.22,91.67491976,12347.1,12389.05,12315.8,12355.5
2020-01-17,NIFTY,83471,6260325,7750.48,3131680,234876000,290537.53,298288.01,38257.79,7.796791451,25102.65,12196211,15923932.12,37.48639181,12328.4,12385.45,12321.4,12352.35
2020-01-20,NIFTY,134464,10084800,12413.97,5141700,385627500,476405.2,488819.17,36233.8,13.4906957,17667.69,11031301,15776797.77,38.37653869,12430.5,12430.5,12216.9,12224.55
2020-01-21,NIFTY,103202,7740150,9454.2,4782346,358675950,440146.66,449600.86,34482.19,13.03863995,19936.94,10967050,15716526.29,46.55567473,12195.3,12230.05,12162.3,12169.85
2020-01-22,NIFTY,124021,9301575,11323.8,6400752,480056400,586853.03,598176.83,36184.04,16.5315103,18217.63,11701816,15671259.89,51.82474346,12218.35,12225.05,12087.9,12106.9
2020-01-23,NIFTY,120893,9066975,11046.61,9307696,698077200,850249.85,861296.46,43397.58,19.84664721,25552.69,12230857,15780324.42,76.96930099,12123.75,12189,12094.1,12180.35
2020-01-24,NIFTY,121189,9089175,11132.47,3654473,274085475,335739.64,346872.11,35724.51,9.709639404,17584.68,11893616,15875919.06,30.15859374,12174.55,12272.15,12149.65,12248.25
2020-01-27,NIFTY,160488,12036600,14652.88,4398372,329877900,403397.19,418050.07,34020.6,12.28814512,14705.01,11044233,15788545.76,27.53023228,12197.1,12216.6,12107,12119
2020-01-28,NIFTY,177408,13305600,16120.62,5881913,441143475,537282.55,553403.17,38704,14.29834565,17250.08,12742708,15706032.54,33.32890112,12148.1,12163.55,12024.5,12055.8
2020-01-29,NIFTY,222015,16651125,20235.61,6812929,510969675,622124.85,642360.46,38077.47,16.86983037,16097.37,11786888,15786351.58,30.74406208,12114.9,12169.6,12103.8,12129.5
2020-01-30,NIFTY,280937,21070275,25411.59,9592588,719444100,870933.75,896345.34,38244.91,23.4369839,17308.58,12086545,15626520.17,34.27309153,12147.75,12150.3,12010.6,12035.8
2020-01-31,NIFTY,192978,14473350,17427.85,3256127,244209525,297503.42,314931.27,43467.2,7.245262405,18660.19,12980068,15517106.79,17.07057497,12100.4,12103.55,11945.85,11962.1
2020-02-03,NIFTY,188708,14153100,16537.76,6695055,502129125,592605,609142.76,43448.8,14.01978329,16824.41,15095768,15238996.03,35.83345024,11627.45,11749.85,11614.5,11707.9
2020-02-04,NIFTY,208921,15669075,18626.89,7945549,595916175,709944.72,728571.61,43137.74,16.88942467,16499.87,13582306,15529030.79,38.11396964,11786.25,11986.15,11783.4,11979.65
2020-02-05,NIFTY,148061,11104575,13354.84,8658631,649397325,780988.12,794342.96,44498.01,17.85120189,18718.99,14415363,15682331.75,58.47978111,12005.85,12098.15,11953.35,12089.15
2020-02-06,NIFTY,141374,10603050,12861.93,10424933,781869975,948212.52,961074.45,45805.4,20.98168447,18520.17,14157653,15770163.91,73.72241335,12120,12160.6,12084.65,12137.95
2020-02-07,NIFTY,91984,6898800,8345.29,3181191,238589325,289774.95,298120.24,37832.13,7.880080767,16849.18,12209789,15791785.54,34.72317319,12151.15,12154.7,12073.95,12098.35
2020-02-10,NIFTY,105523,7914225,9517.48,4232368,317427600,383673.03,393190.51,33904.65,11.59694939,15502.57,11449094,15723084.02,40.31245981,12102.35,12103.55,11990.75,12031.5
2020-02-11,NIFTY,111390,8354250,10153.48,4897897,367342275,446153.36,456306.84,35041.1,13.02204668,15689.62,12749719,15759797.2,43.9409306,12108.4,12172.3,12099,12107.9
2020-02-12,NIFTY,106047,7953525,9718.15,5567446,417558450,509128.11,518846.26,35861.12,14.46821125,17362.42,12159649,15823968.89,52.38940642,12151,12231.75,12144.3,12201.2
2020-02-13,NIFTY,97291,7296825,8881.71,7673346,575500950,700822.64,709704.35,34171.84,20.76868995,14973.95,11522602,15818090.12,78.90627368,12219.55,12225.65,12139.8,12174.65
2020-02-14,NIFTY,141510,10613250,12919.33,5318963,398922225,487219.03,500138.36,38086.89,13.13150956,28793.91,12744793,15719190.93,37.71240691,12190.15,12246.7,12091.2,12113.45
2020-02-17,NIFTY,103657,7774275,9400.32,4624427,346832025,421748.52,431148.84,33343.29,12.93060283,21233.4,11386662,15595512.53,44.8653365,12131.8,12159.6,12037,12045.8
2020-02-18,NIFTY,141247,10593525,12682.35,6413772,481032900,580076.03,592758.38,38178.69,15.52589625,23366.72,12692226,15524810.82,45.73884414,12028.25,12030.75,11908.05,11992.5
2020-02-19,NIFTY,151576,11368200,13764.77,7327252,549543900,665893.42,679658.19,37864.05,17.94996019,23937.53,12556801,15731267.86,48.37664705,12090.6,12134.7,12042.1,12125.9
2020-02-20,NIFTY,123137,9235275,11190.52,9461509,709613175,861259.62,872450.14,43923.1,19.8631276,25531.75,13907421,15711597.84,76.96332431,12119,12152,12071.45,12080.85
2020-02-24,NIFTY,249776,18733200,22298.57,6137751,460331325,553405.2,575703.77,39107.89,14.72091105,22180.18,13394376,15393396.32,24.81796815,12012.55,12012.55,11813.4,11829.4
2020-02-25,NIFTY,227812,17085900,20232.75,6281598,471119850,562183.72,582416.47,36871.07,15.79602843,20248.1,12330735,15341043.71,27.78582842,11877.5,11883.05,11779.9,11797.9
2020-02-26,NIFTY,284815,21361125,25033.89,8813854,661039050,781295.71,806329.6,40592.34,19.86408273,18867.33,13288712,15179788.52,31.20952077,11738.55,11783.25,11639.6,11678.5
2020-02-27,NIFTY,310653,23298975,27026.22,13258132,994359900,1159869.15,1186895.37,40196.6,29.52725778,19716.33,13833983,15100326.94,42.91644003,11661.25,11663.85,11536.7,11633.3
2020-02-28,NIFTY,313381,23503575,26465.94,5331982,399898650,459886.92,486352.86,57254.46,8.494584701,24976.87,17976184,14552073.96,17.37655719,11382,11384.8,11175.05,11201.75
2020-03-02,NIFTY,287502,21562650,24333.26,6573857,493039275,562908.16,587241.42,45734.11,12.84033777,20563.22,14993501,14464608.2,23.13328177,11387.35,11433,11036.25,11132.75
2020-03-03,NIFTY,311976,23398200,26275.3,7369317,552698775,625025.57,651300.87,43539.42,14.95887795,19965.83,14611537,14695208.3,23.78757122,11217.55,11342.25,11152.55,11303.3
2020-03-04,NIFTY,256860,19264500,21587.32,9441414,708106050,799282.42,820869.74,47151.03,17.40937027,21021.97,16118573,14571299.71,37.02555111,11351.35,11356.6,11082.15,11251
2020-03-05,NIFTY,229702,17227650,19475.21,14039171,1052937825,1192964.22,1212439.43,44513.63,27.23748726,26926.18,14915274,14627559.44,61.25552536,11306.05,11389.5,11244.6,11269
2020-03-06,NIFTY,281950,21146250,23072.09,4912963,368472225,411874.81,434946.9,43609.15,9.973753215,31646.47,16240319,14299925.84,17.85164716,10942.65,11035.1,10827.4,10989.45
2020-03-09,NIFTY,408535,30640125,32123.48,7357512,551813400,594697.13,626820.61,53061.02,11.81320318,34588.28,19060825,13625295.12,18.51284886,10742.05,10751.55,10294.45,10451.45
2020-03-11,NIFTY,304033,22802475,23813.44,8267845,620088375,657176.98,680990.42,50231.79,13.55696104,30974.34,18256906,13587728.15,27.59689402,10334.3,10545.1,10334,10458.4
2020-03-12,NIFTY,542625,40696875,39641.51,16148807,1211160525,1207233.64,1246875.15,61078.78,20.41421178,37811.7,22712062,12453375,30.45377535,10039.95,10040.75,9508,9590.15
2020-03-13,NIFTY,740076,55505700,53019.34,5260536,394540200,408008.03,461027.37,65402.68,7.049059305,45001.8,23735304,12801324.08,7.695456601,9107.6,10159.4,8555.15,9955.2
2020-03-16,NIFTY,445359,33401925,31076.54,4112118,308408850,313471.58,344548.12,49833.83,6.913940189,34895.2,22353063,12053293.71,10.08708112,9587.8,9602.2,9165.1,9197.4
2020-03-17,NIFTY,437910,32843250,30045.92,5436438,407732850,399923.46,429969.38,45263.38,9.499276899,27815.6,20073871,11837419.48,13.3104082,9285.4,9403.8,8915.6,8967.05
2020-03-18,NIFTY,435595,32669625,28271.92,7112097,533407275,492565.91,520837.83,58047.26,8.972651422,51199.3,25586084,11246081.14,17.42244283,9088.45,9127.55,8407.05,8468.8
2020-03-19,NIFTY,647106,48532950,39644.73,14251238,1068842850,906683.59,946328.32,53374.85,17.72985442,31826.72,25223229,10873273.71,22.8702173,8063.3,8575.45,7832.55,8263.45
2020-03-20,NIFTY,609654,45724050,38985.27,4855720,364179000,340382.43,379367.7,57532.79,6.593938865,32331.33,23973898,11444645.91,8.731052267,8284.45,8883,8178.2,8745.45
2020-03-23,NIFTY,380464,28534800,22194.83,3174705,238102875,210555.65,232750.48,34791.09,6.689945041,19401.42,17955053,10042928.54,9.486698028,7945.7,8159.25,7583.6,7610.25
2020-03-24,NIFTY,516779,38758425,30294.7,4390224,329266800,280139.47,310434.17,40635.43,7.63949514,20690.62,21594737,10229310.98,9.24714455,7848.3,8036.95,7511.1,7801.05
2020-03-25,NIFTY,399760,29982000,24301.22,5648867,423665025,356275.86,380577.08,41115.69,9.256249378,18853.18,20153281,10721046.9,14.66082197,7735.15,8376.75,7714.75,8317.85
2020-03-26,NIFTY,627468,47060100,40417.21,11246946,843520950,734169.69,774586.9,48647.14,15.92255783,24559.76,22356890,11121085.29,18.16477906,8451,8749.05,8304.9,8641.45
2020-03-27,NIFTY,355908,26693100,23368.08,3259834,244487550,225220,248588.08,46971.39,5.29232965,22786.25,22941529,11143341.49,9.637933455,8949.1,9038.9,8522.9,8660.25
2020-03-30,NIFTY,289865,21739875,18372.55,3693779,277033425,243641.06,262013.61,36076.42,7.262738653,15965.72,17111230,10849673.23,13.26114557,8385.95,8576,8244,8281.1
2020-03-31,NIFTY,301141,22585575,19317.86,5233552,392516400,340966.81,360284.67,39637.65,9.089455858,19589.47,18175533,11243111.77,17.65034067,8529.35,8678.3,8358,8597.75
2020-04-01,NIFTY,273292,20496900,17052.36,8988862,674164650,568979.36,586031.72,31869.54,18.3884587,15803.83,16426995,10909665.38,33.36660497,8584.1,8588.1,8198.35,8253.8
2020-04-03,NIFTY,263362,19752150,16054.79,3556942,266770650,223585.85,239640.64,39647.76,6.044241591,18423.52,19547107,10749101.96,13.92642632,8356.55,8356.55,8055.8,8083.8
2020-04-07,NIFTY,346750,26006250,22415.46,6095380,457153500,397346.26,419761.72,52438.58,8.004826218,21774.17,21522699,11517672.38,17.72643791,8446.3,8819.4,8360.95,8792.2
2020-04-08,NIFTY,413237,30992775,27473.95,9243082,693231150,619883.74,647357.69,57593.47,11.24012306,24504.49,23814561,11559666.57,22.56259984,8688.9,9131.7,8653.9,8748.75
2020-04-09,NIFTY,317191,23789325,21443.05,11796633,884747475,798944.75,820387.8,51543.68,15.91636065,21806.03,20733434,11956652.27,37.25891373,8973.05,9128.35,8904.55,9111.9
2020-04-13,NIFTY,247252,18543900,16686.06,4659332,349449900,319349.38,336035.44,45819.18,7.33394705,27136.32,19715606,11846983.6,19.13869302,9103.95,9112.05,8912.4,8993.85
2020-04-15,NIFTY,325175,24388125,22193.09,7970713,597803475,547737.32,569930.41,64663,8.81385661,31359.57,25257092,11867237.21,24.68053435,9196.4,9261.2,8874.1,8925.3
2020-04-16,NIFTY,295360,22152000,19913.78,11959935,896995125,807063.12,826976.9,49916.27,16.56728157,23622.26,20471852,11921544.88,40.52787165,8851.25,9053.75,8821.9,8992.8
2020-04-17,NIFTY,316440,23733000,21901.21,4987623,374071725,347254.45,369155.66,55393.48,6.664243879,27855.66,22271996,12196914.02,15.85549155,9323.45,9324,9091.35,9266.75
2020-04-20,NIFTY,266846,20013450,18574.6,4705207,352890525,330465.5,349040.1,48221.89,7.238208623,26453.35,19760001,12214990,17.79125795,9390.2,9390.85,9230.8,9261.85
2020-04-21,NIFTY,252874,18965550,17045.8,5126312,384473400,350534.84,367580.64,46977.52,7.824607174,22285.3,19066680,11891972.91,20.56429384,9016.95,9044.4,8909.4,8981.45
2020-04-22,NIFTY,281415,21106125,19173.46,7431659,557374425,507675.71,526849.17,52469.95,10.04096955,24627.41,19005837,12100698.38,26.47804361,9026.75,9209.75,8946.25,9187.3
2020-04-23,NIFTY,227377,17053275,15796.84,11409282,855696150,793493.51,809290.35,48630.97,16.64146016,25642.25,18189972,12220405.99,50.23115446,9232.35,9343.6,9170.15,9313.9
2020-04-24,NIFTY,252294,18922050,17364.39,3983139,298735425,278384.5,295748.89,53008.34,5.579289787,22340.78,18709386,12018274.56,16.03191935,9163.9,9296.9,9141.3,9154.4
2020-04-27,NIFTY,263224,19741800,18411.64,4329931,324744825,304406.85,322818.49,45740.8,7.057561083,19114.04,17510057,12189571.2,16.53339138,9259.7,9377.1,9250.35,9282.3
2020-04-28,NIFTY,246325,18474375,17251.4,5675431,425657325,399331.42,416582.82,48537.61,8.582680935,20271.53,17205467,12254255.44,23.14776888,9389.8,9404.4,9260,9380.9
2020-04-29,NIFTY,227186,17038950,16188.35,6739644,505473300,479622.68,495811.03,50396.65,9.838174363,23692.62,18633455,12420935.99,29.62764457,9408.6,9599.85,9392.35,9553.35
2020-04-30,NIFTY,371911,27893325,27369.78,13931116,1044833700,1024090.15,1051459.93,62933.53,16.70746786,30594.78,22776841,12738625.88,37.41682067,9753.5,9889.05,9731.5,9859.9
2020-05-04,NIFTY,252888,18966600,17749.75,4817112,361283400,342425.85,360175.6,48433.47,7.436502072,24385.53,20292369,12162524.59,19.2918689,9533.5,9533.5,9266.95,9293.5
2020-05-05,NIFTY,253872,19040400,17757.5,6702886,502716450,473435.45,491192.95,47275.29,10.39005684,21493.33,17590346,12048214.57,26.66115444,9429.4,9450.9,9190.75,9205.6
2020-05-06,NIFTY,323153,24236475,22458.85,9551729,716379675,668936.65,691395.5,49562.96,13.94984279,23907.16,19137426,12100712.65,29.78499122,9226.8,9346.9,9116.5,9270.9
2020-05-07,NIFTY,226868,17015100,15667.75,11912782,893458650,827250.33,842918.08,75030.27,11.23437354,19447.88,16713149,12028148.65,52.79956152,9234.05,9277.85,9175.9,9199.05
2020-05-08,NIFTY,182199,13664925,12696.01,3239193,242939475,228111.52,240807.53,47366.97,5.083870258,20148.55,16557348,12080650.1,17.96718182,9376.95,9382.65,9238.2,9251.5
2020-05-11,NIFTY,224649,16848675,15729.12,5242762,393207150,369781.91,385511.03,46613.72,8.270333927,28918.78,17651675,12126305.45,23.50938323,9348.15,9439.9,9219.95,9239.2
2020-05-12,NIFTY,266685,20001375,18266.02,7092750,531956250,491721.89,509987.91,53061.66,9.611231726,25259.83,18341049,12074061.56,26.92003458,9168.85,9240.85,9043.95,9196.55
2020-05-13,NIFTY,265792,19934400,18787.15,7703984,577798800,549136.82,567923.97,57532.9,9.871290514,31798.62,20242248,12268543.71,29.22938391,9584.2,9584.5,9351.1,9383.55
2020-05-14,NIFTY,244413,18330975,16862.48,13231985,992398875,920594.56,937457.04,48694.51,19.25180149,23579.27,17763425,12068254.93,54.5942566,9213.95,9281.1,9119.75,9142.75
2020-05-15,NIFTY,220513,16538475,15067.6,3672452,275433900,255574.61,270642.21,43660.14,6.19883972,20973.74,16079038,12066191.32,16.96186586,9182.4,9182.4,9050,9136.85
2020-05-18,NIFTY,315357,23651775,21065.17,6244391,468329325,426545.04,447610.21,52063.31,8.597421293,26014.3,19956956,11702172.29,20.2488297,9158.3,9158.3,8806.75,8823.25
2020-05-19,NIFTY,319149,23936175,21398.91,7223895,541792125,491414.51,512813.42,49065.11,10.45169205,29076.6,17309082,11756430.35,22.96446455,8961.7,9030.35,8855.3,8879.1
2020-05-20,NIFTY,271617,20371275,18324.73,8018864,601414800,544149.25,562473.98,46365.62,12.1312727,23440.92,15879926,11952063.57,29.69480314,8889.15,9093.8,8875.35,9066.55
2020-05-21,NIFTY,220235,16517625,15043.51,12693825,952036875,869644.01,884687.52,46596.72,18.98604709,22328.01,16276494,12038067.15,57.8085839,9079.45,9178.55,9056.1,9106.25
2020-05-22,NIFTY,268946,20170950,18178.23,5106675,383000625,349759.19,367937.42,48925.26,7.520397848,22663.92,17351740,11976006.06,19.24055257,9067.9,9149.6,8968.55,9039.25
2020-05-26,NIFTY,269301,20197575,18339.64,6143449,460758675,421202.73,439542.37,47412.82,9.270538432,20723.57,16635545,11973511.31,22.96679379,9099.75,9161.65,8996.65,9029.05
2020-05-27,NIFTY,385465,28909875,26488.44,10630785,797308875,732785.21,759273.65,52449.11,14.47638768,23069.55,17271815,12175346.67,27.66433999,9082.2,9334,9004.25,9314.95
2020-05-28,NIFTY,367488,27561600,25938.19,14942779,1120708425,1056733.52,1082671.71,56849.79,19.0444276,28776.1,18219477,12366242.02,40.74044951,9364.95,9511.25,9336.5,9490.1
2020-05-29,NIFTY,236430,17732250,16732.56,4745384,355903800,338729.52,355462.08,83496.84,4.257192009,57353.61,22527594,12516959.59,20.24373557,9422.2,9598.85,9376.9,9580.3
2020-06-01,NIFTY,261976,19648200,19267.59,7602409,570180675,562259.46,581527.05,63252.23,9.193779413,33397.77,20638452,12817170.1,29.18161846,9726.85,9931.6,9706.95,9826.15
2020-06-02,NIFTY,227580,17068500,16875.41,7396385,554728875,550229.17,567104.58,60555.38,9.365056912,35445.63,19313484,12983562.6,32.60538085,9880.85,9995.6,9824.05,9979.1
2020-06-03,NIFTY,238763,17907225,18092.57,9798644,734898300,741418.92,759511.49,65871.94,11.53012178,39469.41,20779545,13089852.22,40.97919312,10108.3,10176.2,10035.55,10061.55
2020-06-04,NIFTY,241073,18080475,18106.33,19899499,1492462425,1498517.12,1516623.45,61074.91,24.83218477,36576.93,19789540,13119163.43,82.76205725,10054.25,10123.85,9944.25,10029.1
2020-06-05,NIFTY,214733,16104975,16285.39,5078871,380915325,386409.61,402695,64333.24,6.259516853,50148.39,20709104,13314432.88,23.72737834,10093.8,10177.8,10040.75,10142.15
2020-06-08,NIFTY,203150,15236250,15572.11,6840555,513041625,525879.54,541451.65,67992.62,7.963388527,52818.86,23177928,13376600.53,33.7706027,10326.75,10328.5,10120.25,10167.45
2020-06-09,NIFTY,235008,17625600,17909.95,9994944,749620800,766713.05,784623,63786.47,12.30077476,45268.85,20628290,13242827.06,42.80933503,10181.15,10291.15,10021.45,10046.65
2020-06-10,NIFTY,221343,16600725,16763.73,11246347,843476025,856127.82,872891.55,52954.14,16.48391514,36767.74,18277432,13317301.42,51.0702463,10072.6,10148.75,10036.85,10116.15
2020-06-11,NIFTY,244956,18371700,18353.95,17448925,1308669375,1315750.99,1334104.94,57701.76,23.12069753,50786.25,20031381,13082507.62,71.68761983,10094.1,10112.05,9885.05,9902
2020-06-12,NIFTY,343134,25735050,25154.71,8375887,628191525,619839.21,644993.92,60810.3,10.60665578,43081,19302095,13165907.27,24.64107954,9544.95,9996.05,9544.35,9972.9
2020-06-15,NIFTY,296715,22253625,21776.65,0,0,0,21776.65,54201.79,0.4017699415,32872.95,17404621,13046985.6,0,9919.35,9943.35,9726.35,9813.7
2020-06-16,NIFTY,353028,26477100,26193,0,0,0,26193,60304.48,0.4343458396,36086.86,19008262,13111951.08,0,10014.8,10046.15,9728.5,9914
2020-06-17,NIFTY,261369,19602675,19408.26,0,0,0,19408.26,52205.18,0.3717688551,27604.32,16900174,13117384.73,0,9876.7,10003.6,9833.8,9881.15
2020-06-18,NIFTY,259806,19485450,19415.36,0,0,0,19415.36,51155.55,0.3795357493,34962.53,17384417,13306038.88,0,9863.25,10111.2,9845.05,10091.65
2020-06-19,NIFTY,259964,19497300,19801.77,0,0,0,19801.77,82343.7,0.2404770492,37278.61,21456784,13502098.03,0,10119,10272.4,10072.65,10244.4
2020-06-22,NIFTY,240278,18020850,18572.66,0,0,0,18572.66,70053.68,0.2651204048,43406.43,22115657,13650412.02,0,10318.75,10393.65,10277.6,10311.2
2020-06-23,NIFTY,247937,18595275,19300.36,0,0,0,19300.36,64718.02,0.2982223498,32384.99,20329565,13864124.49,0,10347.95,10484.7,10301.75,10471
2020-06-24,NIFTY,371304,27847800,29024.86,0,0,0,29024.86,74470.37,0.3897504471,42174.45,22871670,13694498.79,0,10529.25,10553.15,10281.95,10305.3
2020-06-25,NIFTY,444734,33355050,34238.97,0,0,0,34238.97,68567.12,0.4993496883,37400.8,19956553,13705459.77,0,10235.55,10361.8,10194.5,10288.9
2020-06-26,NIFTY,235872,17690400,18211.71,0,0,0,18211.71,56007.35,0.325166429,35693.82,17784593,13965772.46,0,10378.9,10409.85,10311.25,10383
2020-06-29,NIFTY,225112,16883400,17248.16,0,0,0,17248.16,49139.41,0.3510046213,32451.62,16507207,13844271.13,0,10311.95,10337.95,10223.6,10312.4
2020-06-30,NIFTY,210273,15770475,16203.8,0,0,0,16203.8,49181.06,0.3294723619,29682.14,16035963,13804601.48,0,10382.6,10401.05,10267.35,10302.1
2020-07-01,NIFTY,229553,17216475,17821.47,0,0,0,17821.47,49645.45,0.358974891,26844.19,15695712,13898564.38,0,10323.8,10447.05,10299.6,10430.05
2020-07-02,NIFTY,205927,15444525,16237.24,0,0,0,16237.24,53148.88,0.3055048385,30097.26,16145424,14043199.37,0,10493.05,10598.2,10485.55,10551.7
2020-07-03,NIFTY,159163,11937225,12617.78,0,0,0,12617.78,48721.03,0.258980157,29277.87,15452869,14140270.25,0,10614.95,10631.3,10562.65,10607.35
2020-07-06,NIFTY,180227,13517025,14500.11,0,0,0,14500.11,54143.57,0.267808532,28580.73,16750692,14324744.22,0,10723.85,10811.4,10695.1,10763.65
2020-07-07,NIFTY,199468,14960100,16044.86,0,0,0,16044.86,65350.12,0.2455215078,29199.79,20079272,14357944.72,0,10802.85,10813.8,10689.7,10799.65
2020-07-08,NIFTY,215100,16132500,17367.48,0,0,0,17367.48,66076.52,0.2628389025,35850.55,19841568,14243761.44,0,10818.65,10847.85,10676.55,10705.75
2020-07-09,NIFTY,183211,13740825,14813.75,0,0,0,14813.75,52723.76,0.2809691494,30086.59,16016817,14318195.33,0,10755.55,10836.85,10733,10813.45
2020-07-10,NIFTY,204362,15327150,16482.04,0,0,0,16482.04,54160.22,0.3043200342,35529.97,16854074,14283580.46,0,10764.1,10819.4,10713,10768.05
2020-07-13,NIFTY,177418,13306350,14396.09,0,0,0,14396.09,52354.62,0.2749726767,26074.98,15790040,14326138.92,0,10851.85,10894.05,10756.05,10802.7
2020-07-14,NIFTY,234754,17606550,18734.53,0,0,0,18734.53,54108.88,0.3462376231,23858.8,16977409,14107197.84,0,10750.85,10755.65,10562.9,10607.35
2020-07-15,NIFTY,250299,18772425,20142.05,0,0,0,20142.05,64036.86,0.3145383768,28971.94,17416498,14094647.23,0,10701,10827.45,10577.75,10618.2
2020-07-16,NIFTY,198444,14883300,15861.86,0,0,0,15861.86,61249.78,0.258970073,29773.3,17273681,14170554,0,10706.2,10755.3,10595.2,10739.95
2020-07-17,NIFTY,198929,14919675,16149.85,0,0,0,16149.85,58666.88,0.2752805331,31142.81,17394606,14371914.23,0,10752,10933.45,10749.65,10901.7
2020-07-20,NIFTY,168957,12671775,13908.01,0,0,0,13908.01,56333.16,0.2468885111,30991.89,16786370,14506297.15,0,10999.45,11037.9,10953,11022.2
2020-07-21,NIFTY,164848,12363600,13772.9,0,0,0,13772.9,66930.42,0.2057793751,29715.75,19091808,14611815.76,0,11126.1,11179.55,11113.25,11162.25
2020-07-22,NIFTY,186761,14007075,15569.66,0,0,0,15569.66,65668.21,0.237095849,29762.11,18404768,14567045.69,0,11231.2,11238.1,11056.55,11132.6
2020-07-23,NIFTY,149453,11208975,12535.99,0,0,0,12535.99,56389.14,0.2223121332,25923.41,16521380,14663655.62,0,11135,11239.8,11103.15,11215.45
2020-07-24,NIFTY,213738,16030350,17828.62,0,0,0,17828.62,63286.05,0.2817148487,28902.6,16986294,14618681.85,0,11149.95,11225.4,11090.3,11194.15
2020-07-27,NIFTY,205196,15389700,17124.15,0,0,0,17124.15,56338.72,0.30394993,22770.59,16616333,14545534.29,0,11225,11225,11087.85,11131.8
2020-07-28,NIFTY,239208,17940600,20148.02,0,0,0,20148.02,60291.2,0.3341784539,32625.89,16724918,14733881.7,0,11154.1,11317.75,11151.4,11300.55
2020-07-29,NIFTY,304525,22839375,25728.77,0,0,0,25728.77,62540.86,0.4113913688,30916.69,17381449,14675262.12,0,11276.9,11341.4,11149.75,11202.85
2020-07-30,NIFTY,308732,23154900,25907.16,0,0,0,25907.16,64267.49,0.4031145452,25879.42,17408431,14591713.93,0,11254.3,11299.95,11084.95,11102.15
2020-07-31,NIFTY,188634,14147550,15687.85,0,0,0,15687.85,62089.19,0.2526663659,24981.01,17435858,14629658.61,0,11139.5,11150.4,11026.65,11073.45
2020-08-03,NIFTY,189360,14202000,15548.97,0,0,0,15548.97,58426.95,0.2661266761,25906.82,16778950,14509648.5,0,11057.55,11058.05,10882.25,10891.6
2020-08-04,NIFTY,198473,14885475,16415.56,0,0,0,16415.56,58627.71,0.2799966091,24252.48,16628588,14715444.75,0,10946.65,11112.25,10908.1,11095.25
2020-08-05,NIFTY,194089,14556675,16224.92,0,0,0,16224.92,60901.48,0.2664125732,28809.49,16711276,14758125.64,0,11155.75,11225.65,11064.05,11101.65
2020-08-06,NIFTY,193830,14537250,16273.33,0,0,0,16273.33,58050.33,0.2803313952,27852.01,16373195,14886432.11,0,11185.7,11256.8,11127.3,11200.15
2020-08-07,NIFTY,142154,10661550,11941.62,0,0,0,11941.62,59208.1,0.2016889581,35734.95,17144725,14982768.72,0,11186.65,11231.9,11142.05,11214.05
2020-08-10,NIFTY,132396,9929700,11220.96,0,0,0,11220.96,60727.93,0.1847742875,27542.82,18035378,15080708.38,0,11270.25,11337.3,11238,11270.15
2020-08-11,NIFTY,140476,10535700,11956.32,0,0,0,11956.32,58119.35,0.2057201259,25845.95,17238539,15098138.84,0,11322.25,11373.6,11299.15,11322.5
2020-08-12,NIFTY,136039,10202925,11518.33,0,0,0,11518.33,55008.73,0.2093909458,27172.9,17251538,15092064.99,0,11289,11322,11242.65,11308.4
2020-08-13,NIFTY,120293,9021975,10215.41,0,0,0,10215.41,58265.69,0.1753246207,35042.35,18247098,15143985.85,0,11334.85,11359.3,11269.95,11300.45
2020-08-14,NIFTY,207463,15559725,17525.28,0,0,0,17525.28,65158.87,0.2689623071,33733.05,19460114,14996727.38,0,11353.3,11366.25,11111.45,11178.4
2020-08-17,NIFTY,154808,11610600,13037.39,0,0,0,13037.39,50926.43,0.2560043969,24924.33,15973429,15088159.65,0,11248.9,11267.1,11144.5,11247.1
2020-08-18,NIFTY,155178,11638350,13205.86,0,0,0,13205.86,53503.13,0.2468240643,28424.25,16634419,15267739.12,0,11259.8,11401.7,11253.15,11385.35
2020-08-19,NIFTY,111958,8396850,9601.68,0,0,0,9601.68,56612.37,0.1696039223,32163.75,17009762,15326256.68,0,11452.15,11460.35,11394.1,11408.4
2020-08-20,NIFTY,166479,12485925,14124.78,0,0,0,14124.78,56393.19,0.2504696046,34758.04,18259340,15286599.42,0,11317.45,11361.45,11289.8,11312.2
2020-08-21,NIFTY,120673,9050475,10311.13,0,0,0,10311.13,56123.82,0.183721101,31777.95,17653900,15390504.26,0,11409.65,11418.5,11362.2,11371.6
2020-08-24,NIFTY,140512,10538400,12083.24,0,0,0,12083.24,56902.49,0.2123499341,31629.32,17883525,15499380.93,0,11412,11497.25,11410.65,11466.45
2020-08-25,NIFTY,183678,13775850,15800.53,0,0,0,15800.53,60963.67,0.2591794424,28727.62,18499029,15519850.02,0,11513.1,11525.9,11423.35,11472.25
2020-08-26,NIFTY,209329,15699675,18064.98,0,0,0,18064.98,63880.23,0.282794536,28152.81,18425275,15608732.18,0,11512.85,11561.75,11461.85,11549.6
2020-08-27,NIFTY,221562,16617150,19253.82,0,0,0,19253.82,62895.23,0.3061252817,30358.39,18378878,15614376.63,0,11609.3,11617.35,11540.6,11559.25
2020-08-28,NIFTY,155892,11691900,13622.86,0,0,0,13622.86,72925.21,0.186805907,49130.72,20232107,15669566.24,0,11602.95,11686.05,11589.4,11647.6
2020-08-31,NIFTY,323807,24285525,28063.91,0,0,0,28063.91,98935.61,0.2836583309,47510.22,25546063,15234206.7,0,11777.55,11794.25,11325.85,11387.5
2020-09-01,NIFTY,223693,16776975,19276.63,0,0,0,19276.63,61787.65,0.3119819252,43389,17298077,15342494.12,0,11464.3,11553.55,11366.9,11470.25
2020-09-02,NIFTY,139336,10450200,12028.08,0,0,0,12028.08,49564.92,0.2426732455,24138,14774763,15483954.21,0,11478.55,11554.75,11430.4,11535
2020-09-03,NIFTY,126411,9480825,10955.41,0,0,0,10955.41,49307.24,0.2221866403,34143.27,15093375,15539471.54,0,11566.2,11584.95,11507.65,11527.45
2020-09-04,NIFTY,199868,14990100,17075.59,0,0,0,17075.59,55640.17,0.3068932032,37741.77,16479082,15303473.68,0,11354.4,11452.05,11303.65,11333.85
2020-09-07,NIFTY,151796,11384700,12900.33,7446189,558464175,637133.66,650033.99,46466.05,13.98943939,30867.81,14282713,15310768.6,49.38894276,11359.6,11381.15,11251.7,11355.05
2020-09-08,NIFTY,168015,12601125,14344.61,9020202,676515150,771994.37,786338.98,49571.14,15.86283834,23183.68,14724134,15220279.72,53.81773154,11378.55,11437.25,11290.45,11317.35
2020-09-09,NIFTY,180114,13508550,15215.41,10870793,815309475,922597.5,937812.91,54197.63,17.30357785,25050.53,16206512,15157251.64,60.63573049,11218.6,11298.15,11185.15,11278
2020-09-10,NIFTY,194477,14585775,16631.69,19822598,1486694850,1694104.09,1710735.78,59535.39,28.7347707,23364.49,15674854,15376505.19,101.8600088,11363.3,11464.05,11327.4,11449.25
2020-09-11,NIFTY,137778,10333350,11835.47,5155243,386643225,443544.91,455380.38,51330.18,8.871591333,20088.72,14711008,15449136.86,37.47590168,11447.8,11493.5,11419.9,11464.45
2020-09-14,NIFTY,159050,11928750,13714.01,7444115,558308625,642461.01,656175.02,63661.79,10.30720343,28439.39,20222512,15577110.4,46.84705713,11540.15,11568.9,11383.55,11440.05
2020-09-15,NIFTY,134116,10058700,11567.16,7004972,525372900,604643.35,616210.51,53815.11,11.45051102,26440.48,16252609,15686733.88,52.27241172,11487.2,11535.95,11442.25,11521.8
2020-09-16,NIFTY,121961,9147075,10583.24,8209479,615710925,711027.07,721610.31,50980.18,14.15472268,19717.01,15709226,15763153.62,67.18425265,11538.45,11618.1,11516.75,11604.55
2020-09-17,NIFTY,151215,11341125,13078.43,17498290,1312371750,1514903.07,1527981.5,51000.59,29.96007497,19233.04,15922637,15660430.72,115.8321809,11539.4,11587.2,11498.5,11516.1
2020-09-18,NIFTY,185146,13885950,16021.02,5854279,439070925,507664.8,523685.82,83868.87,6.24410249,26204.13,19539083,15652723.55,31.68742065,11584.1,11584.1,11446.1,11504.95
2020-09-21,NIFTY,237663,17824725,20306.56,9328558,699641850,804144.88,824451.44,64169.39,12.84804858,23684.26,19438184,15237154.83,39.60025135,11503.8,11535.25,11218.5,11250.55
2020-09-22,NIFTY,285080,21381000,23906.5,12147888,911091600,1028579.14,1052485.64,60867.42,17.29144491,26155.06,19025228,15079265.35,43.02508272,11301.75,11302.2,11084.65,11153.65
2020-09-23,NIFTY,269757,20231775,22560.88,14459423,1084456725,1217337.52,1239898.4,57349.69,21.61996691,26400.16,16521101,15033954.74,53.95789171,11258.75,11259.55,11024.4,11131.85
2020-09-24,NIFTY,351661,26374575,28795.73,23898183,1792363725,1972415.37,2001211.1,58747.45,34.06464621,25057.16,17958268,14641510.25,68.49680039,11011,11015.3,10790.2,10805.55
2020-09-25,NIFTY,223847,16788525,18410.87,7670226,575266950,634900.42,653311.29,55198.73,11.83562176,26781.13,16702437,15012373.68,34.48508517,10910.4,11072.6,10854.85,11050.25
2020-09-28,NIFTY,162927,12219525,13682.45,7467022,560026650,625956.52,639638.97,47093.71,13.58225907,22112.76,14401714,15290060.71,45.74886223,11140.85,11239.35,11099.85,11227.55
2020-09-29,NIFTY,184756,13856700,15582.76,10236802,767760150,864107.03,879689.79,50665.59,17.36266744,22853.13,14642948,15282200.23,55.45275869,11288.6,11305.4,11181,11222.4
2020-09-30,NIFTY,151841,11388075,12808.73,12051762,903882150,1017054.86,1029863.59,48509.84,21.22999354,19740.85,14068596,15304722.35,79.40325544,11244.45,11295.4,11184.55,11247.55
2020-10-01,NIFTY,144188,10814100,12338.26,18241411,1368105825,1556428.39,1568766.65,46555.27,33.69686504,19078.22,13787077,15465780.43,126.1465061,11364.45,11428.6,11347.05,11416.95
2020-10-05,NIFTY,144393,10829475,12478.84,7551442,566358150,653074.31,665553.15,51599.6,12.89841685,21084.68,15233273,15599598.29,52.3345367,11487.8,11578.05,11452.3,11503.35
2020-10-06,NIFTY,148145,11110875,12905.18,8278072,620855400,720156.52,733061.7,49705.12,14.74821306,18744.71,14602869,15723390.56,55.80367883,11603.45,11680.3,11564.3,11662.4
2020-10-07,NIFTY,155522,11664150,13676.79,11882844,891213300,1042769.99,1056446.78,53620.77,19.70219339,19403.1,14878504,15744887.66,76.243767,11679.25,11763.05,11629.35,11738.85
2020-10-08,NIFTY,165316,12398700,14702.69,20871278,1565345850,1853468.44,1868171.13,61532.02,30.3609589,21818.8,16904491,15828189.1,126.0632197,11835.4,11905.7,11791.15,11834.6
2020-10-09,NIFTY,150239,11267925,13402.62,6717961,503847075,600078.24,613480.86,56819.1,10.79708866,20478.78,15302316,15855439.32,44.77320405,11852.05,11938.6,11805.2,11914.2
2020-10-12,NIFTY,143815,10786125,12885.99,7529310,564698250,676402.23,689288.22,47202.27,14.60286168,18621.49,14556062,15826956.44,52.49128938,11973.55,12022.05,11867.2,11930.95
2020-10-13,NIFTY,117132,8784900,10494.34,7264466,544834950,651667.42,662161.76,50105.5,13.21535081,16777.86,14315046,15822452.06,62.09703707,11934.65,11988.2,11888.9,11934.5
2020-10-14,NIFTY,167598,12569850,14950.97,12175716,913178700,1088635.02,1103585.99,50849.46,21.70300314,19130.28,14351033,15842612.95,72.81367162,11917.4,11997.2,11822.15,11971.05
2020-10-15,NIFTY,237110,17783250,21031.63,26438856,1982914200,2357800.87,2378832.5,54840.42,43.37735743,19953.64,15453027,15524826.59,112.1073768,12023.45,12025.45,11661.3,11680.35
2020-10-16,NIFTY,165542,12415650,14586.82,7365853,552438975,651750.21,666337.03,49441.51,13.47727911,17023.58,14504987,15627508.49,44.68076044,11727.4,11789.75,11667.85,11762.45
2020-10-19,NIFTY,124844,9363300,11111.2,7295706,547177950,649275.25,660386.45,48437.99,13.63364685,18864.04,14653164,15739693.39,58.43430503,11879.2,11898.25,11820.4,11873.05
2020-10-20,NIFTY,132249,9918675,11807.2,8433224,632491800,754504.44,766311.64,47575.76,16.10718652,18467.04,14174612,15780684.45,63.90206315,11861,11949.25,11837.25,11896.8
2020-10-21,NIFTY,236091,17706825,21093.64,16200766,1215057450,1450177.99,1471271.63,61444.39,23.94476746,21393.61,16736784,15784904.42,68.7495373,11958.55,12018.65,11775.75,11937.65
2020-10-22,NIFTY,162446,12183450,14482.22,24016872,1801265400,2141579.64,2156061.86,54453.93,39.59423792,20626.04,15777978,15794976.73,147.8764747,11890,11939.55,11823.45,11896.45
2020-10-23,NIFTY,116685,8751375,10455.44,5018129,376359675,450518.51,460973.95,49467.92,9.318644285,23885.45,14464592,15850963.31,43.08938792,11957.9,11974.55,11908.75,11930.35
2020-10-26,NIFTY,194137,14560275,17205.97,8821534,661615050,786903.6,804109.57,49637.55,16.19962246,21029.14,14785741,15654701.92,45.73433523,11937.4,11942.85,11711.7,11767.75
2020-10-27,NIFTY,198473,14885475,17600.35,9506405,712980375,845246.25,862846.6,59789.15,14.43149133,19598.16,17403243,15771080.59,48.02440008,11807.1,11899.05,11723,11889.4
2020-10-28,NIFTY,280257,21019275,24771.7,14247307,1068548025,1265520.17,1290291.87,55907.65,23.07898597,20225.81,16117500,15622553.16,51.08733636,11922.6,11929.4,11684.85,11729.6
2020-10-29,NIFTY,309495,23212125,27091.7,24888073,1866605475,2181899.09,2208990.79,49299.91,44.80719721,19241.66,15111007,15580480.18,80.53754803,11633.3,11744.15,11606.45,11670.8
2020-10-30,NIFTY,219354,16451550,19123.95,6974719,523103925,611867.57,630991.52,50598.45,12.47057015,23351.6,15079713,15587902.94,31.99483213,11678.45,11748.95,11535.45,11642.4
2020-11-02,NIFTY,171280,12846000,14950.74,6486148,486461100,569303.29,584254.03,55341.01,10.5573431,20159.93,16052246,15524005.61,38.0786028,11697.35,11725.65,11557.4,11669.15
2020-11-03,NIFTY,153515,11513625,13588.09,6328330,474624750,560586.51,574174.6,58090.68,9.884108776,19829.93,16100851,15639581.74,41.25572542,11734.45,11836.2,11723.3,11813.5
2020-11-04,NIFTY,221359,16601925,19696.99,11369280,852696000,1011478.54,1031175.53,56845.76,18.13988466,19222.53,14644913,15751702.41,51.35193448,11783.35,11929.65,11756.4,11908.5
2020-11-05,NIFTY,174812,13110900,15861.61,17823321,1336749075,1609132.22,1624993.83,55841.71,29.10000124,20765.93,15361260,16024910.85,101.4482275,12062.4,12131.1,12027.6,12120.3
2020-11-06,NIFTY,164528,12339600,15068.41,6375354,478151550,582420.22,597488.63,59312.33,10.07359903,22083.76,15649865,16157879.02,38.65173698,12156.65,12280.4,12131.85,12263.55
2020-11-09,NIFTY,148773,11157975,13867.18,7512637,563447775,695585.84,709453.02,56902.4,12.46789274,20753.16,15171501,16362040.67,50.16058348,12399.4,12474.05,12367.35,12461.05
2020-11-10,NIFTY,219603,16470225,20724.92,11514356,863576700,1086211.55,1106936.47,82625.68,13.39700284,28111.35,21405963,16421220.35,52.4108923,12556.4,12643.9,12475.25,12631.1
2020-11-11,NIFTY,225865,16939875,21505.27,15419556,1156466700,1465027.25,1486532.52,81743.31,18.18537223,25673.58,19632456,16539437.23,68.124104,12680.6,12769.75,12571.1,12749.15
2020-11-12,NIFTY,147649,11073675,14061.14,20172065,1512904875,1919140.11,1933201.25,63576.57,30.40744806,26230.26,16587524,16549169.24,136.4853853,12702.15,12741.15,12624.85,12690.8
2020-11-13,NIFTY,138089,10356675,13154.74,6089202,456690150,580500.03,593654.77,58226.48,10.19561495,22267.35,14972793,16626686.36,44.12858255,12659.7,12735.95,12607.7,12719.95
2020-11-17,NIFTY,126459,9484425,12192.65,7549276,566195700,725383.17,737575.82,67235.92,10.96996695,29640.74,18424280,16848866.75,59.49347927,12932.5,12934.05,12797.1,12874.2
2020-11-18,NIFTY,129842,9738150,12559.85,10301247,772593525,993422.85,1005982.7,68470.69,14.69216536,31097,18726114,16937695.73,79.09512056,12860.1,12948.85,12819.35,12938.25
2020-11-19,NIFTY,192152,14411400,18564.77,23029044,1727178300,2224019.06,2242583.83,76833.23,29.18768129,33769.16,20181971,16799278.11,119.7978246,12839.5,12963,12745.75,12771.7
2020-11-20,NIFTY,182022,13651650,17508.58,7725171,579387825,744394.75,761903.33,73088.56,10.42438557,33176.12,19477217,16961314.28,42.51599787,12813.4,12892.45,12730.25,12859.05
2020-11-23,NIFTY,164164,12312300,15901.15,7905878,592940850,764247.86,780149.01,71073.22,10.97669432,31522.04,19189703,17133087.31,48.06242693,12960.3,12968.85,12825.7,12926.45
2020-11-24,NIFTY,193393,14504475,18910.05,7533819,565036425,733387.03,752297.08,66399.52,11.3298572,28632.94,18512741,17267120.08,38.78292389,13002.6,13079.1,12978,13055.15
2020-11-25,NIFTY,363724,27279300,35475.12,15395862,1154689650,1502789.21,1538264.33,67415.4,22.81769937,34304.19,18939821,17043176.61,42.36177947,13130,13145.85,12833.65,12858.4
2020-11-26,NIFTY,306543,22990725,29667.15,25770742,1932805650,2493819.88,2523487.03,61266.63,41.18860512,25666.63,16380442,17195266.68,84.05997475,12906.45,13018,12790.4,12987
2020-11-27,NIFTY,164142,12310650,16041.94,6687230,501542250,654135.62,670177.56,147459.99,4.544809477,49698.37,24469621,17271314.45,40.77659061,13012.05,13035.3,12914.3,12968.95
2020-12-01,NIFTY,120781,9058575,11868.96,7997733,599829975,783980.51,795849.47,63158.55,12.60081921,32924.49,18875961,17468700.65,66.05300801,13062.2,13128.4,12962.8,13109.05
2020-12-02,NIFTY,150145,11260875,14763.13,12755642,956673150,1252770.16,1267533.29,67069.75,18.89873289,34243.81,18637167,17556061.63,84.85803214,13121.4,13128.5,12983.55,13113.75
2020-12-03,NIFTY,104923,7869225,10381.79,17430486,1307286450,1716031.06,1726412.85,71572.72,24.12110159,34347.47,19689302,17664768.05,165.2924072,13215.3,13216.6,13107.9,13133.9
2020-12-04,NIFTY,126598,9494850,12596.14,6248668,468650100,619433.69,632029.83,72020.34,8.775712944,34943.59,20013963,17790826.25,49.17646914,13177.4,13280.05,13152.85,13258.55
2020-12-07,NIFTY,103071,7730325,10320.79,7028821,527161575,700546.54,710867.33,68112.1,10.43672607,33346.06,20233705,17953486.93,67.87722064,13264.85,13366.65,13241.95,13355.75
2020-12-08,NIFTY,130509,9788175,13136.61,10455466,784159950,1047582.8,1060719.41,69376.1,15.28940673,41275.35,20873851,18028466.53,79.74529197,13393.85,13435.45,13311.05,13392.95
2020-12-09,NIFTY,124023,9301725,12583.05,11437513,857813475,1151446.57,1164029.62,62625.26,18.58722215,41795.17,19030314,18151063.42,91.50774812,13458.1,13548.9,13449.6,13529.1
2020-12-10,NIFTY,127459,9559425,12887.78,20812058,1560904350,2097570.51,2110458.29,61003.53,34.59567487,35853.64,18087423,18087159.71,162.7565422,13488.5,13503.55,13399.3,13478.3
2020-12-11,NIFTY,151755,11381625,15399.6,7354651,551598825,746079.98,761479.58,64301.36,11.84235574,40671.93,18536532,18145682.81,48.44801034,13512.3,13579.35,13402.85,13513.85
2020-12-14,NIFTY,103599,7769925,10538.32,6903529,517764675,701531.28,712069.6,56586.25,12.583792,33292.88,18005786,18224380.59,66.56955568,13571.45,13597.5,13472.45,13558.15
2020-12-15,NIFTY,118977,8923275,12074.39,8842988,663224100,897808.14,909882.53,61623.27,14.76524258,34565.76,18248678,18223734.89,74.3563973,13547.2,13589.65,13447.05,13567.85
2020-12-16,NIFTY,114041,8553075,11691.37,9955300,746647500,1015151.15,1026842.52,62478.85,16.43504194,33761.4,18269445,18375329.68,86.82910129,13663.1,13692.35,13606.45,13682.7
2020-12-17,NIFTY,100154,7511550,10328.3,16469875,1235240625,1689359.36,1699687.66,58925.61,28.84463411,28079.56,17449774,18386010.01,163.5660622,13713.55,13773.25,13673.55,13740.7
2020-12-18,NIFTY,130591,9794325,13463.2,6086515,456488625,626937.83,640401.03,68782.78,9.310484834,29762.63,17596015,18398283.41,46.56677684,13764.4,13772.85,13658.6,13760.55
2020-12-21,NIFTY,293043,21978225,29744.62,15272348,1145426100,1563537.91,1593282.53,76208.09,20.9069999,37761.5,23668231,17749240.61,52.56540208,13741.9,13777.5,13131.45,13328.4
2020-12-22,NIFTY,251675,18875625,25219.67,16196978,1214773350,1629942.03,1655161.7,69650.97,23.76365613,35596.38,22283232,17936518.84,64.62979214,13373.65,13492.05,13192.9,13466.3
2020-12-23,NIFTY,134234,10067550,13650.44,11631803,872385225,1179591.4,1193241.84,57467.64,20.76371746,33850.19,18254510,18222532.51,86.41416687,13473.5,13619.45,13432.2,13601.1
2020-12-24,NIFTY,155659,11674425,16025.17,23212846,1740963450,2377798.12,2393823.29,57881.93,41.35700537,31358.53,17493980,18375051.06,148.3789638,13672.15,13771.75,13626.9,13749.25
2020-12-28,NIFTY,123894,9292050,12899.12,6234429,467582175,643154.2,656053.32,47870.69,13.70469738,27026.59,15307114,18553417.98,49.86031605,13815.15,13885.3,13811.55,13873.2
2020-12-29,NIFTY,155327,11649525,16243.98,9326979,699523425,968654.46,984898.44,51610.25,19.08338828,27629.21,16609335,18572939.87,59.63159644,13910.35,13967.6,13859.9,13932.6
2020-12-30,NIFTY,213525,16014375,22354.11,11539752,865481400,1201564.93,1223919.04,51199.02,23.90512631,24504.34,15540076,18646405.94,53.75140992,13980.9,13997,13864.95,13981.95
2020-12-31,NIFTY,249449,18708675,26195.06,19259511,1444463325,2014417.14,2040612.2,55026.5,37.08417217,32580.01,16061325,18646768.6,76.90064997,13970,14024.85,13936.45,13981.75
2021-01-01,NIFTY,64130,4809750,6757.75,3811812,285885900,399634.17,406391.92,41676.77,9.751041647,27103.01,13428162,18786979.87,59.137164,13996.1,14049.85,13991.35,14018.5
2021-01-04,NIFTY,139548,10466100,14762.26,9520772,714057900,1003613.87,1018376.13,63531.97,16.02934916,42600.6,18620931,19024714.93,67.98511,14104.35,14147.95,13953.75,14132.9
2021-01-05,NIFTY,135453,10158975,14379.38,10445284,783396300,1104726.14,1119105.52,67428.01,16.59704209,37879.34,19734279,19145023.06,76.8271052,14075.15,14215.6,14048.15,14199.5
2021-01-06,NIFTY,162142,12160650,17256.29,15693104,1176982800,1665180.39,1682436.68,77834.92,21.61544818,42801.78,22016362,19106603.1,96.49701008,14240.95,14244.15,14039.9,14146.25
2021-01-07,NIFTY,103900,7792500,11088.97,20191759,1514381925,2147449.28,2158538.25,73070.73,29.54039531,39676.61,20733074,19170680.9,193.6563342,14253.75,14256.25,14123.1,14137.35
2021-01-08,NIFTY,147242,11043150,15814.85,7583216,568741200,812448.25,828263.1,75876.55,10.91592989,38132.87,21228827,19422399.64,51.37249168,14258.4,14367.3,14221.65,14347.25
2021-01-11,NIFTY,149444,11208300,16207.43,8719961,653997075,939911.28,956118.71,72142.96,13.25311174,32979.58,20767502,19513335.52,57.99261697,14474.05,14498.2,14383.1,14484.75
2021-01-12,NIFTY,124133,9309975,13542.87,9829276,737195700,1066223.25,1079766.12,81773.47,13.20435735,42431.36,21859289,19594619.76,78.72949013,14473.8,14590.65,14432.85,14563.45
2021-01-13,NIFTY,177711,13328325,19446.91,16352414,1226431050,1781608.66,1801055.57,85334.07,21.10593776,45223.33,23204300,19556239.97,91.61397158,14639.8,14653.35,14435.7,14564.85
2021-01-14,NIFTY,113658,8524350,12436.74,22689063,1701679725,2475397.95,2487834.69,70195.9,35.44131053,29426.75,19096836,19628052.71,199.0391332,14550.05,14617.8,14471.5,14595.6
2021-01-15,NIFTY,203811,15285825,22159.69,9665722,724929150,1054028.56,1076188.25,75229.19,14.30546108,46322.87,20639288,19404712.23,47.5651311,14594.35,14617.45,14357.85,14433.7
2021-01-18,NIFTY,189463,14209725,20380.99,11079623,830971725,1201093.92,1221474.91,72758.39,16.78809702,34437.6,20426184,19143627.97,58.93206954,14453.3,14459.15,14222.8,14281.3
2021-01-19,NIFTY,157725,11829375,17136.65,10801093,810081975,1171266.4,1188403.05,61787.23,19.23379718,26489.49,16813976,19476351.68,68.34862123,14371.65,14546.05,14350.85,14521.15
2021-01-20,NIFTY,129054,9679050,14141.85,12680263,951019725,1384148.92,1398290.77,65547.02,21.33263679,28760.16,18319496,19631736.73,97.87608552,14538.3,14666.45,14517.55,14644.7
2021-01-21,NIFTY,149410,11205750,16463.74,21143513,1585763475,2325153.86,2341617.6,80962.43,28.9222742,32370.91,21621809,19513390.72,141.2287767,14730.95,14753.55,14517.25,14590.35
2021-01-22,NIFTY,246693,18501975,26800.96,11652362,873927150,1271134.74,1297935.7,83505.91,15.54304001,35486.59,23153173,19295165.47,47.42870181,14583.4,14619.9,14357.75,14371.9
2021-01-25,NIFTY,248109,18608175,26726.27,12625262,946894650,1369317.46,1396043.73,74062.65,18.84949742,30836.05,21284665,19094689.57,51.23488837,14477.8,14491.1,14218.6,14238.9
2021-01-27,NIFTY,300067,22505025,31691.33,16212845,1215963375,1729023.97,1760715.3,70986.35,24.80357562,29201.05,21974717,18830435.36,54.55826467,14237.95,14237.95,13929.3,13967.5
2021-01-28,NIFTY,369980,27748500,38376.07,27065773,2029932975,2822136.52,2860512.59,71241.61,40.15227323,33529.64,20591535,18678324.17,73.53896634,13810.4,13898.25,13713.25,13817.55
2021-01-29,NIFTY,245072,18380400,25418.36,7646709,573503175,804151.47,829569.83,84498.74,9.81754083,34884.21,22283674,18474450.22,31.63663863,13946.6,13966.85,13596.75,13634.6
2021-02-01,NIFTY,350429,26282175,36890.74,15245637,1143422775,1604707.54,1641598.28,87599.7,18.73977057,38134.56,24895350,19107876.8,43.4989252,13758.6,14336.35,13661.75,14281.2
2021-02-02,NIFTY,231400,17355000,25423.41,16194681,1214601075,1770937.69,1796361.1,100470.44,17.87949869,36249.12,25319186,19524879.39,69.65775598,14481.1,14731.7,14469.15,14647.85
2021-02-03,NIFTY,167260,12544500,18575.11,15763676,1182275700,1740958.94,1759534.05,91316.95,19.26842771,36485.5,24615672,19707492.79,93.72536367,14754.9,14868.85,14574.15,14789.95
2021-02-04,NIFTY,159579,11968425,17763.18,24508553,1838141475,2719051.3,2736814.48,90287.6,30.3121855,40085.55,24469525,19910078.56,153.0723271,14789.05,14913.7,14714.75,14895.65
2021-02-05,NIFTY,162243,12168225,18186.56,8168200,612615000,915935.16,934121.72,95309.63,9.800916445,41388.83,24775746,19894649.4,50.36329905,14952.6,15014.65,14864.75,14924.25
2021-02-08,NIFTY,131208,9840600,14874.97,8183983,613798725,919855.73,934730.7,77078.85,12.12694144,31466.89,23104425,20139420.25,61.83916539,15064.3,15159.9,15041.05,15115.8
2021-02-09,NIFTY,140824,10561800,16032.3,11493897,862042275,1302652.39,1318684.69,82037.58,16.07415394,34335.9,22816126,20104320.93,81.25174741,15164.15,15257.1,15064.3,15109.3
2021-02-10,NIFTY,176195,13214625,19926.23,17262865,1294714875,1954604.63,1974530.86,78858.08,25.03904305,28762.77,21288854,20158989.44,98.092044,15119.05,15168.25,14977.2,15106.5
2021-02-11,NIFTY,103437,7757775,11751.84,20118080,1508856000,2279687.48,2291439.32,66797.83,34.3040982,29267.54,19765142,20275971.84,193.9855784,15073.25,15188.5,15065.4,15173.3
2021-02-12,NIFTY,126072,9455400,14344.69,6644019,498301425,753743,768087.69,72862,10.54167728,30074.16,20788807,20247589.33,52.54508811,15186.2,15243.5,15081,15163.3
2021-02-15,NIFTY,103181,7738575,11845.3,6861836,514637700,781432.28,793277.58,68779.15,11.5336927,27312.91,20228043,20386195.57,65.96981756,15270.3,15340.15,15243.4,15314.7
2021-02-16,NIFTY,136424,10231800,15703.62,11068380,830128500,1272440.28,1288143.9,76964.81,16.73679049,33451.01,21373783,20451156.94,81.0284686,15371.45,15431.75,15242.2,15313.45
2021-02-17,NIFTY,146779,11008425,16782.51,14303613,1072770975,1638527.5,1655310.01,77039.97,21.48637921,39891.34,21518166,20430606.31,97.63304178,15279.9,15314.3,15170.75,15208.9
2021-02-18,NIFTY,138529,10389675,15748.27,23022323,1726674225,2621176.79,2636925.06,81824.65,32.22653638,44630.54,23854084,20463144.27,166.4422054,15238.7,15250.75,15078.05,15118.95
2021-02-19,NIFTY,179806,13485450,20270.46,8977359,673301925,1016371.87,1036642.33,84002.48,12.34061578,47394.43,24916863,20271726.66,50.14054294,15074.8,15144.05,14898.2,14981.75
2021-02-22,NIFTY,213930,16044750,23774.15,12092987,906974025,1356982.15,1380756.3,74473.34,18.54027629,32971.11,23136934,19922997.13,57.07805116,14999.05,15010.1,14635.05,14675.7
2021-02-23,NIFTY,241103,18082725,26707.16,14676775,1100758125,1631675.89,1658383.05,75898.83,21.84991587,33611.5,22046971,20031621.21,61.09507301,14782.25,14854.5,14651.85,14707.8
2021-02-24,NIFTY,196135,14710125,21883.4,10384141,778810575,1158447.33,1180330.73,45797.16,25.77301147,22263.34,13716949,20277258.29,52.93726432,14729.15,15008.8,14723.05,14982
2021-02-25,NIFTY,300717,22553775,34181.28,25066664,1879999800,2838558.5,2872739.78,84304.28,34.07584739,38813.51,23614292,20500460.44,83.04424235,15079.85,15176.5,15065.35,15097.35
2021-02-26,NIFTY,364799,27359925,40251.12,12998796,974909700,1445472.99,1485724.11,115760.3,12.83448738,50023.24,29541577,19963825.62,35.91137315,14888.6,14919.45,14467.75,14529.15
2021-03-01,NIFTY,169687,12726525,18793.09,10470470,785285250,1165972.75,1184765.84,66929.92,17.70158757,35837.65,21610731,20252811.29,62.04263109,14702.5,14806.8,14638.55,14761.55
2021-03-02,NIFTY,189763,14232225,21189.49,13357455,1001809125,1492937.27,1514126.76,74646.33,20.28400807,38587.94,23571703,20532807.61,70.45649848,14865.3,14959.1,14760.8,14919.1
2021-03-03,NIFTY,155371,11652825,17682.32,16032133,1202409975,1815758.25,1833440.57,79493.62,23.06399646,38657.45,23717988,20901662.35,102.6877836,15064.4,15273.15,14995.8,15245.6
2021-03-04,NIFTY,216176,16213200,24515.26,32449747,2433731025,3675256.84,3699772.1,80913.59,45.72497772,40660.61,23450275,20851638.78,149.9171063,15026.75,15202.35,14980.2,15080.75
2021-03-05,NIFTY,208368,15627600,23414.05,10009552,750716400,1130330.07,1153744.12,77171.98,14.95029828,36182.84,23656759,20609304.83,48.27571778,14977.95,15092.35,14862.1,14938.1
2021-03-08,NIFTY,189035,14177625,21309.32,12553062,941479650,1416970.2,1438279.52,60445.88,23.79450047,28798.99,19638931,20663070.16,66.49532693,15002.45,15111.15,14919.9,14956.2
2021-03-09,NIFTY,177022,13276650,20019.42,17215726,1291179450,1946446.28,1966465.7,70781.75,27.78210061,33200.63,20780476,20691212.56,97.2279057,15049.9,15126.85,14925.45,15098.4
2021-03-10,NIFTY,114341,8575575,13038.11,23422575,1756693125,2664685.2,2677723.31,54391.69,49.23037527,25450.88,17560913,20808441.96,204.3766466,15202.15,15218.45,15100.85,15174.8
2021-03-12,NIFTY,198938,14920350,22629.32,11015520,826164000,1257187.34,1279816.66,67256.79,19.02880973,32753.17,21812994,20667769.7,55.55568351,15321.15,15336.3,14953.6,15030.95
2021-03-15,NIFTY,187033,14027475,20887.15,13044995,978374625,1470814.65,1491701.8,60004.18,24.85996476,28221.39,20212523,20565517.96,70.41720149,15048.4,15048.4,14745.85,14929.5
2021-03-16,NIFTY,158267,11870025,17809.9,12575829,943187175,1420162.35,1437972.25,58997.11,24.37360491,25721.69,18852600,20608428.42,79.74005188,14996.1,15051.6,14890.65,14910.45
2021-03-17,NIFTY,162817,12211275,18165.35,15288130,1146609750,1718373.52,1736538.87,59471.87,29.19933189,25746.06,18878571,20248407.45,94.59622413,14946.55,14956.55,14696.05,14721.3
2021-03-18,NIFTY,211228,15842100,23313.27,30971942,2322895650,3432369.96,3455683.23,63459.13,54.45525695,29268.09,20502358,19993524.75,147.2281649,14855.5,14875.2,14478.6,14557.85
2021-03-19,NIFTY,270566,20292450,29636.65,13091718,981878850,1443275.71,1472912.36,93916.82,15.68315835,38650.23,24251154,20217266.08,48.69901659,14471.15,14788.25,14350.1,14744
2021-03-22,NIFTY,191760,14382000,21155.82,10869886,815241450,1203842.12,1224997.94,57860.32,21.17164129,23609.54,18374779,20311644.09,56.9035906,14736.3,14763.9,14597.85,14736.4
2021-03-23,NIFTY,250621,18796575,27886.46,13907517,1043063775,1546440.26,1574326.72,61733.21,25.50210365,23795.74,18605078,20453010.77,55.45487882,14768.55,14878.6,14707,14814.75
2021-03-24,NIFTY,262863,19714725,28926.93,18176088,1363206600,2007015.66,2035942.59,58196.14,34.9841517,25259.27,18877296,20125290.3,69.38225591,14712.45,14752.35,14535,14549.4
2021-03-25,NIFTY,348662,26149650,37727.61,34184918,2563868850,3712847.53,3750575.14,69777.95,53.75014801,34002.57,22303028,19751860.85,98.41194632,14570.9,14575.6,14264.4,14324.9
2021-03-26,NIFTY,163142,12235650,17860.9,9172956,687971700,1006180.16,1024041.06,58244.78,17.58167959,28194.61,18532193,20010029.54,56.33423624,14506.3,14572.9,14414.25,14507.3
2021-03-30,NIFTY,199833,14987475,22249.85,12508577,938143275,1387819.85,1410069.7,68474.4,20.59265507,28362.06,19845394,20354769.52,62.37434634,14628.5,14876.3,14617.6,14845.1
2021-03-31,NIFTY,154453,11583975,17136.83,15096994,1132274550,1673335.7,1690472.53,56778.37,29.77317824,24478.72,17525330,20295812.59,97.64557973,14811.85,14813.75,14670.25,14690.7
2021-04-01,NIFTY,160290,12021750,17896.57,25878590,1940894250,2873290.37,2891186.94,58765.47,49.19873763,25466.6,17269882,20589142.76,160.5497797,14798.4,14883.2,14692.45,14867.35
2021-04-05,NIFTY,221298,16597350,24338.47,13396805,1004760375,1480586.2,1504924.67,65169.11,23.09260737,26286.74,19927984,20367497.96,60.83316659,14837.7,14849.85,14459.5,14637.8
2021-04-06,NIFTY,156818,11761350,17348.3,15195909,1139693175,1680870.68,1698218.98,64723.31,26.23813553,24660.87,18771043,20499290.38,96.88964798,14737,14779.1,14573.9,14683.5
2021-04-07,NIFTY,146671,11000325,16360.6,17352953,1301471475,1927872.26,1944232.86,72350.04,26.8725886,24344.5,20259990,20687046.78,117.8362811,14716.45,14879.8,14649.85,14819.05
2021-04-08,NIFTY,139204,10440300,15644.81,29167082,2187531150,3260506.96,3276151.77,71665.33,45.71459826,27765.36,20719669,20804582.3,208.4082172,14875.65,14984.15,14821.1,14873.8
2021-04-09,NIFTY,125049,9378675,13972.03,8530250,639768750,955473.28,969445.31,70616.38,13.72833484,26569.39,20305986,20819559.36,68.38471432,14882.65,14918.45,14785.65,14834.85
2021-04-12,NIFTY,227122,17034150,24588.86,16193049,1214478675,1771421.66,1796010.52,84028.71,21.37377237,34886.09,27135721,19946055.83,72.0416343,14644.65,14652.5,14248.7,14310.8
2021-04-13,NIFTY,179193,13439475,19412.96,17463749,1309781175,1898637.9,1918050.86,72675.78,26.39188544,27723.31,20806803,20167246.91,97.80259682,14364.9,14528.9,14274.9,14504.8
2021-04-15,NIFTY,195173,14637975,21243.77,32107377,2408053275,3493547,3514790.77,70533.01,49.83185561,25484.47,20353850,20255876.81,164.4504248,14522.4,14597.55,14353.2,14581.45
2021-04-16,NIFTY,139085,10431375,15307.8,8934558,670091850,983939.98,999247.78,66091.78,15.11909318,22639.1,18586245,20389548.89,64.27703393,14599.6,14697.7,14559,14617.85
2021-04-19,NIFTY,210910,15818250,22651.26,13292398,996929850,1439453.49,1462104.75,68103.17,21.4689676,24592.91,21670984,20043988.25,63.54849532,14306.6,14382.3,14191.4,14359.45
2021-04-20,NIFTY,175890,13191750,18991.42,17774670,1333100250,1925938.65,1944930.07,69939.31,27.80882554,23776.1,19650055,20036353.56,101.4109872,14526.7,14526.95,14207.3,14296.4
2021-04-22,NIFTY,180647,13548525,19401.03,33157555,2486816625,3563659.05,3583060.08,70751.47,50.6429065,25207.21,20925890,20131042.53,183.6840132,14219.15,14424.75,14151.4,14406.15
2021-04-23,NIFTY,174116,13058700,18773.8,9316274,698720550,1012011.52,1030785.32,65545.12,15.72634729,25247.71,19551105,20103744.22,53.90552366,14326.35,14461.15,14273.3,14341.35
2021-04-26,NIFTY,162975,12223125,17735.6,9279069,695930175,1009816.06,1027551.66,64168.92,16.01322977,22811.25,17948409,20279197.91,56.93723697,14449.45,14557.5,14421.3,14485
2021-04-27,NIFTY,154896,11617200,16971.07,10310004,773250300,1124686.78,1141657.85,65225.44,17.50326023,24768.23,18910607,20518418.86,66.27082323,14493.8,14667.55,14484.85,14653.05
2021-04-28,NIFTY,193881,14541075,21563.25,15444871,1158365325,1708158.7,1729721.95,74159.25,23.32442615,25818.96,20279594,20738352.92,79.21619886,14710.5,14890.25,14694.95,14864.55
2021-04-29,NIFTY,256790,19259250,28773.85,33271555,2495366625,3719406.84,3748180.69,75807.28,49.4435454,29268.03,20048981,20767473.78,129.2634402,14979,15044.35,14814.45,14894.9
2021-04-30,NIFTY,172796,12943500,19136.41,8556331,641684550,955531.48,974667.89,80367.63,12.12761767,33514.98,21913859,20556970.9,49.93264045,14747.35,14855.45,14601.7,14631.1
2021-05-03,NIFTY,153069,11462450,16746.41,11545680,865880875,1272503.66,1289250.07,70782.42,18.21426945,32633.67,21099398,20662390.84,75.98665386,14481.05,14673.85,14416.25,14634.15
2021-05-04,NIFTY,158406,11861050,17378.35,14753870,1106419575,1627540.04,1644918.39,78889.08,20.85102767,41009.04,23098042,20541031.49,93.65331231,14687.25,14723.4,14461.5,14496.5
2021-05-05,NIFTY,143675,10761825,15750.61,16915030,1268467200,1859940.67,1875691.28,69672.43,26.92157113,28286.13,19788021,20724714.43,118.0868976,14604.15,14637.9,14506.6,14617.85
2021-05-06,NIFTY,132168,9891925,14577.76,26637228,1997647800,2934743.29,2949321.05,72841,40.48984844,30432.32,20974447,20870662.36,201.3164773,14668.35,14743.9,14611.5,14724.8
2021-05-07,NIFTY,104835,7834200,11645.93,8035737,602532275,895540.77,907186.7,76179.12,11.90860041,35223.7,21560507,20984781.35,76.89731692,14816.85,14863.05,14765.5,14823.15
2021-05-10,NIFTY,92382,6902500,10342.09,10345254,775713175,1156844.15,1167186.24,79393.68,14.70124876,40810.07,24303214,21189287.5,111.8578692,14928.25,14966.9,14892.5,14942.35
2021-05-11,NIFTY,118189,8837950,13143.49,15680073,1175837525,1749857.18,1763000.67,82102.07,21.47327918,49851.33,25558047,21203062.07,133.1348964,14789.7,14900,14771.4,14850.75
2021-05-12,NIFTY,165948,12406375,18302.22,28440264,2132793900,3154297.4,3172599.62,85197.68,37.23809874,56203.2,26869388,21058036.81,172.3450707,14823.55,14824.05,14649.7,14696.5
2021-05-14,NIFTY,142877,10684650,15704.98,10726197,804204200,1188881.51,1204586.49,85254.18,14.12935401,41335.77,26230675,20924698.63,75.7009248,14749.4,14749.65,14591.9,14677.8
2021-05-17,NIFTY,128749,9596875,14265.12,11971814,897448150,1330604.1,1344869.22,76044.7,17.68524591,32925.78,23300859,21223655.6,93.27675477,14756.25,14938,14725.35,14923.15
2021-05-18,NIFTY,132821,9904650,14989.93,13157807,986251950,1484013.43,1499003.36,80305.62,18.66623233,33672.04,23773213,21502566.83,99.00069113,15067.2,15137.25,15043.7,15108.1
2021-05-19,NIFTY,97632,7290975,11005.99,15598118,1169566475,1764334.25,1775340.24,74710.5,23.7629281,34173.76,22675891,21510761.37,160.3067284,15058.6,15133.4,15008.85,15030.15
2021-05-20,NIFTY,112599,8398550,12590.15,28548015,2140781275,3213376.17,3225966.32,72688.01,44.38099654,34889.81,22558237,21414521.63,255.2293793,15042.6,15069.8,14884.9,14906.05
2021-05-21,NIFTY,150642,11207700,16955.86,9759812,731341975,1106762.21,1123718.07,75962.62,14.79303992,34970.85,22929166,21656595.54,65.2731392,14987.8,15190,14985.85,15175.3
2021-05-24,NIFTY,125549,9316800,14177.96,10347690,775597525,1179549.55,1193727.51,78112.29,15.28219836,38221.99,24072098,21739383.43,83.19599928,15211.35,15256.25,15145.45,15197.7
2021-05-25,NIFTY,157515,11717825,17862.19,11590893,868633900,1324568.61,1342430.8,73499.99,18.26436711,35651.33,23681111,21753099.98,74.15488302,15291.75,15293.85,15163.4,15208.45
2021-05-26,NIFTY,167236,12450425,19043.26,13819622,1035965800,1581289.07,1600332.33,69055.37,23.17462538,35474.54,22452084,21840475.09,83.03667912,15257.05,15319.9,15194.95,15301.45
2021-05-27,NIFTY,225381,16748275,25707.58,24653281,1848358650,2829820.58,2855528.16,120763.21,23.64567951,46467.9,26181873,21917896.79,110.0772838,15323.95,15384.55,15272.5,15337.85
2021-05-28,NIFTY,92540,6771850,10474.71,7343758,549419025,848268.95,858743.66,74124.85,11.58509811,38562.05,22869171,21965398.95,80.98257136,15421.2,15469.65,15394.75,15435.65
2021-05-31,NIFTY,101152,7396100,11489.82,11303817,846245600,1309432.39,1320922.21,72336.28,18.26085347,33530.52,22610381,22151944.53,113.9645695,15437.75,15606.35,15374,15582.8
2021-06-01,NIFTY,109118,7987950,12470.66,14706814,1101253100,1713473.19,1725943.85,64176.36,26.89376353,30549.73,21440252,22137099.52,137.4003613,15629.65,15660.75,15528.3,15574.85
2021-06-02,NIFTY,95529,7016050,10917.68,16717544,1252531400,1946537.3,1957454.98,74353.28,26.32641062,36491.62,22219056,22314645.85,178.2922104,15520.35,15597.45,15459.85,15576.2
2021-06-03,NIFTY,87421,6370500,9996.96,24753409,1854744675,2899151.05,2909148.01,74704.66,38.94198849,37544.97,23316639,22500912.11,290.003266,15655.55,15705.1,15611,15690.35
2021-06-04,NIFTY,87514,6347850,9971.1,8526903,637396500,1000905.61,1010876.71,75411.58,13.4047942,42095.76,23483221,22568046.53,100.3806611,15712.5,15733.6,15622.35,15670.25
2021-06-07,NIFTY,68765,4970775,7837.95,8878347,663666175,1042951.95,1050789.9,80066.33,13.12399232,47852.84,25559015,22744285.44,133.0643791,15725.1,15773.45,15678.1,15751.65
2021-06-08,NIFTY,74715,5445475,8578.24,10834220,810769100,1277172.6,1285750.84,78049.15,16.47360465,42517.92,25562210,22804037.71,148.8851559,15773.9,15778.8,15680,15740.1
2021-06-09,NIFTY,145643,10590100,16633.69,18557517,1388060075,2182728.17,2199361.86,88739.66,24.78442965,52157.05,28685348,22628963.32,131.2233287,15766.3,15800.45,15566.9,15635.35
2021-06-10,NIFTY,100018,7288125,11466,23143679,1733422450,2722698.52,2734164.52,69892.29,39.11968716,38337.12,22180717,22863803.14,237.4584441,15692.1,15751.25,15648.5,15737.75
2021-06-11,NIFTY,94086,6792825,10745.68,7801633,581800750,918743.57,929489.25,71751.39,12.95430305,46797.6,23254392,22951635.31,85.49887676,15796.45,15835.55,15749.8,15799.35
2021-06-14,NIFTY,129542,9312175,14669.06,12236831,913568375,1439581.77,1454250.83,77987.6,18.64720584,45763.73,25327422,22925146.1,98.13728828,15791.4,15823.05,15606.5,15811.85
2021-06-15,NIFTY,68650,4881075,7755.54,9107420,679652700,1074175.44,1081930.98,67123.48,16.1185174,34416.34,22698476,22997088.23,138.5042744,15866.95,15901.6,15842.4,15869.25
2021-06-16,NIFTY,105410,7597975,12020.69,14782385,1104411150,1748815.27,1760835.96,67132.56,26.22923899,37059.99,22827815,22821405.03,145.4837676,15847.5,15880.85,15742.6,15767.55
2021-06-17,NIFTY,140585,9942675,15618.45,30604733,2288167550,3599190.69,3614809.14,71455.86,50.58800132,32894.74,24365062,22674192.37,230.4448066,15648.3,15769.35,15616.75,15691.4
2021-06-18,NIFTY,199865,13959800,21814.44,15201802,1127399400,1768185.72,1790000.16,97155.76,18.42402509,56705.98,28556383,22571543.47,81.05574656,15756.5,15761.5,15450.9,15683.35
2021-06-21,NIFTY,156640,10555925,16519.71,13105940,970722900,1520662.45,1537182.16,60812.76,25.27729641,37910.83,21703479,22726568.28,92.05140102,15525.85,15765.15,15505.65,15746.5
2021-06-22,NIFTY,177521,11419600,18092.74,14199915,1053140425,1662486.14,1680578.88,64956.26,25.87246987,38840.05,22239868,22817388.03,91.88691928,15840.5,15895.75,15752.1,15772.75
2021-06-23,NIFTY,191464,12129300,19126.15,18250854,1358103075,2144790.27,2163916.42,64039,33.79060291,39283.24,21590522,22696176.46,112.1391535,15862.8,15862.95,15673.95,15686.95
2021-06-24,NIFTY,253033,15164250,23953.43,26214165,1952275025,3080398.39,3104351.82,63543.42,48.85402485,30991.65,20256809,22764258.43,128.5994695,15737.3,15821.4,15702.7,15790.45
2021-06-25,NIFTY,112295,5614750,8904.36,7675516,558970775,885898.57,894802.93,63581.48,14.07332654,32922.88,20116471,22852712.48,99.49042604,15839.35,15870.8,15772.3,15860.35
2021-06-28,NIFTY,90106,4505300,7150.73,9567241,697823075,1108533.61,1115684.34,58149.56,19.18646229,34856.8,20446298,22859868.07,155.0238381,15915.35,15915.65,15792.15,15814.7
2021-06-29,NIFTY,123392,6169600,9748.2,12088454,891537475,1412333.67,1422081.87,63114.29,22.53185245,35390.81,20580882,22788976.52,144.8814827,15807.5,15835.9,15724.05,15748.45
2021-06-30,NIFTY,139596,6979800,11038.63,15318554,1132547125,1792458.54,1803497.17,58495.82,30.83121444,32750.53,20868917,22814760.58,162.3805255,15776.9,15839.1,15708.75,15721.5
2021-07-01,NIFTY,111737,5586850,8787.55,24184740,1798591925,2833611.31,2842398.86,53106.31,53.52280849,29251.86,18728135,22785635.79,322.4574893,15755.05,15755.55,15667.05,15680
2021-07-02,NIFTY,111208,5560400,8733.37,9520942,694876075,1094456.59,1103189.96,59964.19,18.39747956,30209.85,20738549,22843487.15,125.3189307,15705.85,15738.35,15635.95,15722.2
2021-07-05,NIFTY,109362,5468100,8660.67,9076849,660297325,1043416.38,1052077.05,58039.88,18.12679575,31205.27,21053276,22986896.85,120.4775589,15793.4,15845.95,15762.05,15834.35
2021-07-06,NIFTY,110492,5524600,8772.51,14433992,1059708000,1679422.13,1688194.64,67749.56,24.9181639,35642.84,23269988,22947206.11,191.4414609,15813.75,15914.2,15801,15818.25
2021-07-07,NIFTY,99439,4971950,7879.28,15148251,1118079950,1771129.93,1779009.21,58941.48,30.18263556,29260.32,20638763,23034832.74,224.78322,15819.6,15893.55,15779.7,15879.65
2021-07-08,NIFTY,194466,9723300,15341.95,32551048,2409745675,3810512.39,3825854.34,56039.97,68.27009972,28932.68,20285437,22892843.21,248.3721033,15855.4,15885.75,15682.9,15727.9
2021-07-09,NIFTY,142405,7120250,11181.1,11562251,839290400,1323514.97,1334696.07,52312.52,25.51389361,26378.99,18550588,22911891.55,118.3707301,15688.25,15730.85,15632.75,15689.8
2021-07-12,NIFTY,137209,6860450,10800.73,13844555,1008870950,1592252.74,1603053.47,55752.71,28.75292466,30046.26,20271707,22977568.79,147.4208447,15766.8,15789.2,15644.75,15692.6
2021-07-13,NIFTY,128592,6429600,10164.32,13335898,972641450,1538087.19,1548251.51,55846.13,27.72352372,26613.2,20852479,23071602.56,151.3221927,15794,15820.8,15744.6,15812.35
2021-07-14,NIFTY,101155,5057750,8013.63,17382702,1273522275,2015433.69,2023447.32,57970.23,34.90493862,23186.97,20439300,23126772.77,251.5007169,15808.7,15877.35,15764.2,15853.95
2021-07-15,NIFTY,106647,5332350,8498.04,27493044,2025368400,3217763.26,3226261.3,62013.69,52.02498513,25222.53,21792678,23206523.8,378.6476952,15872.15,15952.35,15855,15924.2
2021-07-16,NIFTY,87695,4384750,6988.31,9772442,689730425,1099231.53,1106219.84,63177.53,17.50970385,29181.77,21599255,23268220.26,157.2957596,15958.35,15962.25,15882.6,15923.4
2021-07-19,NIFTY,183975,9198750,14516.18,15319876,1079223550,1711442.7,1725958.88,65921.65,26.1819733,34264.67,23568929,23137171.22,117.898972,15754.5,15836.9,15707.5,15752.4
2021-07-20,NIFTY,200883,10044150,15721.86,20302292,1441334925,2268627,2284348.86,63940.31,35.72627127,27373.69,23791702,22925888.88,144.2976213,15703.95,15728.45,15578.55,15632.1
2021-07-22,NIFTY,167876,8393800,13253.97,29268270,2067689025,3266074.07,3279328.04,65929.53,49.73989713,30097.11,22548715,23214325.61,246.4223225,15736.6,15834.8,15726.4,15824.05
2021-07-23,NIFTY,136750,6837500,10836.04,14961529,748076450,1187129.57,1197965.61,68029.81,17.60942166,40984.86,23080642,23328648.74,109.5538195,15856.8,15899.8,15768.4,15856.05
2021-07-26,NIFTY,137538,6876900,10900.47,15069051,753452550,1193817.04,1204717.51,61528.46,19.57984175,30087.53,22351276,23327563.15,109.5197767,15849.3,15893.35,15797,15824.45
2021-07-27,NIFTY,208025,10401250,16416.66,23069483,1153474150,1826580.65,1842997.31,70711.31,26.063685,30441.26,23575397,23229005.63,111.2638411,15860.5,15881.55,15701,15746.45
2021-07-28,NIFTY,306803,15340150,24016.05,36934464,1846723200,2902227.52,2926243.57,67625.51,43.27129762,31156.78,23752327,23196192.4,120.8453314,15761.55,15767.5,15513.45,15709.4
2021-07-29,NIFTY,266996,13349800,21085.29,40803846,2040192300,3218809.01,3239894.3,74356.38,43.57251254,30919.23,24019760,23335147.35,152.6566156,15762.7,15817.35,15737.8,15778.45
2021-07-30,NIFTY,153293,7664650,12117.69,15158798,757939900,1199634.62,1211752.31,76758.25,15.78660678,31112.89,24017450,23355719.16,98.99862267,15800.6,15862.8,15744.85,15763.05
2021-08-02,NIFTY,111561,5578050,8863.57,14202552,710127600,1126895.59,1135759.16,66848.9,16.98994538,29942.47,23059355,23581999.1,127.1378903,15874.9,15892.9,15834.65,15885.15
2021-08-03,NIFTY,186159,9307950,14930.66,27120539,1356026950,2167288.96,2182219.62,69030.64,31.6123336,33004,22972359,23811321.68,145.1569428,15951.55,16146.9,15914.35,16130.75
2021-08-04,NIFTY,157482,7874100,12800.74,29839813,1491990650,2414763.63,2427564.37,76693.65,31.6527427,40675.03,23345781,23761133.74,188.6425027,16195.25,16290.2,16176.15,16258.8
2021-08-05,NIFTY,138942,6947100,11317.84,42787145,2139357250,3476713.27,3488031.11,67892.5,51.37579423,46637.4,21880953,23749363.71,307.1887631,16288.95,16349.45,16210.3,16294.6
2021-08-06,NIFTY,98177,4908850,7992.79,13446599,672329950,1094385.73,1102378.52,63604.39,17.33179927,35752.22,19825367,23743859.32,136.9216169,16304.4,16336.75,16223.3,16238.2
2021-08-09,NIFTY,120943,6047150,9833.69,18637793,931889650,1514732.77,1524566.46,57243.57,26.6329731,31577.92,20235184,23675202.92,154.0350336,16281.35,16320.75,16179.05,16258.25
2021-08-10,NIFTY,136363,6818150,11111.82,25166728,1258336400,2047775.35,2058887.17,63068.37,32.64532078,26798.54,22685058,23507598.76,184.2880239,16274.8,16359.25,16202.25,16280.1
2021-08-11,NIFTY,155285,7764250,12619.01,29293948,1464697400,2383287.97,2395906.98,63857.49,37.51959214,28117.28,24127166,23504730.78,188.8648927,16327.3,16338.75,16162.55,16282.25
2021-08-12,NIFTY,97269,4863450,7946.5,36868703,1843435150,3005268.65,3013215.15,55989.2,53.81779254,23033.46,19906759,23703889.42,378.1877116,16303.65,16375.5,16286.9,16364.4
2021-08-13,NIFTY,145667,7283350,11995.78,18439678,921983900,1512784.18,1524779.96,61542.84,24.77591154,21859.17,21029468,23847403.15,126.1096969,16385.7,16543.6,16376.3,16529.1
2021-08-16,NIFTY,98763,4938150,8167.07,17596234,879811700,1450722.33,1458889.4,54306.39,26.86404675,21918.57,19859478,23855802,177.6306962,16518.4,16589.4,16480.75,16563.05
2021-08-17,NIFTY,134927,6746350,11166.41,27790788,1389539400,2293889.78,2305056.19,64449.82,35.76512999,21457.92,21521836,23911503.39,205.4276871,16545.25,16628.55,16495.4,16614.6
2021-08-18,NIFTY,152480,7624000,12672.23,48753627,2437681350,4044432.72,4057104.95,58715.15,69.09809393,23436.16,19998404,23915457.34,319.1571428,16691.95,16701.85,16535.85,16568.85
2021-08-20,NIFTY,227424,11371200,18702.3,19545440,977272000,1610716.83,1629419.13,69324.63,23.50418791,24647.11,24559536,23646313.03,86.12399705,16382.5,16509.55,16376.05,16450.5
2021-08-23,NIFTY,192474,9623700,15874.08,20900337,1045016850,1725014.3,1740888.38,63392.27,27.46215556,28159.17,23324209,23601206.69,108.6686158,16592.25,16592.5,16395.7,16496.45
2021-08-24,NIFTY,196514,9825700,16299.48,19578347,978917350,1619897.59,1636197.07,61098.42,26.77969529,22805.97,21445823,23877368.8,99.38339076,16561.4,16647.1,16495.3,16624.6
2021-08-25,NIFTY,267087,13354350,22269.28,25833708,1291685400,2148540.18,2170809.46,53922.23,40.25815438,19230.37,18359107,23978047.37,96.48000205,16654,16712.45,16617.5,16634.65
2021-08-26,NIFTY,257014,12850700,21395.66,37682946,1884147300,3133157.76,3154553.42,53746.84,58.69281655,19693.98,17739888,24020766.41,146.4389395,16627.95,16683.7,16603.4,16636.9
2021-08-27,NIFTY,129422,6471100,10788.25,14379497,718974850,1200675.15,1211463.4,53347.06,22.709094,18856.98,17463104,24200109.23,111.2947095,16642.55,16722.05,16565.6,16705.2
2021-08-30,NIFTY,120898,6044900,10205.79,18901683,945084150,1586832.19,1597037.98,60454.74,26.41708458,19858.83,19662068,24552302.75,155.4835236,16775.85,16951.5,16764.85,16931.05
2021-08-31,NIFTY,157979,7898950,13456.77,28160068,1408003400,2389683.49,2403140.26,82861.48,29.00189883,24435.15,21014514,24828177.98,177.5822497,16947.5,17153.5,16915.85,17132.2
2021-09-01,NIFTY,151576,7578800,12994.85,34180776,1709038800,2924814.13,2937808.98,64228.34,45.74007331,23277.52,20723069,24838848,225.0748666,17185.6,17225.75,17055.05,17076.25
2021-09-02,NIFTY,120211,6010550,10333.95,43987106,2199355300,3772779.91,3783113.86,61581.81,61.43232653,27053.84,20840204,25090293.96,365.0859458,17095.4,17245.5,17059.7,17234.15
2021-09-03,NIFTY,145984,7299200,12622.46,17734890,886744500,1535908.8,1548531.26,63688.65,24.31408516,30657.46,21392827,25244439.97,121.6806233,17262.45,17340.1,17212.2,17323.6
2021-09-06,NIFTY,97622,4881100,8493.76,15140078,757003900,1315416.93,1323910.69,56272.2,23.52690476,22035.73,19131184,25316789.84,154.8686247,17399.35,17429.55,17345.55,17377.8
2021-09-07,NIFTY,155857,7792850,13544.01,22952424,1147621200,1995699.17,2009243.18,57625.19,34.86744564,28619.17,19483754,25254059.99,147.3492097,17401.55,17436.5,17287,17362.1
2021-09-08,NIFTY,122033,6101650,10583.92,28465868,1423293400,2470024.02,2480607.94,59691.11,41.55741014,31931.05,19438287,25287435.13,233.3751597,17375.75,17383.4,17254.2,17353.5
2021-09-09,NIFTY,99321,4966050,8611.73,39953684,1997684200,3464236.94,3472848.67,49803.51,69.73100229,23680.92,17434998,25375437.76,402.2695719,17312.85,17379.65,17302.7,17369.25
2021-09-13,NIFTY,113937,5696850,9873.09,15937877,796893850,1382544.19,1392417.28,52511.24,26.51655684,22011.51,19398532,25450034.09,140.0315595,17363.55,17378.35,17269.15,17355.3
2021-09-14,NIFTY,83258,4162900,7244.62,16718959,835947950,1454357.32,1461601.94,67383.91,21.69066681,37675.59,22077585,25567037.82,200.74998,17420.35,17438.55,17367.05,17380
2021-09-15,NIFTY,124759,6237950,10904.05,26979196,1348959800,2352948.97,2363853.02,74237.91,31.84158902,39097.84,23477185,25779334.87,215.7867004,17387.65,17532.7,17386.9,17519.45
2021-09-16,NIFTY,141039,7051950,12389.62,40053547,2002677350,3514440.42,3526830.04,75877.33,46.48068191,60922.77,24314217,25888440.85,283.6600654,17539.2,17644.6,17510.45,17629.5
2021-09-17,NIFTY,250177,12508850,22113.52,25027552,1251377600,2216400.31,2238513.83,105388.38,21.24061334,51601.96,27144640,25705839.97,100.2282907,17709.65,17792.95,17537.65,17585.15
2021-09-20,NIFTY,220228,11011400,19257.84,26316947,1315847350,2315788.72,2335046.56,64554.99,36.171434,30764.48,22707452,25357638.98,120.2517375,17443.85,17622.75,17361.8,17396.9
2021-09-21,NIFTY,211053,10552650,18419.37,27991486,1399574300,2445533.42,2463952.79,68706.16,35.86218164,27691.43,21983180,25549157.29,132.7696561,17450.5,17578.35,17326.1,17562
2021-09-22,NIFTY,127876,6393800,11237.98,23839754,1191987700,2095632.9,2106870.88,68733.86,30.65259073,26066.12,22016784,25667258.05,186.4777211,17580.9,17610.45,17524,17546.65
2021-09-23,NIFTY,158038,7901900,14035.79,44188624,2209431200,3913550.76,3927586.55,74189.74,52.93975353,26450.55,24073309,25983514.91,278.8265399,17670.85,17843.9,17646.55,17822.95
2021-09-24,NIFTY,157554,7877700,14087.61,16144849,807242450,1444512.21,1458599.82,79004.54,18.46222787,33020.54,24794512,25931661.92,102.5377768,17897.45,17947.65,17819.4,17853.2
2021-09-27,NIFTY,174106,8705300,15569.02,16471907,823595350,1474332.92,1489901.94,68710.09,21.68388864,25238.29,23362531,25915162.36,94.6965782,17932.2,17943.5,17802.9,17855.1
2021-09-28,NIFTY,349435,17471750,30989.18,31479443,1573972150,2805552.03,2836541.21,70654.44,40.14668024,28472.39,23625276,25770065.58,90.53327742,17906.45,17912.85,17576.1,17748.6
2021-09-29,NIFTY,303334,15166700,26843.32,28190164,1409508200,2501449.06,2528292.38,83199.82,30.38819531,37438.04,24635902,25805846.67,93.18702232,17657.95,17781.75,17608.15,17711.3
2021-09-30,NIFTY,366970,18348500,32426.03,51146426,2557321300,4529279.17,4561705.2,72973.52,62.51178784,38412.3,23294428,25806564.75,139.6803485,17718.9,17742.15,17585.35,17618.15
2021-10-01,NIFTY,168584,8429200,14747.45,14775737,738786850,1302676.3,1317423.75,64514.35,20.42063122,30935.41,22206912,25780317.08,88.3323083,17531.9,17557.15,17452.9,17532.05
2021-10-04,NIFTY,144810,7240500,12804.31,18998828,949941400,1681133.84,1693938.15,74422.3,22.76116366,29611.6,23238319,26086468.26,131.294372,17615.55,17750.9,17581.35,17691.25
2021-10-05,NIFTY,132839,6641950,11783.78,20555099,1027754950,1823209.37,1834993.15,71141.13,25.7937026,33785.45,23927496,26300537,154.7219458,17661.35,17833.45,17640.9,17822.3
2021-10-06,NIFTY,216564,10828200,19217.37,36267239,1813361950,3228160.87,3247378.24,76018.95,42.71800965,33922.46,25386288,26040966.99,167.981408,17861.5,17884.6,17613.15,17646
2021-10-07,NIFTY,170117,8505850,15161.42,42978651,2148932550,3829824.95,3844986.37,73840.84,52.07127072,30035.15,23632480,26330332.91,252.6033149,17810.55,17857.55,17763.8,17790.35
2021-10-08,NIFTY,137689,6884450,12317.78,14982188,749109400,1342555.5,1354873.28,74295.95,18.23616604,28671.37,24329265,26457460.32,108.9933007,17886.85,17941.85,17840.35,17895.2
2021-10-11,NIFTY,126637,6331850,11393.43,18042947,902147350,1622559.41,1633952.84,78652.83,20.77424093,33822.48,25538315,26541561.4,142.411847,17867.55,18041.95,17839.1,17945.95
2021-10-12,NIFTY,138399,6919950,12416.02,21854465,1092723250,1963469.1,1975885.12,75961.66,26.01161059,37796.26,25162077,26648717.2,158.1399756,17915.8,18008.65,17864.95,17991.95
2021-10-13,NIFTY,146544,7327200,13297.28,26953391,1347669550,2437669.18,2450966.46,92486.03,26.50093706,41739.96,28505288,26892073.89,183.3208882,18097.85,18197.8,18050.75,18161.75
2021-10-14,NIFTY,141916,7095800,12990.5,41611579,2080578950,3795141.88,3808132.38,98425.33,38.69057264,34624.53,28879492,27096744.36,292.1474832,18272.85,18350.75,18248.7,18338.55
2021-10-18,NIFTY,148181,7409050,13704.44,16628327,831416350,1533954.51,1547658.95,103684.44,14.92662689,48700.89,32015487,27277676.48,111.931207,18500.1,18543.15,18445.3,18477.05
2021-10-19,NIFTY,223349,11167450,20666.29,25254094,1262704700,2337020.71,2357687,105136.61,22.42498593,40359.72,32350359,26957579.27,113.0837083,18602.35,18604.45,18377.7,18418.75
2021-10-20,NIFTY,250754,12537700,23012.98,34971345,1748567250,3221212.47,3244225.45,94187.66,34.44427274,33229.33,30893878,26604209.21,139.9737222,18439.9,18458.3,18209.35,18266.6
2021-10-21,NIFTY,236032,11801600,21483.27,62552688,3127634400,5710005.71,5731488.98,85426.41,67.09270564,31386.03,27008676,26435070.08,265.7884815,18382.7,18384.2,18048,18178.1
2021-10-22,NIFTY,227529,11376450,20691.19,21532923,1076646150,1970487.61,1991178.8,79395.38,25.07927791,33138.41,26833614,26253923.56,95.23316977,18230.7,18314.25,18034.35,18114.9
2021-10-25,NIFTY,246448,12322400,22337.99,24116955,1205847750,2199626.61,2221964.6,80654.44,27.54919134,30439.41,27396286,26035528.24,98.47021196,18229.5,18241.4,17968.5,18125.4
2021-10-26,NIFTY,255725,12786250,23319.88,25628182,1281409100,2341840.84,2365160.72,73826.68,32.03666642,29237,24274659,26346130.66,100.4225082,18154.5,18310.45,18099.3,18268.4
2021-10-27,NIFTY,266898,13344900,24426.24,27362385,1368119250,2506025.82,2530452.06,70579.31,35.85260411,24566.92,22758768,26348117.66,102.5956439,18295.85,18342.05,18167.9,18210.95
2021-10-28,NIFTY,365504,18275200,32935.8,53265285,2663264250,4828161.15,4861096.95,76363.45,63.65737732,29322.08,26219092,25863993.98,146.5931039,18187.65,18190.7,17799.45,17857.25
2021-10-29,NIFTY,279681,13984050,24877.99,24572514,1228625700,2204696.16,2229574.15,78203.1,28.5100482,28937.34,27564754,25737782.53,88.62034915,17833.05,17915.85,17613.1,17671.65
2021-11-01,NIFTY,191548,9577400,17150.18,24740293,1237014650,2219792.68,2236942.86,63567.24,35.19018381,23844.26,22553008,26100645.34,129.432617,17783.15,17954.1,17697.1,17929.65
2021-11-02,NIFTY,160321,8016050,14388.38,29168474,1458423700,2623966.37,2638354.75,62997.97,41.87999629,22711.27,22225650,26156184.96,182.3670469,17970.9,18012.25,17847.6,17888.95
2021-11-03,NIFTY,180798,9039900,16180.26,51635037,2581751850,4632123.14,4648303.4,63159.54,73.59621999,21041.62,20466192,26129610.15,286.2823675,17947.95,17988.75,17757.95,17829.2
2021-11-04,NIFTY,30947,1547350,2773.68,3402512,170125600,306797.86,309571.54,11552.24,26.79753364,5702.35,6535787,26312660.84,110.6104021,17935.05,17947.55,17900.6,17916.8
2021-11-08,NIFTY,210221,10511050,18951.78,25098128,1254906400,2265011.86,2283963.64,70955.52,32.18866749,23529.23,23724780,26553716.56,119.5144657,18040.2,18087.8,17836.1,18068.55
2021-11-09,NIFTY,143100,7155000,12931.84,21569631,1078481550,1953271.04,1966202.88,68764.23,28.59339631,26583.42,22165651,26627458.84,151.0435514,18084.35,18112.6,17983.05,18044.25
2021-11-10,NIFTY,138261,6913050,12441.37,26932690,1346634500,2432619.29,2445060.66,69343.85,35.25994966,25574.34,22641777,26713995.71,195.5266414,17973.45,18061.25,17915,18017.2
2021-11-11,NIFTY,181332,9066600,16216.6,49303670,2465183500,4426764.53,4442981.13,58014.2,76.58437296,21579.17,20839522,26556149.46,272.9773522,17967.45,17971.35,17798.2,17873.6
2021-11-12,NIFTY,170929,8546450,15424.93,19466088,973304400,1759844.78,1775269.71,62741.58,28.29494747,22993.37,20819694,26834167.52,114.0909411,17977.6,18123,17905.9,18102.75
2021-11-15,NIFTY,118718,5935900,10780.49,19095856,954792800,1736046.63,1746827.12,62500.17,27.9491579,21506.27,21596606,26874400.83,161.0359668,18140.95,18210.15,18071.3,18109.45
2021-11-16,NIFTY,146826,7341300,13264.4,23471603,1173580150,2129517.37,2142781.77,66414.05,32.26398285,21767.05,22411881,26800430.31,160.5438143,18127.05,18132.65,17958.8,17999.2
2021-11-17,NIFTY,133173,6658650,11966.27,27667479,1383373950,2498039.5,2510005.77,62835.61,39.94559407,19423.98,21680323,26685366,208.7567387,17939.35,18022.65,17879.25,17898.65
2021-11-18,NIFTY,194590,9729500,17320.15,59016055,2950802750,5274466.25,5291786.4,71973.29,73.52430881,24088.54,25095177,26500437.09,304.5277466,17890.55,17945.6,17688.5,17764.8
2021-11-22,NIFTY,276780,13839000,24267.13,30692230,1534611500,2717684.72,2741951.85,74859.93,36.62776401,27984.7,27720605,25909000.97,111.9903639,17796.25,17805.25,17280.45,17416.55
2021-11-23,NIFTY,289108,14455400,25232.11,32767118,1638355900,2874812.21,2900044.32,76249.45,38.03364247,27600.21,24163614,26204752.54,113.9346733,17281.75,17553.7,17216.1,17503.35
2021-11-24,NIFTY,292675,14633750,25667.96,35357009,1767850450,3106918.56,3132586.52,64703.29,48.41464043,26995.82,22811906,26174494.74,121.0426758,17550.05,17600.6,17354,17415.05
2021-11-25,NIFTY,346197,17309850,30304.3,58808885,2940444250,5145509.94,5175814.24,62431.56,82.90381083,25708.74,21108828,26377243.47,169.7947136,17417.3,17564.35,17351.7,17536.25
2021-11-26,NIFTY,302466,15123300,26026.9,28229945,1411497250,2451990.35,2478017.25,80512.58,30.7780132,32388.8,30917361,25649276.25,94.20985019,17338.75,17355.4,16985.7,17026.45
2021-11-29,NIFTY,256326,12816300,21887.33,29586700,1479335000,2544647.43,2566534.76,69755.79,36.79314305,31546.12,28742146,25502113.93,116.2612082,17055.8,17160.7,16782.4,17053.95
2021-11-30,NIFTY,321269,16063450,27543.53,42445817,2122290850,3650222.45,3677765.98,116298.31,31.6235548,35669.12,29329655,25537037.97,132.5255859,17051.15,17324.65,16931.4,16983.2
2021-12-01,NIFTY,199285,9964250,17133.68,36126094,1806304700,3104395.71,3121529.39,58385.01,53.4645689,27860.78,21511391,25754436.62,181.1867451,17104.4,17213.05,17064.25,17166.9
2021-12-02,NIFTY,195094,9754700,16915.32,62470088,3123504400,5395435.07,5412350.39,57441.03,94.2244662,26550.59,20796179,26079007.47,318.9673663,17183.2,17420.35,17149.3,17401.65
2021-12-03,NIFTY,236056,11802800,20491.45,23812673,1190633650,2073783.39,2094274.84,61176.92,34.23308725,32297.54,21309538,25926748.62,101.2023742,17424.9,17489.8,17180.8,17196.7
2021-12-06,NIFTY,184741,9237050,15788.11,27106196,1355309800,2340342.52,2356130.63,50664.02,46.5050075,37130.89,19666022,25490062.45,148.2344955,17209.05,17216.75,16891.7,16912.25
2021-12-07,NIFTY,221420,11071000,19035.27,31394795,1569739750,2706324.04,2725359.31,53932.72,50.5325767,28085.63,19106899,25837537.37,142.1741872,17044.1,17251.65,16987.75,17176.7
2021-12-08,NIFTY,174190,8709500,15209.7,34757983,1737899150,3024403.09,3039612.79,59009.09,51.51092467,27355.56,20378825,26236995.69,198.8469917,17315.25,17484.6,17308.95,17469.75
2021-12-09,NIFTY,196823,9841150,17243.61,66922788,3346139400,5846139.61,5863383.22,56231.13,104.272904,44554.71,19568690,26341980.79,339.0322334,17524.4,17543.25,17379.6,17516.85
2021-12-10,NIFTY,163455,8172750,14313.93,18559429,927971450,1629213.72,1643527.65,55563.44,29.57929981,37654.99,19568876,26480222.88,113.8201542,17476.05,17534.35,17405.25,17511.3
2021-12-13,NIFTY,216547,10827350,18986.94,30470729,1523536450,2677930.47,2696917.41,60990.03,44.21898809,33433.67,21555410,26352341.9,141.0406558,17619.1,17639.5,17355.95,17368.25
2021-12-14,NIFTY,192993,9649650,16735.35,31736861,1586843050,2770191.89,2786927.24,57813.34,48.2056086,27540.84,20569762,26310979.66,165.5293669,17283.2,17376.2,17225.8,17324.9
2021-12-15,NIFTY,171233,8561650,14800.57,36714381,1835719050,3192374.66,3207175.23,52170.41,61.47498611,24396.94,19651187,26147016.99,215.6926835,17323.65,17351.2,17192.2,17221.4
2021-12-16,NIFTY,198019,9900950,17138.26,66036126,3301806300,5722707.7,5739845.96,58783.5,97.64382794,28299.45,19536516,26106378.82,333.9141605,17373,17379.35,17184.95,17248.4
2021-12-17,NIFTY,233882,11694100,19995.33,25915535,1295776750,2237804.31,2257799.64,72672.29,31.06823302,31217.67,23524147,25642129.8,111.916348,17276,17298.15,16966.45,16985.2
2021-12-20,NIFTY,337565,16878250,28067.47,35987677,1799383850,3035067.19,3063134.66,62382.9,49.10215235,31483.06,26666998,24964606.16,108.1346908,16824.25,16840.1,16410.2,16614.2
2021-12-21,NIFTY,266488,13324400,22442.33,38586355,1929317750,3264006.96,3286449.29,54543.92,60.25326544,26232.62,19916134,25272983.63,145.4397543,16773.15,16936.4,16688.25,16770.85
2021-12-22,NIFTY,172103,8605150,14560.47,36509833,1825491650,3091399.31,3105959.78,47240,65.74851355,23641.39,17465381,25619601.54,212.3145276,16865.55,16971,16819.5,16955.45
2021-12-23,NIFTY,179121,8956050,15308.56,62719655,3135982750,5355052.41,5370360.97,45161.11,118.9156106,23348.57,17229892,25826606.8,349.8077161,17066.8,17118.65,17015.55,17072.6
2021-12-24,NIFTY,207906,10395300,17690.85,22650519,1132525950,1939340.01,1957030.86,43094.56,45.41248037,23360.72,15653445,25682950.18,109.6239022,17149.5,17155.6,16909.6,17003.75
2021-12-27,NIFTY,237997,11899850,20279,25077800,1253890000,2142666.92,2162945.92,40153.5,53.86693364,23539.26,16104787,25785973.66,105.6593974,16937.75,17112.05,16833.2,17086.25
2021-12-28,NIFTY,187590,9379500,16163.78,24941326,1247066300,2140731.39,2156895.17,43474.89,49.61243536,24036.91,16718956,26047073.03,132.4400227,17177.6,17250.25,17161.15,17233.25
2021-12-29,NIFTY,213893,10694650,18453.17,31945954,1597297700,2753731.76,2772184.93,43702.95,63.43244403,29489.69,16882934,26055050.82,149.2281142,17220.1,17285.95,17176.65,17213.6
2021-12-30,NIFTY,262462,13123100,22641.34,49132126,2456606300,4232110.78,4254752.12,53633.1,79.33071406,28130.05,18377921,26005062.51,186.9196249,17201.45,17264.05,17146.35,17203.95
2021-12-31,NIFTY,146365,7318250,12731.89,16177228,808861400,1404661.18,1417393.07,44494.6,31.85539526,29220.74,17859383,26402579.45,110.3262108,17244.5,17400.8,17238.5,17354.05
2022-01-03,NIFTY,167701,8385050,14752.41,23335748,1166787400,2043829.3,2058581.71,47115.27,43.69245279,37442.02,19463450,26743785.63,138.5420619,17387.15,17646.65,17383.3,17625.7
2022-01-04,NIFTY,160967,8048350,14294.84,32044331,1602216550,2836822.29,2851117.13,55309.95,51.54799688,39919.62,22302162,26937998.71,198.4507899,17681.4,17827.6,17593.55,17805.25
2022-01-05,NIFTY,170971,8548550,15303.56,39978076,1998903800,3564951.62,3580255.18,60259.42,59.41403319,33294.89,21876115,27045956.25,232.9491713,17820.1,17944.7,17748.85,17925.25
2022-01-06,NIFTY,252601,12630050,22442.74,65298169,3264908450,5798283.41,5820726.15,57861.6,100.5973936,36185.39,20833056,26909699.57,258.3589798,17768.5,17797.95,17655.55,17745.9
2022-01-07,NIFTY,188801,9440050,16854.74,22704027,1135201350,2029111.08,2045965.82,60596.66,33.76367311,38560.42,22178111,27026510.4,120.3881567,17797.6,17905,17704.55,17812.7
2022-01-10,NIFTY,144023,7201150,12961.4,22999327,1149966350,2063207.89,2076169.29,59513.57,34.88564524,33849.26,23359189,27250000.86,159.1809442,17913.3,18017.45,17879.15,18003.3
2022-01-11,NIFTY,140994,7049700,12739.21,25440898,1272044900,2293133.37,2305872.58,65115.88,35.41183165,56063.17,25808989,27303694.73,180.0059321,17997.75,18081.25,17964.4,18055.75
2022-01-12,NIFTY,131979,6598950,12021.53,31771538,1588576900,2881361.45,2893382.98,63758.74,45.38017815,46644.96,25352637,27510733.49,239.6834222,18170.4,18227.95,18128.8,18212.35
2022-01-13,NIFTY,144723,7236150,13215.63,55313312,2765665600,5038746.53,5051962.16,66651.61,75.79655105,35687.25,23873540,27602694.8,381.2717615,18257,18272.25,18163.8,18257.8
2022-01-14,NIFTY,138071,6903550,12588.98,19209160,960458000,1755438.59,1768027.57,61950.78,28.53923018,35745.5,22565457,27637712.17,139.4424799,18185,18286.95,18119.65,18255.75
2022-01-17,NIFTY,95870,4793500,8779.39,18930938,946546900,1729712.64,1738492.03,63291.7,27.46793071,31673.23,24082069,27784588.29,197.0196836,18235.65,18321.55,18228.75,18308.1
2022-01-18,NIFTY,233256,11662800,21270.67,38649371,1932468550,3536113.84,3557384.51,64672.64,55.0060197,36794.59,26377287,27391095.95,166.243651,18337.2,18350.95,18085.9,18113.05
2022-01-19,NIFTY,216026,10801300,19441.21,47943233,2397161650,4341240.97,4360682.18,67398.58,64.69991178,30212.52,24536112,27249350.9,223.3009658,18129.2,18129.2,17884.9,17938.4
2022-01-20,NIFTY,256689,12834450,22877.42,76944715,3847235750,6878494.22,6901371.64,63520.91,108.6472414,27889.9,23038835,27090232.29,300.6673926,17921,17943.7,17648.45,17757
2022-01-21,NIFTY,307146,15357300,27070.64,28583280,1429164000,2537612.84,2564683.48,67892.33,37.77574698,32661.87,25998957,26736047.61,93.74040806,17613.7,17707.6,17485.85,17617.15
2022-01-24,NIFTY,416863,20843150,36034.29,42683018,2134150900,3733266.19,3769300.48,74190.19,50.80591491,36007.17,31246832,25828627.44,103.6031566,17575.15,17599.4,16997.85,17149.1
2022-01-25,NIFTY,428449,21422450,36704.79,48419101,2420955050,4177161.22,4213866.01,73375.93,57.42845113,32722.66,29040087,26050822.68,113.8042533,17001.55,17309.15,16836.8,17277.95
2022-01-27,NIFTY,532738,26636900,45350.17,86630581,4331529050,7405400.55,7450750.72,79900.68,93.25015407,33369.82,29444458,25773695.78,163.2937771,17062,17182.5,16866.75,17110.15
2022-01-28,NIFTY,274600,13730000,23713.55,19240289,962014450,1682387.78,1706101.33,70719.27,24.12498503,31154.42,26120277,25884958.89,70.94626406,17208.3,17373.5,17077.1,17101.95
2022-01-31,NIFTY,226326,11316300,19649.12,18665425,933271250,1634584.5,1654233.62,60455.04,27.36303905,25289.1,22881402,26219158.75,83.18868733,17301.05,17410,17264.15,17339.85
2022-02-01,NIFTY,393967,19698350,34514.86,44005536,2200276800,3883943.8,3918458.66,70603,55.49988896,32657.85,24732554,26523200.31,112.5296119,17529.45,17622.4,17244.55,17576.85
2022-02-02,NIFTY,182852,9142600,16229.81,37059383,1852969150,3283748.76,3299978.57,60041.51,54.96161855,29334.27,21863844,26850981.36,202.3282318,17706.2,17794.6,17674.8,17780
2022-02-03,NIFTY,227142,11357100,20050.2,67548362,3377418100,5979233.42,5999283.62,57581.64,104.1874393,28804.89,21958228,26633198.33,298.213156,17767.75,17781.15,17511.15,17560.2
2022-02-04,NIFTY,204368,10218400,17933.82,25015816,1250790800,2204818.94,2222752.76,55626.97,39.95818503,25509.47,20828612,26554653.54,122.9419577,17590.2,17617.8,17462.55,17516.3
2022-02-07,NIFTY,233910,11695500,20245.36,36266270,1813313500,3173378.54,3193623.9,58461.41,54.62789727,29416.58,22805425,26259953.51,156.7459675,17456.3,17536.75,17119.4,17213.6
2022-02-08,NIFTY,262945,13147250,22620.04,48309239,2415461950,4179697.99,4202318.03,62591.96,67.13830387,30674.36,23431288,26200255.89,184.7785411,17279.85,17306.45,17043.65,17266.75
2022-02-09,NIFTY,166820,8341000,14538.44,42044711,2102235550,3666766.23,3681304.67,52658.89,69.9085125,22982.96,20001530,26445453.78,252.2118075,17370.1,17477.15,17339,17463.8
2022-02-10,NIFTY,197102,9855100,17327.93,71971466,3598573300,6318545.66,6335873.59,58378.57,108.5308117,26637,22048435,26580230.2,364.6451515,17554.1,17639.45,17427.15,17605.85
2022-02-11,NIFTY,265599,13279950,23067.75,27956835,1397841750,2443784.8,2466852.55,59777.87,41.26698643,24303.49,22974788,26188966.12,105.9394523,17451,17454.75,17303,17374.75
2022-02-14,NIFTY,279229,13961450,23699.07,34208291,1710414550,2933863.3,2957562.37,62399.6,47.39713668,27410.35,27566813,25340762.42,123.7965583,17076.15,17099.5,16809.65,16842.8
2022-02-15,NIFTY,352345,17617250,30145.74,51089416,2554470800,4390803.22,4420948.96,61244.26,72.18552335,28021.71,24885595,25984574.52,145.6525274,16933.25,17375,16839.25,17352.45
2022-02-16,NIFTY,307095,15354750,26678.19,63140315,3157015750,5490694.81,5517373,55336.16,99.7064668,26366.15,20517089,26018355.38,205.8121188,17408.45,17490.6,17257.7,17322.2
2022-02-17,NIFTY,278416,13920800,24145.88,85152688,4257634400,7391535.99,7415681.87,46817.8,158.3944968,20351.03,17113375,25991006.92,306.1199671,17396.55,17442.9,17235.85,17304.6
2022-02-18,NIFTY,225211,11260550,19491.55,21186447,1059322350,1841620.09,1861111.64,40055.47,46.46335794,17956.86,15925478,25847743.44,94.48299853,17236.05,17380.8,17219.2,17276.3
2022-02-21,NIFTY,303708,15185400,26166.37,32525214,1626260700,2817156.17,2843322.54,48051.74,59.17210365,25814.76,19553561,25542776.58,107.6632399,17192.25,17351.05,17070.7,17206.65
2022-02-22,NIFTY,423123,21156150,35956.32,41393027,2069651350,3542169.26,3578125.58,57286.66,62.4600139,25260.77,22817972,25292531.85,98.51311981,16847.95,17148.55,16843.8,17092.2
2022-02-23,NIFTY,306828,15341400,26322.22,43705991,2185299550,3756504.49,3782826.71,44953.53,84.14971438,21551.74,18085176,25378504.43,142.7122974,17194.5,17220.7,17027.85,17063.25
2022-02-24,NIFTY,732436,36621800,60454.11,97433714,4871685700,8110229.5,8170683.61,85114.46,95.99642188,38595.44,33428626,24050259.58,134.1551385,16548.9,16705.25,16203.25,16247.95
2022-02-25,NIFTY,423664,21183200,35316.59,25503440,1275172000,2144105.36,2179421.95,62483.37,34.88003208,29570.17,23185055,24813530.17,60.71099616,16515.65,16748.8,16478.3,16658.4
2022-02-28,NIFTY,345107,17255350,28704.72,35056583,1752829150,2939606.33,2968311.05,69378.48,42.78431943,29110.28,22562484,25053580.51,102.4084656,16481.6,16815.9,16356.3,16793.9
2022-03-02,NIFTY,302157,15107850,25044.73,46336978,2316848900,3867064.57,3892109.3,72563.42,53.63734648,26629.07,24853672,24973429.1,154.406319,16593.1,16678.5,16478.65,16605.95
2022-03-03,NIFTY,251440,12572000,20864.11,85510210,4275510500,7115938.9,7136803.01,65478.9,108.9939356,27564.5,22891727,24904063.81,341.0612243,16723.2,16768.95,16442.95,16498.05
2022-03-04,NIFTY,385149,19257450,31398.3,27707825,1385391250,2296757.51,2328155.81,69260.5,33.6144817,28889.98,25334849,24462206.81,73.14910393,16339.45,16456,16133.8,16245.35
2022-03-07,NIFTY,452506,22625300,35882.68,28669811,1433490550,2330396.88,2366279.56,71007.03,33.32458152,27723.56,27471725,23899636.21,64.94489486,15867.95,15944.6,15711.45,15863.15
2022-03-08,NIFTY,411661,20583050,32641.53,37789899,1889494950,3041004.44,3073645.97,72629.14,42.31973516,26596.13,25534976,24157539.67,93.16366114,15747.75,16028.75,15671.45,16013.45
2022-03-09,NIFTY,336424,16821200,27300.69,48928261,2446413050,3983682.36,4010983.05,69213.33,57.9510197,26474.21,23283574,24619149.62,145.9187427,16078,16418.05,15990,16345.35
2022-03-10,NIFTY,348404,17420200,28992.77,101894703,5094735150,8486147.45,8515140.22,73804.14,115.3748315,27247.56,23826332,24982438.1,292.698747,16757.1,16757.3,16447.9,16594.9
2022-03-11,NIFTY,237843,11892150,19777.98,22390751,1119537550,1871627.27,1891405.25,58538.87,32.31024531,22666.2,20307921,25070147.21,94.63187191,16528.8,16694.4,16470.9,16630.45
2022-03-14,NIFTY,227384,11369200,19073.49,25357714,1267885700,2131506.56,2150580.05,60579.08,35.50037488,22691.94,21132566,25213816.27,111.7523096,16633.7,16887.95,16606.5,16871.3
2022-03-15,NIFTY,299005,14950250,25056.51,38852618,1942630900,3274287.37,3299343.88,68223.49,48.36081942,25430.38,24483052,24954054.99,130.6761145,16900.65,16927.75,16555,16663
2022-03-16,NIFTY,262081,13104050,22202.23,42940231,2147011550,3637057.34,3659259.57,54733.37,66.85609839,20884.73,19731119,25400871.28,163.8149564,16876.65,16987.9,16837.85,16975.35
2022-03-17,NIFTY,322638,16131900,27928.53,82989137,4149456850,7149495.12,7177423.65,86007.6,83.45103979,35620.49,23729323,25803365.73,255.9925324,17202.9,17344.6,17175.75,17287.05
2022-03-21,NIFTY,223677,11183850,19286.74,26608696,1330434800,2304740.03,2324026.77,58915.99,39.44645197,22615.97,21569122,25603706.79,119.498683,17329.5,17353.35,17096.4,17117.6
2022-03-22,NIFTY,278292,13914600,23965.75,38769034,1938451700,3355886.48,3379852.23,61821.3,54.67132251,23095.76,20934271,25793016.37,140.0284356,17120.4,17334.4,17006.3,17315.5
2022-03-23,NIFTY,255601,12780050,22160.19,53986837,2699341850,4685915.06,4708075.25,61536.32,76.50888532,24459.07,20569134,25776846.64,211.4564478,17405.05,17442.4,17199.6,17245.65
2022-03-24,NIFTY,225529,11276450,19454.96,85749868,4287493400,7400913.16,7420368.12,59010.78,125.7459759,23548.35,19848982,25820968.82,380.4126639,17094.95,17291.75,17091.15,17222.75
2022-03-25,NIFTY,197576,9878800,16987.01,20461466,1023073300,1773148.42,1790135.43,58467.66,30.61753164,22846.9,19433018,25750359.35,104.3826088,17289,17294.9,17076.55,17153
2022-03-28,NIFTY,281975,14098750,24215.64,30707399,1535369950,2651411.94,2675627.58,59009.75,45.34212702,25105.91,21472367,25791934.04,109.4917144,17181.85,17235.1,17003.9,17222
2022-03-29,NIFTY,261122,13056100,22646.05,31973802,1598690100,2769414.54,2792060.59,62483.08,44.68506658,30944.15,21780761,25929473.32,122.2912844,17297.2,17343.65,17235.7,17325.3
2022-03-30,NIFTY,358876,17943800,31431.88,40501746,2025087300,3535392.24,3566824.12,74708.48,47.74322968,32871.36,22624292,26152352.34,112.4779122,17468.15,17522.5,17387.2,17498.25
2022-03-31,NIFTY,363432,18171600,31865.48,70014663,3500733150,6129003.65,6160869.13,66868.82,92.13366005,28469.58,20954262,26181063.83,192.339913,17519.2,17559.8,17435.2,17464.75
2022-04-01,NIFTY,228005,11400250,20075.44,19208706,960435300,1688531.04,1708606.48,61450.25,27.80471162,29378.43,20571711,26564166.05,84.10929175,17436.9,17703.7,17422.7,17670.45
2022-04-04,NIFTY,277516,13875800,24998.84,40311209,2015560450,3616083.75,3641082.59,81334.92,44.76653558,31083.26,24243680,27031466.17,144.6500618,17809.1,18114.65,17791.4,18053.4
2022-04-05,NIFTY,210416,10520800,19021.58,37460909,1873045450,3385327.87,3404349.45,75892.09,44.85776383,31876.87,24383981,27156778.74,177.9730112,18080.6,18095.45,17921.55,17957.4
2022-04-06,NIFTY,219969,10998450,19678.17,47150676,2357533800,4227099.85,4246778.02,76500,55.51343817,41353.65,24738739,27142539.77,214.8116339,17842.75,17901,17779.85,17807.65
2022-04-07,NIFTY,242855,12142750,21583.45,78113698,3905684900,6941797.31,6963380.76,79373.31,87.7294995,48503.65,26738664,26905966.41,321.6259361,17723.3,17787.5,17623.7,17639.55
2022-04-08,NIFTY,253358,12667900,22569.54,31047379,1552368950,2770705.22,2793274.76,70893.14,39.40119961,34219.31,22357395,27183709.8,122.7630346,17698.15,17842.75,17600.55,17784.35
2022-04-11,NIFTY,230038,11501900,20419.08,37310729,1865536450,3327402.17,3347821.25,63754.96,52.51075759,28578.31,23475481,27279365.65,162.9555382,17740.9,17779.05,17650.95,17674.95
2022-04-12,NIFTY,250779,12538950,22028.54,56568396,2828419800,4993451.06,5015479.6,68869.02,72.82635356,26678.54,24453864,26969715.59,226.6809811,17584.85,17595.3,17442.35,17530.3
2022-04-13,NIFTY,222523,11126150,19571.77,83178850,4158942500,7322389.94,7341961.71,56580.43,129.7615043,22642.8,20195646,26973725.39,374.1301855,17599.9,17663.65,17457.4,17475.65
2022-04-18,NIFTY,229441,11472050,19751.49,30977916,1548895800,2691309.42,2711060.91,71333.94,38.00520355,26322.94,25886052,26711240.72,136.2585516,17183.45,17237.75,17067.85,17173.65
2022-04-19,NIFTY,302936,15146800,25975.09,46830627,2341531350,4048754.26,4074729.35,79603.45,51.18784864,29816.33,26503892,26372177.09,155.8706538,17258.95,17275.65,16824.7,16958.65
2022-04-20,NIFTY,262659,13132950,22503.1,57706606,2885330300,4954174.47,4976677.57,62399.82,79.7546783,23449.64,22370680,26594154.35,220.1551995,17045.25,17186.9,16978.95,17136.55
2022-04-21,NIFTY,241102,12055100,20938.21,81467330,4073366500,7058851.07,7079789.28,62788.94,112.755356,24414.78,20147248,26945227.09,337.1277234,17234.6,17414.7,17215.5,17392.6
2022-04-22,NIFTY,238445,11922250,20553.89,28736346,1436817300,2493060.74,2513614.63,64295.64,39.09463581,26475.87,21681112,26729716.32,121.2938641,17242.75,17315.3,17149.2,17171.95
2022-04-25,NIFTY,304772,15238600,25863.04,34945758,1747287900,2995719.88,3021582.92,58472.02,51.67570609,25435.79,22045729,26294351.67,115.830153,17009.05,17054.3,16888.7,16953.95
2022-04-26,NIFTY,272694,13634700,23404.45,39073458,1953672900,3360926.62,3384331.07,57403.97,58.95639396,22905.3,20404140,26710116.64,143.6020338,17121.3,17223.85,17064.45,17200.8
2022-04-27,NIFTY,351457,17572850,29976.58,51951534,2597576700,4451248.11,4481224.69,64962.92,68.98126947,27530.94,22351156,26467202.9,148.4908589,17073.35,17110.7,16958.45,17038.4
2022-04-28,NIFTY,396493,19824650,34116.11,89301736,4465086800,7684007.21,7718123.32,67021.36,115.159157,25940.68,21770662,26715125.34,225.231048,17189.5,17322.5,17071.05,17245.05
2022-04-29,NIFTY,305125,15256250,26351.61,35000367,1750018350,3043191.71,3069543.32,69312.55,44.28553444,26154.99,23337570,26459284.79,115.4840903,17329.25,17377.65,17053.25,17102.55
2022-05-02,NIFTY,214053,10702650,18212.64,34883217,1744160850,2994986.5,3013199.14,52729.63,57.1443255,22023.96,20930593,26353134.62,164.4454895,16924.45,17092.25,16917.25,17069.1
2022-05-04,NIFTY,361695,18084750,30518.35,72551849,3627592450,6186643.43,6217161.78,61665.96,100.819995,23794.83,23888920,25751426.7,202.7188046,17096.6,17132.85,16623.95,16677.6
2022-05-05,NIFTY,298117,14905850,25086.2,112758869,5637943450,9515297.01,9540383.21,52171.92,182.8643303,20101.46,19437960,25756054.48,379.3040401,16854.75,16945.7,16651.85,16682.65
2022-05-06,NIFTY,294416,14720800,24168.18,33272547,1663627350,2777205.68,2801373.86,59820.17,46.82992141,21736.85,23112226,25311424.39,114.9116599,16415.55,16484.2,16340.9,16411.25
2022-05-09,NIFTY,287355,14367750,23391.16,44299445,2214972250,3652482.56,3675873.72,55853.73,65.81250205,21764.51,22029215,24988136.31,156.1479875,16227.7,16403.7,16142.1,16301.85
2022-05-10,NIFTY,285262,14263100,23272.09,45171314,2258565700,3715033.85,3738305.94,53609.18,69.7325708,19628.77,21886892,24647353.25,159.634732,16248.9,16404.55,16197.3,16240.05
2022-05-11,NIFTY,321159,16057950,25940.24,71077150,3553857500,5797895.01,5823835.25,60615.48,96.07834913,26727.42,25503493,24438950.82,223.5096903,16270.05,16318.75,15992.6,16167.1
2022-05-12,NIFTY,340162,17008100,26966.8,106496664,5324833200,8519436.13,8546402.93,56661.92,150.8315096,24130.97,24163535,23902974.4,315.9231399,16021.1,16041.95,15735.75,15808
2022-05-13,NIFTY,355189,17759450,28312.43,36629226,1831461300,2958119.67,2986432.1,62286.41,47.94676881,24432.15,24716399,23936882.44,104.4813063,15977,16083.6,15740.85,15782.15
2022-05-16,NIFTY,241926,12096300,19201.62,35660689,1783034450,2862440.78,2881642.4,46863.04,61.49072702,20512.09,19034651,24146999.87,149.0728793,15845.1,15977.95,15739.65,15842.3
2022-05-17,NIFTY,282978,14148900,22789.89,50142409,2507120450,4047153.34,4069943.23,55967.23,72.72011193,21028.17,20878737,25352389.56,177.5854706,15912.6,16284.25,15900.8,16259.3
2022-05-18,NIFTY,287197,14359850,23369.3,68620713,3431035650,5595167.48,5618536.78,59932.35,93.74798051,22632.81,21275257,25374199.33,239.4238373,16318.15,16399.8,16211.2,16240.3
2022-05-19,NIFTY,308199,15409950,24417.75,90856507,4542825350,7260592.05,7285009.8,54147.64,134.5397473,21256.23,20957252,24702012.59,297.3489388,15917.4,15984.75,15775.2,15809.4
2022-05-20,NIFTY,334798,16739900,27038.19,30669593,1533479650,2499610.34,2526648.53,53004.9,47.66820671,20346.03,18641582,25272635.24,92.44739903,16043.8,16283.05,16003.85,16266.15
2022-05-23,NIFTY,326775,16338750,26598.7,37848222,1892411100,3092427.55,3119026.25,55019.2,56.6897783,20954.22,19854821,25157943.01,116.2623568,16290.95,16414.7,16185.75,16214.7
2022-05-24,NIFTY,326232,16311600,26321.46,45894975,2294748750,3736593.08,3762914.54,51647.55,72.8575613,22924.99,18768375,25003011.28,141.9599475,16225.55,16262.8,16078.6,16125.15
2022-05-25,NIFTY,362814,18140700,29170.26,57540247,2877012350,4661800.54,4690970.8,49461.38,94.84108207,18839.92,19393604,24612994.25,159.8134724,16196.35,16223.35,16006.95,16025.8
2022-05-26,NIFTY,527351,26367550,42291.38,121189065,6059453250,9755620.31,9797911.69,59682.59,164.166999,22667.75,22138455,24835758.03,230.6763295,16105,16204.45,15903.7,16170.15
2022-05-27,NIFTY,239822,11991100,19537.23,27750703,1387535150,2271805.93,2291343.16,47970.02,47.76614977,18002.45,17696766,25095413.74,116.2808612,16296.6,16370.6,16221.95,16352.45
2022-05-30,NIFTY,223031,11151550,18524.11,34739974,1736998700,2882697.09,2901221.2,51125.9,56.74660397,19631.62,18147052,25619518.42,155.6186554,16527.9,16695.5,16506.15,16661.4
2022-05-31,NIFTY,252833,12641650,20999.38,48921006,2446050300,4076707.93,4097707.31,110982.8,36.92200332,32722.92,22038484,25568863.03,194.1346806,16578.45,16690.75,16521.9,16584.55
2022-06-01,NIFTY,243249,12162450,20110.59,61696767,3084838350,5123979.95,5144090.54,49750.81,103.3971214,19642.08,18604281,25497099.42,254.7901354,16594.4,16649.2,16438.85,16522.75
2022-06-02,NIFTY,259350,12967500,21456.42,102145331,5107266550,8463696.85,8485153.27,49672.72,170.8211926,20693.07,17509358,25694440.68,394.4598796,16481.65,16646.4,16443.05,16628
2022-06-03,NIFTY,217013,10850650,18124.54,27700369,1385018450,2325924.22,2344048.76,51859.34,45.20012711,18545.88,17259847,25500250.99,128.3301104,16761.65,16793.85,16567.9,16584.3
2022-06-06,NIFTY,193394,9669700,16003.39,33733275,1686663750,2813235.65,2829239.04,42253.36,66.95891262,17644.19,15893764,25439298.49,175.7899826,16530.7,16610.95,16444.55,16569.55
2022-06-07,NIFTY,229895,11494750,18874.73,38441751,1922087550,3184721.8,3203596.53,42434.17,75.49568025,17658.81,15194659,25232647.39,168.7293964,16469.6,16487.25,16347.1,16416.35
2022-06-08,NIFTY,284085,14204250,23323.72,70809317,3540465850,5840159.32,5863483.04,43938.32,133.4480481,17819.68,16914220,25151759.19,250.3957053,16474.95,16514.3,16293.35,16356.25
2022-06-09,NIFTY,268580,13429000,22022.08,104625964,5231298200,8577535.68,8599557.76,40284.5,213.4706341,16124.01,15092929,25292460.27,389.497072,16263.85,16492.8,16243.85,16478.1
2022-06-10,NIFTY,290316,14515800,23594.61,27250549,1362527450,2237344.4,2260939.01,40233.96,56.19479191,15172.15,15053054,24979950.32,94.82438574,16283.95,16324.7,16172.6,16201.8
2022-06-13,NIFTY,302630,15131500,23873.81,40350693,2017534650,3243689.81,3267563.62,44277.64,73.79714953,18636.63,18744967,24313175.32,135.8681254,15877.55,15886.15,15684,15774.4
2022-06-14,NIFTY,265110,13255500,20903.75,51608169,2580408450,4112772.1,4133675.85,44327.35,93.25339435,18016.17,16816701,24268569.74,196.7480524,15674.25,15858,15659.45,15732.1
2022-06-15,NIFTY,187627,9381350,14770.99,49005953,2450297650,3893368.56,3908139.55,36570.98,106.8645016,14535.35,14410500,24275722.05,263.5820998,15729.25,15783.65,15678.9,15692.15
2022-06-16,NIFTY,430019,21500950,33445,150257114,7512855700,11768586.58,11802031.58,47921.21,246.2799161,20318.71,20026148,23729134.56,351.8788034,15832.25,15863.15,15335.1,15360.6
2022-06-17,NIFTY,388464,19423200,29744.19,38922749,1946137450,3024730.45,3054474.64,61193.17,49.91528695,21516.53,21059837,23479865.06,101.6914715,15272.65,15400.4,15183.4,15293.5
2022-06-20,NIFTY,258205,12910250,19766.55,42116277,2105813850,3260567.43,3280333.98,44955.58,72.96833852,21153.73,19486767,23298856.33,164.9537947,15334.5,15382.5,15191.1,15350.15
2022-06-21,NIFTY,300690,15034500,23458.56,58447919,2922395950,4568085.21,4591543.77,43554.92,105.419635,19914.46,16387307,23872728.02,194.7299924,15455.95,15707.25,15419.85,15638.8
2022-06-22,NIFTY,301058,15052900,23256.77,68371733,3418586650,5313338.94,5336595.71,38618.7,138.1868294,17534.93,15945545,23530296.53,228.4641823,15545.65,15565.4,15385.95,15413.3
2022-06-23,NIFTY,396345,19817250,30759.02,146531030,7326551500,11388430.99,11419190.01,42435.31,269.0964202,16587.65,16439684,23768933.12,370.2468736,15451.55,15628.45,15367.5,15556.65
2022-06-24,NIFTY,247312,12365600,19398.65,30628098,1531404900,2420361.03,2439759.68,40356.18,60.45566454,16507.59,15598181,24031926.16,124.7695603,15657.4,15749.25,15619.45,15699.25
2022-06-27,NIFTY,248889,12444450,19761.56,38058907,1902945350,3032391.34,3052152.9,40649.96,75.08378606,16889.1,15960123,24265927.4,153.4489858,15926.2,15927.45,15815.5,15832.05
2022-06-28,NIFTY,283361,14168050,22364.89,44989387,2249469350,3570353.29,3592718.18,40876.86,87.89124654,17161.12,15672054,24317540.7,159.6409949,15757.45,15892.1,15710.15,15850.2
2022-06-29,NIFTY,343279,17163950,27067.9,60354962,3017748100,4780528.53,4807596.43,47365.66,101.4996187,18337.85,16704758,24257437.87,176.6124646,15701.7,15861.6,15687.8,15799.1
2022-06-30,NIFTY,504558,25227900,39830.54,112545269,5627263450,8908536.75,8948367.29,47834.51,187.0692789,16599.15,17697578,24203324.25,223.6609584,15774.5,15890,15728.85,15780.25
2022-07-01,NIFTY,326573,16328650,25561.2,37460612,1873030600,2951377.42,2976938.62,46586.45,63.90138377,16593.78,15698846,24213052.49,115.4631793,15703.7,15793.95,15511.05,15752.05
2022-07-04,NIFTY,222064,11103200,17486.34,36668031,1833401550,2898070.17,2915556.51,39002.19,74.75366153,14399.47,14630005,24344838.54,165.7333765,15710.5,15852.35,15661.8,15835.35
2022-07-05,NIFTY,286635,14331750,22784.68,57140200,2857010000,4557420.9,4580205.58,41185.67,111.2087185,15663.44,15762213,24350366.28,200.0212818,15909.15,16025.75,15785.45,15810.85
2022-07-06,NIFTY,334855,16742750,26638.39,82132708,4106635400,6542012.98,6568651.37,46075.99,142.5612639,16062.97,16421277,24650792.43,245.5858999,15818.2,16011.35,15800.9,15989.8
2022-07-07,NIFTY,235771,11788550,18993.59,109757970,5487898500,8824305.66,8843299.25,46324.01,190.9009874,16883.23,16231654,24877357.71,464.5938793,16113.75,16150.5,16045.95,16132.9
2022-07-08,NIFTY,203937,10196850,16528.46,26513720,1325686000,2152040.55,2168569.01,42767.06,50.7065253,15701.59,15527833,24975559.33,130.2021211,16273.65,16275.5,16157.9,16220.6
2022-07-11,NIFTY,233845,11692250,18906.85,35811725,1790586250,2905270.95,2924177.8,45488.92,64.283298,18070.67,16109202,25143511.59,153.6623472,16136.15,16248.55,16115.5,16216
2022-07-12,NIFTY,251900,12595000,20271.96,41746796,2087339800,3379192.42,3399464.38,40334.05,84.28274324,17708.84,15241764,25005283.99,166.6929305,16126.2,16158.75,16031.15,16058.3
2022-07-13,NIFTY,260391,13019550,20896.92,59548603,2977430150,4800712.82,4821609.74,42405.68,113.7019791,15918.19,15410074,24914786.66,229.7330334,16128.2,16140,15950.15,15966.65
2022-07-14,NIFTY,261911,13095550,20916.08,116343821,5817191050,9311336.48,9332252.56,42083.53,221.7554602,14736.76,15315592,24876235.24,445.1759833,16018.85,16070.85,15858.2,15938.65
2022-07-15,NIFTY,209065,10453250,16737.91,30611063,1530553150,2455607.09,2472345,41347.23,59.79469483,14405.85,14120516,25011690.43,146.7093018,16010.8,16066.95,15927.3,16049.2
2022-07-18,NIFTY,188064,9403200,15269.49,35003612,1750180600,2834067.3,2849336.79,44156.02,64.52884091,15809.55,16011914,25349444.31,185.6032716,16151.4,16287.95,16142.2,16278.5
2022-07-19,NIFTY,217514,10875700,17737.53,46819838,2340991900,3815839.2,3833576.73,44586.53,85.98060289,17651.67,15674356,25467514.14,215.1279913,16187.05,16359.5,16187.05,16340.55
2022-07-20,NIFTY,275565,13778250,22783.64,54721121,2736056050,4510862.51,4533646.15,51378.59,88.23998771,20155.83,18143517,25635982.71,197.9869112,16562.8,16588,16490.95,16520.85
2022-07-21,NIFTY,220172,11008600,18238.7,102027628,5101381400,8439695.82,8457934.52,49846.46,169.679743,20423.48,17271144,25852093.91,462.7356018,16523.55,16626.95,16483.9,16605.25
2022-07-22,NIFTY,195695,9784750,16328.57,30773802,1538690100,2571882.32,2588210.89,47685.59,54.27658314,17862.65,17076934,25916967.54,157.5081174,16661.25,16752.25,16610.9,16719.45
2022-07-25,NIFTY,211928,10596400,17621.25,35587611,1779380550,2970474.16,2988095.41,55539.36,53.80140156,20259.45,16541455,25819510.94,168.5734077,16662.55,16706.05,16564.25,16631
2022-07-26,NIFTY,241545,12077250,19969.66,38745066,1937253300,3222584.36,3242554.02,47249.89,68.62564167,20964.55,16646867,25565456.19,161.3740224,16632.9,16636.1,16463.3,16483.85
2022-07-27,NIFTY,291018,14550900,24130.87,52386542,2619327100,4345678.77,4369809.64,44096.55,99.09640641,20184.69,16197835,25779603.07,180.0879442,16475.35,16653.45,16438.75,16641.8
2022-07-28,NIFTY,405884,20294200,34274.95,110239243,5511962150,9276223.3,9310498.25,57907.7,160.7816966,22851.68,18706761,26121835.67,270.6414831,16774.85,16947.65,16746.25,16929.6
2022-07-29,NIFTY,211476,10573800,18131.7,36433311,1821665550,3120621.72,3138753.42,62589.96,50.14787388,25109.24,20448241,26470031.32,172.108612,17079.5,17172.8,17018.15,17158.25
2022-08-01,NIFTY,180972,9048600,15673.79,37026474,1851323700,3193513.13,3209186.92,58618.77,54.74674614,28601.52,21003417,26827691.08,203.748623,17243.2,17356.25,17154.8,17340.05
2022-08-02,NIFTY,251833,12591650,21821.14,51664460,2583223000,4474359.78,4496180.92,61981.85,72.54028268,40353.38,21344996,26937457.13,205.0470223,17310.15,17390.15,17215.85,17345.45
2022-08-03,NIFTY,211745,10587250,18355.62,65217640,3260882000,5646289.55,5664645.17,57396.25,98.69364584,30395.9,19943133,26917390.93,307.6054936,17349.25,17407.5,17225.85,17388.15
2022-08-04,NIFTY,329505,16475250,28592.99,148169548,7408477400,12856277.4,12884870.39,61345.74,210.0369217,30927.99,21057383,26947285.65,449.6303954,17463.1,17490.7,17161.25,17382
2022-08-05,NIFTY,207050,10352500,18069.64,35550867,1777543350,3106657.31,3124726.95,59167.75,52.81131951,29435.77,19419834,26940579.48,171.9269067,17423.65,17474.4,17348.75,17397.5
2022-08-08,NIFTY,174464,8723200,15283.48,40405513,2020275650,3535149.08,3550432.56,57492.67,61.75452558,23133.63,17625365,27091341.74,231.3052446,17401.5,17548.8,17359.75,17525.1
2022-08-10,NIFTY,167877,8393850,14722.21,55169916,2758495800,4831711.59,4846433.8,55711.5,86.99162291,26476.82,20023210,27053506.11,328.1920031,17566.1,17566.1,17442.8,17534.75
2022-08-11,NIFTY,172316,8615800,15256.1,94870598,4743529900,8366640.1,8381896.2,53484.42,156.7165952,22014.17,18446035,27226820.89,548.4127726,17711.65,17719.3,17631.95,17659
2022-08-12,NIFTY,159989,7999450,14162.38,28507052,1425352600,2524479.04,2538641.42,55743.05,45.54184638,24255.34,18621210,27312032.87,178.2524576,17659.65,17724.65,17597.85,17698.15
2022-08-16,NIFTY,150814,7540700,13451.02,32841853,1642092650,2918888.62,2932339.64,57994.96,50.56197366,25107.5,20203128,27600762.96,217.0012847,17797.2,17839.1,17764.05,17825.25
2022-08-17,NIFTY,134213,6710650,12047.65,44643448,2232172400,3989917.04,4001964.69,59920.51,66.78789433,26688.61,19956844,27786355.09,331.1780339,17868.15,17965.95,17833.35,17944.25
2022-08-18,NIFTY,217297,10864850,19489.53,110007212,5500360600,9849661.7,9869151.23,58927.91,167.4783855,26186.91,19181342,27851117.9,505.3822078,17898.65,17968.45,17852.05,17956.5
2022-08-19,NIFTY,285017,14250850,25436.25,45276389,2263819450,4056090.05,4081526.3,67862,60.14450355,28012.61,21583152,27575585.03,159.4610074,17966.55,17992.2,17710.75,17758.45
2022-08-22,NIFTY,251975,12598750,22169.94,43477075,2173853750,3859139.73,3881309.67,55163.19,70.36050073,25748.31,20474043,27189016.06,174.0708243,17682.9,17690.05,17467.35,17490.7
2022-08-23,NIFTY,389830,19491500,34212.33,68073889,3403694450,5987970.6,6022182.93,56202.52,107.1514752,26229.27,19130516,27324512.69,175.023759,17357.35,17625.55,17345.2,17577.5
2022-08-24,NIFTY,315866,15793300,27813.05,65513954,3275697700,5773513.38,5801326.43,51678.87,112.2572229,25407.2,17988125,27415830.6,207.5828929,17525.45,17623.65,17499.25,17604.95
2022-08-25,NIFTY,399579,19978950,35336.9,114353884,5717694200,10108159.01,10143495.91,54833.5,184.9872051,29684.13,18646094,27385355.66,286.051097,17679,17726.5,17487.45,17522.45
2022-08-26,NIFTY,209596,10479800,18549.49,35652297,1782614850,3156809.8,3175359.29,54379.57,58.39250457,26631.34,18722138,27493792.43,170.1831048,17619.3,17685.85,17519.35,17558.9
2022-08-29,NIFTY,246384,12319200,21382.72,49292576,2464628800,4305330.39,4326713.11,53775.42,80.45893663,23833.77,19871722,27245099.38,201.3462455,17188.65,17380.15,17166.2,17312.9
2022-08-30,NIFTY,256991,12849550,22704.16,67608551,3380427550,5950926.25,5973630.41,67376.78,88.66007562,26708.02,19879541,27817242.45,262.1073076,17414.95,17777.65,17401.5,17759.3
2022-09-01,NIFTY,339986,16999300,29933.43,124678277,6233913850,10970163.15,11000096.58,65163.21,168.8083902,32739.32,22125947,27664555.72,366.485336,17485.7,17695.6,17468.45,17542.8
2022-09-02,NIFTY,237033,11851650,20838.82,35053783,1752689150,3096930.09,3117768.91,58141.38,53.62392344,33520.54,19800047,27635044.92,148.6135055,17598.4,17643.85,17476.45,17539.45
2022-09-05,NIFTY,162559,8127950,14373.37,33250928,1662546400,2938133.7,2952507.07,52213.8,56.54648905,35764.02,18293021,27765360.25,204.4150885,17546.45,17683.15,17540.35,17665.8
2022-09-06,NIFTY,195175,9758750,17267.58,45350918,2267545900,4012534.01,4029801.59,55900.2,72.08921596,36785.86,19011710,27820629.5,232.373848,17695.7,17764.65,17587.65,17655.6
2022-09-07,NIFTY,179298,8964900,15789.46,57202792,2860139600,5050707.11,5066496.57,62799.6,80.67721084,33893.08,19096612,27875303.93,319.8783942,17519.4,17650.75,17484.3,17624.4
2022-09-08,NIFTY,201265,10063250,17896.73,98843881,4942194050,8764099.93,8781996.66,59030.13,148.7714267,30242.61,18955174,28053994.99,489.7039811,17748.15,17807.65,17691.95,17798.75
2022-09-09,NIFTY,162909,8145450,14576.28,30013331,1500666550,2689106.28,2703682.56,57838,46.74578236,29792.54,19722636,28091506.96,184.4850867,17923.35,17925.95,17786,17833.35
2022-09-12,NIFTY,140546,7027300,12632.23,30103427,1505171350,2701734.29,2714366.52,54086.44,50.18571235,23049.16,18111088,28307164.69,213.8762744,18044.45,18088.3,18015.45,18070.05
2022-09-13,NIFTY,147393,7369650,13335.33,30506848,1525342400,2750035.3,2763370.63,61076.97,45.24406875,27344.9,19807442,28454978.67,206.2217658,18044.45,18088.3,18015.45,18070.05
2022-09-14,NIFTY,273313,13665650,24577.72,63639800,3181990000,5731023.03,5755600.75,73400.86,78.41326042,29802.61,22675798,28375622.58,233.1796045,17771.15,18091.55,17771.15,18003.75
2022-09-15,NIFTY,237080,11854000,21284.22,115817390,5790869500,10410681.58,10431965.8,66780.07,156.2137596,29450.48,22726547,28368197.41,489.1267606,18046.35,18096.15,17861.5,17877.4
2022-09-16,NIFTY,313250,15662500,27660.7,43643683,2182184150,3893864.47,3921525.17,95450.97,41.08418353,37588.24,27513002,27743169,140.7724486,17796.8,17820.05,17497.25,17530.85
2022-09-19,NIFTY,199716,9985800,17599.02,40249735,2012486750,3570370.27,3587969.29,58904.85,60.91127114,23934.78,21082598,27837536.3,202.8732435,17540.65,17667.2,17429.7,17622.25
2022-09-20,NIFTY,219778,10988900,19632.71,42254967,2112748350,3771434.26,3791066.97,57970.43,65.39656459,22351.94,20140072,28126424.36,192.0995247,17770.4,17919.3,17744.4,17816.25
2022-09-21,NIFTY,205083,10254150,18217.52,56730026,2836501300,5045582.99,5063800.51,58935.11,85.92162651,24410.49,20482320,27900038.04,276.9632195,17766.35,17838.7,17663.6,17718.35
2022-09-22,NIFTY,277425,13871250,24497.04,122195125,6109756250,10805460.88,10829957.92,64631,167.5659965,27169.31,19801629,27934641.43,441.0925108,17609.65,17722.75,17532.45,17629.8
2022-09-23,NIFTY,302215,15110750,26358.82,37517755,1875887750,3310184.84,3336543.66,56582.22,58.96805852,24104.93,20382554,27446185.41,125.5816778,17593.85,17642.15,17291.65,17327.35
2022-09-26,NIFTY,336893,16844650,28802.42,48093467,2404673350,4166690.55,4195492.97,65341.8,64.20840825,27720.24,25944495,26793880.09,144.6645994,17156.3,17196.4,16978.3,17016.3
2022-09-27,NIFTY,338270,16913500,28872.99,51747986,2587399300,4456919.17,4485792.16,57895.24,77.4811912,25389.49,20585267,26804225.86,154.3629243,17110.9,17176.45,16942.35,17007.4
2022-09-28,NIFTY,417887,20894350,35403.12,61985049,3099252450,5295666.72,5331069.84,49623.97,107.4293298,21777.9,18656561,26632023.19,149.5819216,16870.55,17037.6,16820.4,16858.6
2022-09-29,NIFTY,407322,20366100,34433.48,110878858,5543942900,9406457.54,9440891.02,63560.27,148.53447,24070.43,20114793,26597461.65,273.1776614,16993.6,17026.05,16788.6,16818.1
2022-09-30,NIFTY,318884,15944200,27121.12,42937641,2146882050,3664315.56,3691436.68,58636.18,62.95493124,25149.55,19771383,26977152.53,135.1093008,16798.05,17187.1,16747.7,17094.35
2022-10-03,NIFTY,267761,13388050,22733.79,49801782,2490089100,4257511.53,4280245.32,64063.35,66.81269899,25060.33,19365283,26612610.63,187.2768038,17102.1,17114.65,16855.55,16887.35
2022-10-04,NIFTY,246559,12327950,21261.19,51208744,2560437200,4412865.49,4434126.68,48869.48,90.73406715,21706.27,17344603,27184371.16,207.5549624,17147.45,17287.3,17117.3,17274.3
2022-10-06,NIFTY,196067,9803350,17034.35,109315919,5465795950,9490861.57,9507895.92,56017.68,169.7302694,23377.13,20728636,27375582.25,557.1601834,17379.25,17428.8,17315.65,17331.8
2022-10-07,NIFTY,188213,9410650,16277.71,33086174,1654308700,2879258.47,2895536.18,48900.41,59.21292235,23702.92,17615705,27347331.11,176.8835094,17287.2,17337.35,17216.95,17314.65
2022-10-10,NIFTY,275547,13777350,23636.81,51495905,2574795250,4451119.41,4474756.22,45049.97,99.32872808,23907.89,17677869,27208190.91,188.3130342,17094.35,17280.15,17064.7,17241
2022-10-11,NIFTY,229057,11452850,19584.27,53224398,2661219900,4590325.16,4609909.43,52814.08,87.28561456,24616.79,18503371,26793738.33,234.3883719,17256.05,17261.8,16950.3,16983.55
2022-10-12,NIFTY,244904,12245200,20880.36,72606443,3630322150,6224425.85,6245306.21,44463.06,140.4605578,21183.55,16617261,26951306.29,298.0995467,17025.55,17142.35,16960.05,17123.6
2022-10-13,NIFTY,230200,11510000,19575.46,117036568,5851828400,9992379.74,10011955.2,41389.07,241.8985302,19175.68,15783126,26773751.26,510.4544026,17087.35,17112.35,16956.95,17014.35
2022-10-14,NIFTY,284326,14216300,24575.89,39123522,1956176100,3392129.3,3416705.19,44438.16,76.88673856,19882.51,16599118,26812932.98,138.0267124,17322.3,17348.55,17169.75,17185.7
2022-10-17,NIFTY,203783,10189150,17573.51,44312946,2215647300,3835594.58,3853168.09,47134.52,81.74832564,20851.72,17363178,26954503.37,218.2600164,17144.8,17328.55,17098.55,17311.8
2022-10-18,NIFTY,216857,10842850,18971.94,46282970,2314148500,4040174.56,4059146.5,51605.23,78.65765737,24021.63,18011495,27235402.71,212.9552676,17438.75,17527.8,17434.05,17486.95
2022-10-19,NIFTY,202964,10148200,17800.32,62012617,3100630850,5432435.01,5450235.33,47673.03,114.3253393,24586.99,17337263,27245575.59,305.1874916,17568.15,17607.6,17472.85,17512.25
2022-10-20,NIFTY,234165,11708250,20469.33,111133166,5556658300,9717500.33,9737969.66,48192.23,202.0651391,26586.38,17133861,27347878.54,474.7346557,17423.1,17584.15,17421,17563.95
2022-10-21,NIFTY,243451,12172550,21431.32,34394906,1719745300,3028669.47,3050100.79,54104.66,56.37408663,23132.92,17587628,27226528.51,141.319782,17622.85,17670.15,17520.75,17576.3
2022-10-24,NIFTY,109704,5485200,9742.77,0,0,0,9742.77,10464.55,0.9310261789,6897.69,5699133,27426978.93,0,17808.3,17811.5,17637,17656.35
2022-10-25,NIFTY,264320,13216000,23415.08,43755315,2187765750,3877666.79,3901081.87,53059.31,73.52304186,25340.91,17058331,27353406.53,165.6055324,17808.3,17811.5,17637,17656.35
2022-10-27,NIFTY,424092,21204600,37647.1,98939719,4946985950,8777132.88,8814779.98,56157.26,156.9659912,24808.42,18973362,27493029.39,233.1423371,17771.4,17783.9,17654.5,17736.95
2022-10-28,NIFTY,175419,8770950,15642.64,0,0,0,15642.64,47267.06,0.3309416748,20254.03,17016349,27474356.86,0,17756.4,17838.9,17723.7,17786.8
2022-10-31,NIFTY,142321,7116050,12822.17,32449098,1622454900,2913860.32,2926682.49,50745.93,57.67324572,20340.61,18756867,27777179.85,227.2517304,17910.2,18022.8,17899.9,18012.2
2022-11-01,NIFTY,176594,8829700,16057.01,44231694,2211584700,4009265.42,4025322.43,58334.24,69.00445485,24878.42,19560006,28001853.54,249.6894142,18130.7,18175.8,18060.15,18145.4
2022-11-02,NIFTY,125990,6299500,11442.29,43263369,2163168450,3922805.42,3934247.71,51251.17,76.76405651,20539.16,17336738,27947735.14,342.833945,18177.9,18178.75,18048.65,18082.85
2022-11-03,NIFTY,168211,8410550,15226.29,113353296,5667664800,10237750.84,10252977.13,58225.06,176.0921694,25099.72,17447020,27947887.26,672.3732991,17968.35,18106.3,17959.2,18052.7
2022-11-04,NIFTY,131531,6576550,11930.12,27616899,1380844950,2504562.61,2516492.73,54703.96,46.00202124,26318.01,18509277,28092990.41,209.9360786,18053.4,18135.1,18017.15,18117.15
2022-11-07,NIFTY,189974,9498700,17316.32,42455772,2122788600,3861094.73,3878411.05,61437.85,63.1273889,30947.52,20666455,28259387.5,222.9743231,18211.75,18255.5,18064.75,18202.8
2022-11-09,NIFTY,168758,8437900,15415.3,55778251,2788912550,5087844.68,5103259.98,63603.18,80.235925,31400.66,20943107,28191437,330.0516163,18288.25,18296.4,18117.5,18157
2022-11-10,NIFTY,168752,8437600,15267.9,104644519,5232225950,9463423.96,9478691.86,52994.66,178.8612638,23802.25,19436673,27946866.7,619.8248587,18044.35,18103.1,17969.4,18028.2
2022-11-11,NIFTY,216389,10819450,19898.32,33475576,1673778800,3071405.75,3091304.07,72954.92,42.37279775,29846.06,22591633,28247176.71,154.3550285,18272.35,18362.3,18259.35,18349.7
2022-11-14,NIFTY,124361,6218050,11454.61,31514003,1575700150,2896144.31,2907598.92,67874.63,42.83778667,27346.09,20364736,28265458.18,252.8365706,18376.4,18399.45,18311.4,18329.15
2022-11-15,NIFTY,125810,6290500,11586.87,39616994,1980849700,3640666.48,3652253.35,50488.24,72.33869412,21204.86,18111208,28302448.66,314.2062075,18362.75,18427.95,18282,18403.4
2022-11-16,NIFTY,166834,8341700,15395.45,59493307,2974665350,5476427.66,5491823.11,58137.28,94.46302115,28251.21,20166550,28222086.35,355.717284,18398.25,18442.15,18344.15,18409.65
2022-11-17,NIFTY,146998,7349900,13542.7,98674922,4933746100,9078183.2,9091725.9,49687.66,182.9775421,24356.17,17312690,28107817.41,670.3377613,18358.7,18417.6,18312.95,18343.9
2022-11-18,NIFTY,200154,10007700,18353.12,36399704,1819985200,3348255.78,3366608.9,50546.64,66.60400968,25601.29,17821679,28022507.64,182.4352361,18382.95,18394.6,18209.8,18307.65
2022-11-21,NIFTY,176215,8810750,16058.15,35791456,1789572800,3278149.87,3294208.02,46489.56,70.85909223,27793.95,17478244,27879538.11,204.1424367,18246.4,18262.3,18133.35,18159.95
2022-11-22,NIFTY,174307,8715350,15927.85,33034421,1651721050,3019668.65,3035596.5,48423.17,62.68892557,28996.44,17532456,27956344.81,189.5841969,18179.15,18261.85,18137.7,18244.2
2022-11-23,NIFTY,235702,11785100,21629.36,47044403,2352220150,4309035.46,4330664.82,49913.55,86.76331016,28117.71,17860849,27940294.45,199.2215886,18325.2,18325.4,18246,18267.25
2022-11-24,NIFTY,355059,17752950,32793.48,99102352,4955117600,9105969.95,9138763.43,51277.62,178.221287,28515.93,17143547,28160587.01,277.6762317,18326.1,18529.7,18294.25,18484.1
2022-11-25,NIFTY,137619,6880950,12821.12,33354556,1667727800,3093442.43,3106263.55,53131.89,58.46326095,35876.85,17925445,28254767.4,241.2770827,18528.45,18534.9,18445.1,18512.75
2022-11-28,NIFTY,134555,6727750,12583.38,37124974,1856248700,3448957.72,3461541.1,56235.85,61.55399269,33777.44,18703842,28376194.25,274.0883387,18430.55,18614.25,18365.6,18562.75
2022-11-29,NIFTY,124684,6234200,11699.64,0,0,0,11699.64,50952.75,0.2296174397,30052.38,18568958,28408137.68,0,18552.45,18678.1,18552.15,18618.05
2022-11-30,NIFTY,150660,7533000,14175.35,58635068,2931753400,5471209.37,5485384.72,94440.65,58.08287766,41978.35,20650694,28642984.66,385.9664396,18625.7,18816.05,18616.55,18758.35
2022-12-01,NIFTY,157215,7860750,14905.89,123376622,6168831100,11610829.51,11625735.4,61705.04,188.4081981,30853.29,20288222,28780102.66,778.9423852,18871.95,18887.6,18778.2,18812.5
2022-12-02,NIFTY,173889,8694450,16371.97,35145007,1757250350,3308162.96,3324534.93,59321.38,56.042778,35809.05,19510964,28746418.98,202.0626082,18752.4,18781.95,18639.2,18696.1
2022-12-05,NIFTY,149183,7459150,14017.91,45126938,2256346900,4240303.04,4254320.95,57292.67,74.25593798,38083.33,19645688,28765067.94,302.4918151,18719.55,18728.6,18591.35,18701.05
2022-12-06,NIFTY,143321,7166050,13431.58,41112995,2055649750,3851768.93,3865200.51,50741.58,76.17422457,34391.44,18023707,28720869.43,286.7696079,18600.65,18654.9,18577.9,18642.75
2022-12-07,NIFTY,140531,7026550,13146.25,64932291,3246614550,6072428.03,6085574.28,49474.29,123.0047825,31994.09,17623485,28626206.02,461.9133236,18638.85,18668.3,18528.4,18560.5
2022-12-08,NIFTY,125011,6250550,11692.21,109564661,5478233050,10210637.13,10222329.34,51454.2,198.6685118,29743.91,17797473,28700016.21,873.2854721,18570.85,18625,18536.95,18609.35
2022-12-09,NIFTY,180590,9029500,16833.49,45401065,2270053250,4241270.43,4258103.92,60052.62,70.90621392,49757.3,21142759,28497673.8,251.9543143,18662.4,18664.7,18410.1,18496.6
2022-12-12,NIFTY,152873,7643650,14200.65,49493023,2474651150,4601090.06,4615290.71,49240.85,93.72890009,40364.18,18743201,28569522.78,324.0055955,18402.15,18521.55,18345.7,18497.15
2022-12-13,NIFTY,133173,6658650,12434.38,41519195,2075959750,3863247.39,3875681.77,54532.07,71.07160557,49181.46,18963965,28733066.97,310.6907936,18524.4,18617.25,18490.2,18608
2022-12-14,NIFTY,129090,6454500,12120.14,51787410,2589370500,4838340.58,4850460.72,58282.49,83.22329262,62725.87,19880984,28851513.34,399.1984069,18671.25,18696.1,18632.9,18660.3
2022-12-15,NIFTY,204587,10229350,19016.93,127440128,6372006400,11843779.43,11862796.36,54251.36,218.6635756,50313.29,19365735,28576863.9,622.8018629,18614.4,18652.9,18387.7,18414.9
2022-12-16,NIFTY,240991,12049550,22178.66,57248606,2862430300,5285870.96,5308049.62,65564.77,80.95886892,44470.34,21805968,28277262.75,238.3313942,18319.1,18440.95,18255.15,18269
2022-12-19,NIFTY,166658,8332900,15368.84,47680364,2384018200,4392705.57,4408074.41,47194.32,93.40264697,38273.6,18889250,28510514.38,285.8189408,18288.1,18431.65,18244.55,18420.45
2022-12-20,NIFTY,253120,12656000,23222.27,62178284,3108914200,5715960.67,5739182.94,46586.17,123.1949941,36848.54,17992528,28467945.83,246.1413406,18340.3,18404.9,18202.65,18385.3
2022-12-21,NIFTY,274641,13732050,25222.35,98886257,4944312850,9092895.63,9118117.98,58490.31,155.8910866,47143.49,21974232,28025924.07,360.5094541,18435.15,18473.35,18162.75,18199.1
2022-12-22,NIFTY,270245,13512250,24624.08,152373748,7618687400,13887850.62,13912474.7,53856.93,258.3228324,40697.05,22306147,27786532.71,563.9947003,18288.8,18318.75,18068.6,18127.35
2022-12-23,NIFTY,310863,15543150,27972.9,49573355,2478667750,4494625.38,4522598.28,56251.48,80.3996318,40679.49,24512838,26953173.49,160.6778482,17977.65,18050.45,17779.5,17806.8
2022-12-26,NIFTY,249381,12469050,22488.07,47263086,2363154300,4269997.52,4292485.59,46486.98,92.33737253,42039.05,19472213,27511076.65,189.8783453,17830.4,18084.1,17774.25,18014.6
2022-12-27,NIFTY,255952,12797600,23183.46,51930551,2596527550,4695208.26,4718391.72,43274.06,109.035106,35252.68,17173065,27767397.58,202.5240521,18089.8,18149.25,17967.45,18132.3
2022-12-28,NIFTY,229468,11473400,20860.83,60356172,3017808600,5469404.49,5490265.32,43260.75,126.9110064,32321.11,16281321,27834129.77,262.1853728,18084.75,18173.1,18068.35,18122.5
2022-12-29,NIFTY,328082,16404100,29743.09,120551295,6027564750,10901867.88,10931610.97,49506.11,220.8133697,29703.03,17226876,27942056.28,366.5344751,18045.7,18229.7,17992.8,18191
2022-12-30,NIFTY,174870,8743500,15994.39,39902993,1995149650,3646403.68,3662398.07,44023.48,83.19192554,29801.03,16329481,28019280.93,227.9801655,18259.1,18265.25,18080.3,18105.3
2023-01-02,NIFTY,117142,5857100,10687.61,38961678,1948083900,3556828.14,3567515.75,39693.94,89.87557673,29474.7,16480091,28158191.21,332.7992077,18131.7,18215.15,18086.5,18197.45
2023-01-03,NIFTY,144478,7223900,13204.87,42953910,2147695500,3920514.49,3933719.36,42257.47,93.08932504,29769.68,16052565,28246035.02,296.8991357,18163.2,18251.95,18149.8,18232.55
2023-01-04,NIFTY,229078,11453900,20814.39,84158031,4207901550,7655094.76,7675909.15,46462.7,165.205835,29985.2,17643902,27957052.2,367.7789625,18230.65,18243,18020.6,18042.95
2023-01-05,NIFTY,232101,11605050,20985.52,153097294,7654864700,13827505.55,13848491.07,50124.12,276.2839741,24726,18385285,27980219.25,658.9069773,18101.95,18120.3,17892.6,17992.15
2023-01-06,NIFTY,227622,11381100,20474.97,52815457,2640772850,4768201.2,4788676.17,44700.86,107.1271597,23945.82,17242967,27757737.71,232.8795207,18008.05,18047.4,17795.55,17859.45
2023-01-09,NIFTY,233775,11688750,21213.15,59277213,2963860650,5366315.09,5387528.24,44545.84,120.943465,22832.92,17709502,28077057.85,252.9711566,17952.55,18141.4,17936.15,18101.2
2023-01-10,NIFTY,197399,9869950,17787.58,58671161,2933558050,5298111.49,5315899.07,44206.82,120.2506552,22441.19,16962199,27865229.7,297.8545418,18121.3,18127.6,17856,17914.15
2023-01-11,NIFTY,176474,8823700,15869.56,83419376,4170968800,7508414.43,7524283.99,44334.48,169.7163018,22574.14,16747764,27812000.5,473.1331196,17924.25,17976.35,17824.35,17895.7
2023-01-12,NIFTY,192715,9635750,17263.13,138306170,6915308500,12392303.15,12409566.28,44872.48,276.551826,21072.36,16949792,27773524.54,717.8479887,17920.85,17945.8,17761.65,17858.2
2023-01-13,NIFTY,220490,11024500,19821.24,47116583,2355829150,4241308.88,4261130.12,46458.91,91.71825426,23047.75,16468409,27903551.87,213.9779792,17867.5,17999.35,17774.25,17956.6
2023-01-16,NIFTY,170793,8539650,15356.79,47787131,2389356550,4308236.7,4323593.49,43121.64,100.2650523,25364.79,15772789,27836661.25,280.5427892,18033.15,18049.65,17853.65,17894.85
2023-01-17,NIFTY,190246,9512300,17167.01,52903333,2645166650,4767451.35,4784618.36,43900.51,108.9877626,23091.37,16232982,27957903.09,277.7100584,17922.8,18072.05,17886.95,18053.3
2023-01-18,NIFTY,165403,8270150,15037.91,67554895,3377744750,6115482.03,6130519.94,45891.71,133.586653,21558.64,16722559,28046161.3,406.6710088,18074.3,18183.75,18032.45,18165.35
2023-01-19,NIFTY,157495,7874750,14285.19,122502754,6125137700,11098001.05,11112286.24,41568.53,267.3244938,20259.5,15752551,27953899.12,776.8885853,18119.8,18155.2,18063.75,18107.85
2023-01-20,NIFTY,182689,9134450,16555.83,42221668,2111083400,3834596.53,3851152.36,45995.43,83.72902177,20787.78,16604916,27800327.19,231.6160851,18115.6,18145.45,18016.2,18027.65
2023-01-23,NIFTY,211210,10560500,19204.11,44280994,2214049700,4021398.58,4040602.69,42266.71,95.59775743,24030.69,15976992,27860170.1,209.4030174,18118.45,18162.6,18063.45,18118.55
2023-01-24,NIFTY,222679,11133950,20254.78,50553453,2527672650,4596161.28,4616416.06,44590.44,103.529278,20007.27,15992089,27818218.98,226.9173637,18183.95,18201.25,18078.65,18118.3
2023-01-25,NIFTY,400884,20044200,36052.75,134180194,6709009700,12089059.7,12125112.45,49756.08,243.6910715,24571.08,18929758,27422174.4,335.315883,18093.35,18100.6,17846.15,17891.95
2023-01-27,NIFTY,294078,14703900,26123.58,42744862,2137243100,3822036.9,3848160.48,76678.43,50.18569733,31425.72,26617938,26744233.08,146.3060155,17877.2,17884.75,17493.55,17604.35
2023-01-30,NIFTY,264556,13227800,23402.61,44007925,2200396250,3907045.43,3930448.04,70473.44,55.77204746,28067.91,25304684,26628348.37,166.9491322,17541.95,17709.15,17405.55,17648.95
2023-01-31,NIFTY,226506,11325300,20100.95,39179262,1958963100,3487913.61,3508014.56,68724.35,51.04471064,27810.99,24101077,26802350.82,173.5198391,17731.45,17735.7,17537.55,17662.15
2023-02-01,NIFTY,456512,22825600,40704.07,121926757,6096337850,10871491.46,10912195.53,81608.06,133.7146788,34395.98,27690358,26444135.59,267.0861037,17811.6,17972.2,17353.4,17616.3
2023-02-02,NIFTY,231434,11571700,20435.29,155492022,7774601100,13699451.58,13719886.87,68414.24,200.5413912,25757.08,25989837,26356902.89,670.3820489,17517.1,17653.9,17445.95,17610.4
2023-02-03,NIFTY,225171,11258550,20027.8,47740546,2387027300,4243030.96,4263058.76,63056.34,67.60713927,27351.94,24487594,26458477.05,211.8570667,17721.75,17870.3,17584.2,17854.05
2023-02-06,NIFTY,153859,7692950,13700.22,42537965,2126898250,3791308.74,3805008.96,48012.35,79.25062947,27140.58,20196959,26434593.49,276.7334203,17818.55,17823.7,17698.35,17764.6
2023-02-07,NIFTY,170276,8513800,15148.54,49253494,2462674700,4388215.48,4403364.02,54510.22,80.78052189,23069.97,21428606,26392815.94,289.6791031,17790.1,17811.15,17652.55,17721.5
2023-02-08,NIFTY,176883,8844150,15832.04,78030662,3901533100,6969682,6985514.04,52738.29,132.4562105,22715.91,19678500,26649478.23,440.2264017,17750.3,17898.7,17744.15,17871.7
2023-02-09,NIFTY,141374,7068700,12664.9,127688467,6384423350,11409007.82,11421672.72,50149.1,227.7542911,20268.95,18493046,26623403.49,900.8367867,17885.5,17916.9,17779.8,17893.45
2023-02-10,NIFTY,144317,7215850,12895.97,34909393,1745469650,3128459.96,3141355.93,46251.52,67.91897715,20746.52,18309172,26595761,242.5920625,17847.55,17876.95,17801,17856.5
2023-02-13,NIFTY,142078,7103900,12653.11,40538237,2026911850,3622190.87,3634843.98,45907.97,79.17675253,19393.87,18145721,26347848.03,286.2688201,17859.1,17880.7,17719.75,17770.9
2023-02-14,NIFTY,161057,8052850,14427.14,43236000,2161800000,3869956.74,3884383.88,44686.89,86.92446219,19986.22,18014577,26378810.93,268.2414352,17840.35,17954.55,17800.05,17929.85
2023-02-15,NIFTY,147119,7355950,13220.23,72612117,3630605850,6515884.15,6529104.38,45116.14,144.7177081,18138.38,16779066,26503915.86,492.8722231,17896.6,18034.1,17853.8,18015.85
2023-02-16,NIFTY,145753,7287650,13206.43,129715156,6485757800,11726303.72,11739510.15,48717.88,240.9692324,18092.5,18702116,26605056.42,887.9238159,18094.75,18134.75,18000.65,18035.85
2023-02-17,NIFTY,174138,8706900,15657.69,46426701,2321335050,4186062.62,4201720.31,41588.82,101.0300439,16989.24,16069465,26492789.62,267.3486715,17974.85,18034.25,17884.6,17944.2
2023-02-20,NIFTY,190117,9505850,17057.11,48662386,2433119300,4379965.96,4397023.07,39466.91,111.4103706,19865.23,16122740,26393944.67,256.7824186,17965.55,18004.35,17818.4,17844.6
2023-02-21,NIFTY,225910,11295500,20224.66,49559506,2477975300,4447306.37,4467531.03,39753.99,112.3794374,18623.5,16472816,26325041.45,219.8952353,17905.8,17924.9,17800.3,17826.7
2023-02-22,NIFTY,291705,14585250,25809.22,81096732,4054836600,7203822.53,7229631.75,41788.43,173.0055843,20228.29,17580290,25940786.6,279.1181806,17755.35,17772.5,17529.45,17554.3
2023-02-23,NIFTY,369322,18466100,32522.38,145904164,7295208200,12847008.4,12879530.78,45047.04,285.9129208,22158.39,17711361,25883730.46,395.0205489,17574.65,17620.05,17455.4,17511.25
2023-02-24,NIFTY,169763,8488150,14945.3,44684960,2234248000,3942572.14,3957517.44,39691.23,99.70760392,19562.11,16740519,25805665.52,263.8001338,17591.35,17599.75,17421.8,17465.8
2023-02-27,NIFTY,189223,9461150,16530.5,55813723,2790686150,4886527.78,4903058.28,40326.82,121.5830626,18323.97,17564600,25592406.31,295.6067741,17428.6,17451.6,17299,17392.7
2023-02-28,NIFTY,192701,9635050,16802.44,59510745,2975537250,5199381.14,5216183.58,68450.48,76.2037546,25233.64,19537044,25583222.48,309.4420298,17383.25,17440.45,17255.2,17303.95
2023-03-01,NIFTY,138884,6944200,12158.73,70222406,3511120300,6133094.52,6145253.25,43719.51,140.5608903,21773.02,18101532,25903331.07,504.4190076,17360.1,17467.75,17345.25,17450.9
2023-03-02,NIFTY,196900,9845000,17168.79,128186115,6409305750,11164322.01,11181490.8,53897.49,207.4584698,22073.41,16616429,25805952.97,650.2684237,17421.5,17445.8,17306,17321.9
2023-03-03,NIFTY,239371,11968550,21105.65,50524116,2526205800,4442208.71,4463314.36,51166.65,87.23092796,25446.25,17804900,26148488.03,210.4748591,17451.25,17644.75,17427.7,17594.35
2023-03-06,NIFTY,152358,7617900,13576.54,52460235,2623011750,4656266.64,4669843.18,52251.21,89.3729194,22424.25,18669845,26345130.48,342.9641602,17680.35,17799.95,17671.95,17711.45
2023-03-08,NIFTY,156699,7834950,13901.53,80954391,4047719550,7160117.59,7174019.12,51066.51,140.4838341,21317.14,18255320,26430611.57,515.0596798,17665.75,17766.5,17602.25,17754.4
2023-03-09,NIFTY,165422,8271100,14651.99,142141781,7107089050,12577430.92,12592082.91,47885.07,262.9646967,20630.68,17328768,26230994.93,858.4111046,17772.05,17772.35,17573.6,17589.6
2023-03-10,NIFTY,199168,9958400,17374.84,47897390,2394869500,4196484.48,4213859.32,44035.42,95.69249754,19805.57,17431170,26060454.36,241.5265107,17443.8,17451.5,17324.35,17412.9
2023-03-13,NIFTY,305442,15272100,26508.95,76638838,3831941900,6678940.35,6705449.3,48639.03,137.8614931,24559.3,19111388,25656306.01,251.9503922,17421.9,17529.9,17113.45,17154.3
2023-03-14,NIFTY,303609,15180450,26065.28,69565855,3478292750,5992931.45,6018996.73,52199.65,115.3072239,21895.27,19337214,25440320.44,229.9200872,17160.55,17224.65,16987.1,17043.3
2023-03-15,NIFTY,206496,10324800,17719.83,91173658,4558682900,7841753.31,7859473.14,46769.51,168.0469421,19719.06,18191650,25396087.63,442.5411141,17166.45,17211.35,16938.9,16972.15
2023-03-16,NIFTY,274127,13706350,23365.74,184461690,9223084500,15703037.53,15726403.27,52693.55,298.4502519,27379.61,20934056,25408639.47,672.0539358,16994.65,17062.45,16850.15,16985.6
2023-03-17,NIFTY,272698,13634900,23376.35,56350628,2817531400,4837703.46,4861079.81,65179.16,74.58027704,29725.92,18699418,25558258.15,206.9486237,17111.8,17145.8,16958.15,17100.05
2023-03-20,NIFTY,285559,14277950,24254.14,62095832,3104791600,5299058.21,5323312.35,47074.51,113.0826927,22461.21,18946526,25347688.17,218.480565,17066.6,17066.6,16828.35,16988.4
2023-03-21,NIFTY,164622,8231100,14103.53,52390313,2619515650,4480889.76,4494993.29,45229.61,99.38165043,19428.44,16493421,25495911.57,317.7140588,17060.4,17127.7,17016,17107.5
2023-03-22,NIFTY,129192,6459600,11111.89,63752250,3187612500,5473715.02,5484826.91,37790.89,145.1362196,18465.64,14497122,25603475.4,492.5998206,17177.45,17207.25,17107.85,17151.9
2023-03-23,NIFTY,209984,10499200,18022.84,150313480,7515674000,12890885.18,12908908.02,42355.91,304.7722979,18135.86,15423127,25520403.48,715.2527116,17097.4,17205.4,17045.3,17076.9
2023-03-24,NIFTY,217587,10879350,18564.87,53577083,2678854150,4592019.25,4610584.12,45496.31,101.3397377,20219.8,16645167,25276162.97,247.3499276,17076.2,17109.45,16917.35,16945.05
2023-03-27,NIFTY,312865,15643250,26707.15,66123507,3306175350,5650324.4,5677031.55,42777.2,132.7116209,22034.06,17266178,25174379.06,211.5659814,16984.3,17091,16918.55,16985.7
2023-03-28,NIFTY,281451,14072550,23972.94,59748482,2987424100,5097795.78,5121768.72,44162.05,115.9766976,21644.28,17209180,25016562.83,212.647918,17031.75,17061.75,16913.75,16951.7
2023-03-29,NIFTY,492597,24629850,42047.09,145915032,7295751600,12436226.12,12478273.21,58462.81,213.4395047,29136.68,19561406,25293700.48,295.7690085,16977.3,17126.15,16940.6,17080.7
2023-03-31,NIFTY,208920,10446000,18170.13,47984533,2399226650,4156895.49,4175065.62,55730.48,74.91529985,26509.66,20517112,25632704.37,228.7763208,17210.35,17381.6,17204.65,17359.75
2023-04-03,NIFTY,147104,7355200,12832.03,49185035,2459251750,4274795.63,4287627.66,44847.41,95.60479992,20886.02,16841850,25781044.35,333.1347908,17427.95,17428.05,17312.75,17398.05
2023-04-05,NIFTY,172345,8617250,15152.28,82084268,4104213400,7170899.78,7186052.06,50916.81,141.1331947,21378.1,17672410,25957920.82,473.2554955,17422.3,17570.55,17402.7,17557.05
2023-04-06,NIFTY,171787,8589350,15159.5,149177805,7458890250,13108309.29,13123468.79,51231.86,256.1583513,21746.18,16813141,26056692.94,864.6927201,17533.85,17638.7,17502.85,17599.15
2023-04-10,NIFTY,118331,5916550,10474.44,49800300,2490015000,4398368.75,4408843.19,45231.54,97.47276325,18216.06,15251072,26132563.51,419.9144537,17634.9,17694.1,17597.95,17624.05
2023-04-11,NIFTY,137559,6877950,12223.24,53250661,2662533050,4716670.84,4728894.08,50599.17,93.45793775,19929.59,16440132,26256367.43,385.8772993,17704.8,17748.75,17655.15,17722.3
2023-04-12,NIFTY,125848,6292400,11225.21,79468204,3973410200,7061869.3,7073094.51,51314.77,137.8374006,19549.93,17027284,26369134.55,629.10799,17759.55,17825.75,17717.25,17812.4
2023-04-13,NIFTY,147779,7388950,13183.6,147502269,7375113450,13120660.27,13133843.87,53296.77,246.4285147,19776.4,17015050,26398340.27,995.2259072,17807.3,17842.15,17729.65,17828
2023-04-17,NIFTY,193076,9653800,17117.72,59365612,2968280600,5270258.71,5287376.43,62247.16,84.94164923,21472.23,19711349,26394715.66,307.8832175,17863,17863,17574.05,17706.85
2023-04-18,NIFTY,138506,6925300,12272.16,59076409,2953820450,5239615.6,5251887.76,51314.5,102.3470512,22366.73,17395660,26400785.76,426.9513761,17766.6,17766.6,17610.2,17660.15
2023-04-19,NIFTY,114197,5709850,10093.06,81823992,4091199600,7237713.36,7247806.42,48629.69,149.0407695,22056.11,17214900,26340842.95,717.0980218,17653.35,17666.15,17579.85,17618.75
2023-04-20,NIFTY,124136,6206800,10965.98,141835265,7091763250,12525037.31,12536003.29,45207.95,277.2964333,16982.64,15628293,26352574.07,1142.172183,17638.6,17684.45,17584.35,17624.45
2023-04-21,NIFTY,141799,7089950,12514.94,44992175,2249608750,3981723.93,3994238.87,42787.93,93.34966356,20388.47,14862418,26316438.9,318.1576524,17639.75,17663.2,17553.95,17624.05
2023-04-24,NIFTY,231477,11573850,20492.4,53970487,2698524350,4777779.32,4798271.72,47005.45,102.0790508,22014.97,15922251,26447098.93,233.1488415,17707.55,17754.5,17612.5,17743.4
2023-04-25,NIFTY,185680,9284000,16530.92,48295713,2414785650,4289657.68,4306188.6,60126.19,71.61918292,27216.03,17396009,26519033.64,259.4929792,17761.55,17807.45,17716.85,17769.25
2023-04-26,NIFTY,222477,11123850,19816.62,80509476,4025473800,7156380.46,7176197.08,54314.91,132.1220468,28632.76,17922529,26594404.63,361.130226,17767.3,17827.75,17711.2,17813.6
2023-04-27,NIFTY,281374,14068700,25193.99,123258966,6162948300,10998668.79,11023862.78,55493.76,198.650493,27948.8,17046258,26724312.17,436.5592266,17813.1,17931.6,17797.9,17915.05
2023-04-28,NIFTY,139143,6957150,12560.32,48302057,2415102850,4345777.52,4358337.84,64773.18,67.28614899,29028.87,19823247,27018489.85,345.9925798,17950.4,18089.15,17885.3,18065
2023-05-02,NIFTY,125401,6270050,11427.13,47251289,2362564450,4286187.86,4297614.99,59542.84,72.17685603,29969.78,20898270,27167476.39,375.0887458,18124.8,18180.25,18101.75,18147.65
2023-05-03,NIFTY,142967,7148350,12970.3,76466151,3823307550,6928116.89,6941087.19,55874.69,124.2259633,30229.83,19339796,27117808.93,534.1524013,18113.8,18116.35,18042.4,18089.85
2023-05-04,NIFTY,129207,6460350,11783.35,140505800,7025290000,12755274.55,12767057.9,57923.88,220.4109583,32352.27,18730181,27347076.35,1082.482872,18081,18267.45,18066.7,18255.8
2023-05-05,NIFTY,182402,9120100,16593.12,61133111,3056655550,5567535.77,5584128.89,60118.84,92.88484093,29415.79,19611579,27205679.91,335.5327853,18117.3,18216.95,18055.45,18069
2023-05-08,NIFTY,134415,6720750,12292.17,56791335,2839566750,5182262.92,5194555.09,56331.38,92.21423459,23956.88,19028612,27427605.96,421.590567,18120.6,18286.95,18100.3,18264.4
2023-05-09,NIFTY,106096,5304800,9730.17,52494342,2624717100,4805500.7,4815230.87,62994.62,76.43876366,25100.26,20127326,27449905.69,493.8763352,18303.4,18344.2,18229.65,18265.95
2023-05-10,NIFTY,111006,5550300,10168.69,87788027,4389401350,8022316.33,8032485.02,51740.52,155.245541,22145.59,17440406,27531654.3,788.9232861,18313.6,18326.75,18211.95,18315.1
2023-05-11,NIFTY,112250,5612500,10305.55,142261219,7113060950,13033543.82,13043849.37,57108.43,228.4049723,23139.55,18686045,27618949.19,1264.711133,18357.8,18389.7,18270.4,18297
2023-05-12,NIFTY,135517,6775850,12401.64,44204514,2210225700,4046214.85,4058616.49,53807.96,75.42780826,21667.63,19104146,27590183.74,326.2644981,18273.75,18342.75,18194.55,18314.8
2023-05-15,NIFTY,118444,5922200,10908.56,45409570,2270478500,4167954.85,4178863.41,51190.45,81.63365257,21513.14,19371372,27683648.39,382.0811225,18339.3,18458.9,18287.9,18398.85
2023-05-16,NIFTY,111039,5551950,10210,50943621,2547181050,4683486.6,4693696.6,56476.27,83.10918196,25520.71,19404695,27627020.8,458.7156317,18432.35,18432.35,18264.35,18286.5
2023-05-17,NIFTY,183763,9188150,16760.33,99896439,4994821950,9131496.61,9148256.94,55110.69,165.9978661,23586.59,19376252,27528580.14,544.8279724,18300.45,18309,18115.35,18181.75
2023-05-18,NIFTY,125128,6256400,11416.75,166149516,8307475800,15158883.9,15170300.65,56251.6,269.6865627,22923.03,18216213,27394162.33,1327.775759,18287.5,18297.2,18104.85,18129.95
2023-05-19,NIFTY,160364,8018200,14580.2,60104916,3005245800,5471873.69,5486453.89,55084.44,99.60079271,21420.67,18112333,27472959.72,375.2948307,18186.15,18218.1,18060.4,18203.4
2023-05-22,NIFTY,172728,8636400,15828.11,63243163,3162158150,5780437.41,5796265.52,57791.17,100.2967325,23807.09,18613937,27689786.89,365.2007353,18201.1,18335.25,18178.85,18314.4
2023-05-23,NIFTY,162851,8142550,15004.08,48952936,2447646800,4491945.18,4506949.26,59854.41,75.29853289,23974.18,18962067,27795495.38,299.3815802,18362.9,18419.75,18324.2,18348
2023-05-24,NIFTY,244387,12219350,22447.88,95761747,4788087350,8780329.85,8802777.73,60025.03,146.6517839,25211.95,18653910,27764055.76,391.1429431,18294.8,18392.6,18262.95,18285.4
2023-05-25,NIFTY,281668,14083400,25799.78,163314324,8165716200,14935983.32,14961783.1,55552.34,269.3276845,27973.86,18147678,27842371.13,578.9190187,18268.9,18338.1,18202.4,18321.15
2023-05-26,NIFTY,157136,7856800,14550.64,53818176,2690908800,4958390.7,4972941.34,54585.87,91.1030884,24878.51,18037553,28077924.13,340.7678769,18368.35,18508.55,18333.15,18499.35
2023-05-29,NIFTY,118758,5937900,11096.98,55731391,2786569550,5166379.97,5177476.95,53331.38,97.08124841,26668.61,18593087,28186370.03,465.5663045,18619.15,18641.2,18581.25,18598.65
2023-05-30,NIFTY,83138,4156900,7776.98,52724746,2636237300,4901708.2,4909485.18,54867.73,89.4785547,24368.38,17967112,28196848.13,630.2842749,18606.65,18662.45,18575.5,18633.85
2023-05-31,NIFTY,140051,7002550,13042.72,92665882,4633294100,8604832.18,8617874.9,135878.77,63.42326252,43394.29,23125240,28181394.6,659.7421535,18594.2,18603.9,18483.85,18534.4
2023-06-01,NIFTY,107613,5380650,10015.28,143328150,7166407500,13302735.66,13312750.94,58420.8,227.8769024,26706.8,19337709,28224255.71,1328.244009,18579.4,18580.3,18464.55,18487.75
2023-06-02,NIFTY,128160,6408000,11938.11,53490594,2674529700,4972203.67,4984141.78,59149.55,84.26339304,27672.49,20354207,28321949.79,416.4983963,18550.85,18573.7,18478.4,18534.1
2023-06-05,NIFTY,78180,3909000,7315.23,40926245,2046312250,3810602.16,3817917.39,57618.37,66.26215545,26539.3,19910893,28399587.33,520.9135133,18612,18640.15,18582.8,18593.85
2023-06-06,NIFTY,109067,5453350,10174.93,49728488,2486424400,4629422.2,4639597.13,57641.04,80.4912113,25990.94,19359049,28457660.03,454.9831989,18600.8,18622.75,18531.6,18599
2023-06-07,NIFTY,108632,5431600,10195.58,74462475,3723123750,6947840.4,6958035.98,60984.17,114.0957724,46153.4,20510427,28706519.69,681.4561212,18665.6,18738.95,18636,18726.4
2023-06-08,NIFTY,137520,6876000,12910.47,161069946,8053497300,15068602,15081512.47,60525.96,249.1742794,36082.46,19775349,28543794.35,1167.161381,18725.35,18777.9,18615.6,18634.55
2023-06-09,NIFTY,120033,6001650,11210.74,52826274,2641313700,4935583.91,4946794.65,55878.3,88.52800908,28702.06,18883374,28472005.69,440.2549618,18655.9,18676.65,18555.4,18563.4
2023-06-12,NIFTY,82504,4125200,7704.7,44694016,2234700800,4168541.63,4176246.33,50455.1,82.77154004,30643.46,18821085,28586978.7,541.0387984,18595.05,18633.6,18559.75,18601.5
2023-06-13,NIFTY,84272,4213600,7909.79,40205235,2010261750,3758241.74,3766151.53,62365.07,60.38879665,32651.7,20835936,28794831,475.1379923,18631.8,18728.9,18631.8,18716.15
2023-06-14,NIFTY,81312,4065600,7648.15,63451999,3172599950,5938781.43,5946429.58,59818.02,99.40866615,30705.35,20667078,28881334.06,776.4990789,18744.6,18769.7,18690,18755.9
2023-06-15,NIFTY,139454,6972700,13107.71,169273331,8463666550,15858022.28,15871129.99,66975.5,236.9691901,30206.8,21969889,28865788.71,1209.82401,18774.45,18794.1,18669.05,18688.1
2023-06-16,NIFTY,153617,7680850,14502.1,51927540,2596377000,4883418.57,4897920.67,76383.33,64.12290051,32762.83,22406524,29069984.07,336.7387185,18723.3,18864.7,18710.5,18826
2023-06-19,NIFTY,114289,5714450,10778.93,54278662,2713933100,5115374.72,5126153.65,61927.86,82.77621171,28500.76,20400012,29037058.05,474.5716616,18873.3,18881.45,18719.15,18755.45
2023-06-20,NIFTY,134426,6721300,12638.88,59743953,2987197650,5611703.07,5624341.95,62300.35,90.27785478,27767.9,21007760,29156138.19,444.0031925,18752.35,18839.7,18660.65,18816.7
2023-06-21,NIFTY,103269,5163450,9756.38,84989053,4249452650,8005216.87,8014973.25,70164.59,114.2310281,30364.65,22389761,29223272.85,820.5109754,18849.4,18875.9,18794.85,18856.85
2023-06-22,NIFTY,166617,8330850,15723.56,182911377,9145568850,17228991.66,17244715.22,65967.27,261.4132011,33120.43,21218396,29015625.71,1095.74369,18853.6,18886.6,18759.5,18771.25
2023-06-23,NIFTY,161827,8091350,15171.03,58276600,2913830000,5466748.63,5481919.66,57329.24,95.62170474,26036.99,20427011,28737722.44,360.3412972,18741.85,18756.4,18647.1,18665.5
2023-06-26,NIFTY,138794,6939700,13000.3,55217547,2760877350,5168552.08,5181552.38,50526.96,102.55025,25239.99,18953006,28852403.65,397.5717545,18682.35,18722.05,18646.7,18691.2
2023-06-27,NIFTY,209382,10469100,19698.95,56305852,2815292600,5271401.39,5291100.34,56800.02,93.1531422,26408.58,19228212,29004919.83,267.5980897,18748.55,18829.25,18714.25,18817.4
2023-06-28,NIFTY,292147,14607350,27768.8,177756568,8887828400,16821266.29,16849035.09,82021.44,205.4223273,29446.59,21557693,29200107.93,605.7613685,19076.85,19201.7,19024.6,19189.05
2023-06-30,NIFTY,123594,6179700,11878.19,48259667,2412983350,4605297.29,4617175.48,75765.04,60.94071197,32245.56,23637130,29459940.16,387.7103574,19076.85,19201.7,19024.6,19189.05
2023-07-03,NIFTY,131646,6582300,12763.82,60671144,3033557200,5849360.64,5862124.46,62449.55,93.86976303,41761.04,22102001,29627416.05,458.2766476,19246.5,19345.1,19234.4,19322.55
2023-07-04,NIFTY,120441,6022050,11716.62,56777916,2838895800,5485568.69,5497285.31,66690.96,82.42924243,47692.05,21538732,29667729,468.1869592,19406.6,19434.15,19300,19389
2023-07-05,NIFTY,85440,4272000,8313.91,81169581,4058479050,7862049.84,7870363.75,67080.92,117.3264134,41528.71,22441631,29796461.48,945.6501021,19405.95,19421.6,19339.6,19398.5
2023-07-06,NIFTY,113214,5660700,11049.73,168806483,8440324150,16392632.79,16403682.52,73781.37,222.3282452,44106.73,22731850,29979736.63,1483.532429,19385.7,19512.2,19373,19497.3
2023-07-07,NIFTY,168906,8445300,16440.42,63931730,3196586500,6230355.94,6246796.36,69300.63,90.14054216,40374.13,23052967,29785408.05,378.9657405,19422.8,19523.6,19303.6,19331.8
2023-07-10,NIFTY,97667,4883350,9491.84,61463373,3073168650,5971470.51,5980962.35,65920.71,90.72964096,33511.36,21373210,29755589.09,629.1162209,19400.35,19435.85,19327.1,19355.9
2023-07-11,NIFTY,102951,5147550,10049.75,50221526,2511076300,4889651.18,4899700.93,72221.3,67.84287918,35270.91,22968490,29937514,486.5445588,19427.1,19515.1,19406.45,19439.4
2023-07-12,NIFTY,92603,4630150,9028.71,91822820,4591141000,8944642.53,8953671.24,91396.9,97.96471478,39956.16,24667976,29971875.36,990.6888725,19497.45,19507.7,19361.75,19384.3
2023-07-13,NIFTY,148994,7449700,14566.02,190598357,9529917850,18585738.24,18600304.26,75909.2,245.0335962,39910.34,25032027,29705417.58,1275.965448,19495.2,19567,19385.8,19413.75
2023-07-14,NIFTY,135908,6795400,13290.14,60852855,3042642750,5940124.99,5953415.13,67586.44,88.08594046,34159.62,22740049,29980571.86,446.9572924,19493.45,19595.35,19433.5,19564.5
2023-07-17,NIFTY,111837,5591850,11009.75,56186218,2809310900,5499707.32,5510717.07,72066.38,76.46723854,37991.81,23469781,30184646.23,499.5306269,19612.15,19731.85,19562.95,19711.45
2023-07-18,NIFTY,130526,6526300,12908.85,61842355,3092117750,6100718.26,6113627.11,76842.75,79.5602332,38127.16,23597777,30140263.73,472.5996708,19787.5,19819.45,19690.2,19749.25
2023-07-19,NIFTY,121954,6097700,12091.9,98997797,4949889850,9793608.13,9805700.03,67616.25,145.0198736,36619.08,21425069,30288225.22,809.9312871,19802.95,19851.7,19727.45,19833.15
2023-07-20,NIFTY,164688,8234400,16403.61,199417994,9970899700,19796545.74,19812949.35,74807.44,264.8526584,40356.85,22136067,30239599.11,1206.840795,19831.7,19991.85,19758.4,19979.15
2023-07-21,NIFTY,192096,9604800,19069.47,62619044,3130952200,6230421.84,6249491.31,82890.69,75.3943695,45300.51,25098683,30043367.03,326.7223389,19800.45,19887.4,19700,19745
2023-07-24,NIFTY,180023,9001150,17806.82,66031778,3301588900,6542616.54,6560423.36,75974.32,86.35053739,49510.76,25013997,30017026.53,367.4219507,19748.45,19782.75,19658.3,19672.35
2023-07-25,NIFTY,177966,8898300,17566.16,53294155,2664707750,5273711.33,5291277.49,77159.95,68.57543959,40111.31,25952839,30086098.81,300.2199303,19729.35,19729.35,19615.95,19680.6
2023-07-26,NIFTY,200705,10035250,19923.71,84046335,4202316750,8327570.55,8347494.26,70165.74,118.9682352,39705.06,23879910,30213227.9,417.9728851,19733.35,19825.6,19716.7,19778.3
2023-07-27,NIFTY,341437,17071850,33823.76,217940410,10897020500,21565778.91,21599602.67,83695.7,258.0730273,42190.39,25713358,30159691.45,637.592595,19850.9,19867.55,19603.55,19659.9
2023-07-28,NIFTY,152335,7616750,15040.63,53721963,2686098150,5306779.98,5321820.61,72054.39,73.85838129,36648.96,24042451,30234069.27,352.8296341,19659.75,19695.9,19563.1,19646.05
2023-07-31,NIFTY,102696,5134800,10170.96,53942754,2697137700,5329069.36,5339240.32,75409.75,70.80305027,43625.26,26370664,30482952.17,523.9494954,19666.35,19772.75,19597.6,19753.8
2023-08-01,NIFTY,79732,3986600,7905.95,51004809,2550240450,5046143.98,5054049.93,74238.32,68.07872174,47555.85,25323395,30498514.3,638.2716789,19784,19795.6,19704.6,19733.55
2023-08-02,NIFTY,179743,8987150,17644.94,110155376,5507768800,10816893.82,10834538.76,0,#DIV/0!,0,0,0,613.030921,19655.4,19678.25,19423.55,19526.55
2023-08-03,NIFTY,200169,10008450,19510.47,225429300,11271465000,21937826.64,21957337.11,0,#DIV/0!,0,0,0,1124.413027,19463.75,19537.65,19296.45,19381.65
2023-08-04,NIFTY,146329,7316450,14307.18,60180096,3009004800,5881462.64,5895769.82,0,#DIV/0!,0,0,0,411.0846889,19462.8,19538.85,19436.45,19517
2023-08-07,NIFTY,94746,4737300,9305.1,55659671,2782983550,5455404.66,5464709.76,72004.11,75.89441436,38995.24,26047803,30356254.42,586.2811426,19576.85,19620.45,19524.8,19597.3
2023-08-08,NIFTY,78763,3938150,7731.34,50429495,2521474750,4948008.76,4955740.1,75684.62,65.47882648,38745.96,26511968,30354053.83,639.9936829,19627.2,19634.4,19533.1,19570.85
2023-08-09,NIFTY,120145,6007250,11779.25,87089888,4354494400,8524713.32,8536492.57,73035.56,116.8813188,41279.55,24929653,30455360.37,723.7059507,19578.8,19645.5,19467.5,19632.55
2023-08-10,NIFTY,142828,7141400,14003.42,218034151,10901707550,21341327.74,21355331.16,81921.82,260.6794034,44648.39,26715057,30366449.49,1524.008259,19605.55,19623.6,19495.4,19543.1
2023-08-11,NIFTY,108174,5408700,10563.83,48262035,2413101750,4727866.9,4738430.73,0,#DIV/0!,0,0,0,447.5523461,19554.25,19557.75,19412.75,19428.3
2023-08-14,NIFTY,127887,6394350,12419.5,64945112,3247255600,6329125.16,6341544.66,67601.46,93.80780622,34040.87,26422116,30198318.23,509.6119135,19383.95,19465.85,19257.9,19434.55
2023-08-16,NIFTY,104292,5214600,10138.89,86019221,4300961050,8361789.24,8371928.13,72177.47,115.9908782,35308.07,24660737,30275486.59,824.7243278,19369,19482.75,19317.2,19465
2023-08-17,NIFTY,116019,5800950,11264.28,173717910,8685895500,16876882.59,16888146.87,71584.47,235.9191438,33160.8,25641210,30219429.45,1498.265543,19450.55,19461.55,19326.25,19365.25
2023-08-18,NIFTY,145140,7257000,14034.91,58695120,2934756000,5690262.3,5704297.21,73723.91,77.3737748,33606.37,25935115,30166313.1,405.4363227,19301.75,19373.8,19253.6,19310.15
2023-08-21,NIFTY,133845,6692250,12980.52,55378608,2768930400,5370348.72,5383329.24,62587.03,86.01349577,28460.01,23637671,30516159.42,413.7236967,19320.65,19425.95,19296.3,19393.6
2023-08-22,NIFTY,72398,3619900,7030.04,46525271,2326263550,4521033.14,4528063.18,66772.81,67.81297927,38754.98,23573404,30656875.12,643.1020506,19417.1,19443.5,19381.3,19396.45
2023-08-23,NIFTY,93925,4696250,9125.76,84948618,4247430900,8258424.33,8267550.09,71696.86,115.3125826,40041.94,24323181,30719600.77,904.9574315,19439.2,19472.05,19366.6,19444
2023-08-24,NIFTY,151469,7573450,14771.12,197822853,9891142650,19280145.07,19294916.19,83704.61,230.5119896,39179.85,24756106,30685819.23,1305.259525,19535.15,19584.45,19369,19386.7
2023-08-25,NIFTY,166538,8326900,16073.54,58167961,2908398050,5637067.28,5653140.82,72801.49,77.65144395,41887.69,23869001,30501252.53,350.7047782,19297.4,19339.55,19229.7,19265.8
2023-08-28,NIFTY,156363,7818150,15124.11,51205218,2560260900,4956237.09,4971361.2,64026.92,77.64485938,43717.29,23574700,30606165.96,327.70438,19298.35,19366.85,19249.7,19306.05
2023-08-29,NIFTY,154746,7737300,14993.24,47007232,2350361600,4557595.17,4572588.41,72537.46,63.03761408,42865.75,24614376,30704460.72,303.9766702,19374.85,19377.9,19309.1,19342.65
2023-08-30,NIFTY,193207,9660350,18788.89,76882342,3844117100,7465394.68,7484183.57,73866.09,101.3209657,45470.19,24860910,30807242.99,397.330267,19433.45,19452.8,19334.75,19347.45
2023-08-31,NIFTY,265657,13282850,25722.4,176246568,8812328400,17046867.89,17072590.29,139401.51,122.4706267,58198.98,29002673,30724881.88,662.7246248,19375.55,19388.2,19223.65,19253.8
2023-09-01,NIFTY,124052,6202600,12071.33,51014267,2550713350,4944749.55,4956820.88,86757.18,57.13441677,55824.37,27644666,31003527.36,409.627568,19258.15,19458.55,19255.7,19435.3
2023-09-04,NIFTY,85941,4297050,8414.76,53462502,2673125100,5205485.06,5213899.82,90948.71,57.32791394,66731.81,30372330,31270612.61,618.6136099,19525.05,19545.15,19432.85,19528.8
2023-09-05,NIFTY,78713,3935650,7730.01,50354232,2517711600,4914826.81,4922556.82,88740.88,55.4711292,57220.19,29619666,31430644.8,635.8111839,19564.65,19587.05,19525.75,19574.9
2023-09-06,NIFTY,114783,5739150,11260.69,83674524,4183726200,8185661.03,8196921.72,89874.05,91.20454369,52207.39,29090798,31500906.09,726.9235748,19581.2,19636.45,19491.5,19611.05
2023-09-07,NIFTY,137720,6886000,13571.97,327537762,16376888100,32160116.29,32173688.26,80990.77,397.2512949,50358.62,26617336,31674083.2,2369.598245,19598.65,19737,19550.05,19727.05
2023-09-08,NIFTY,111447,5572350,11069.3,59850060,2992503000,5931588.84,5942658.14,91290.76,65.09594334,53152.88,27214111,31853466.52,535.8594347,19774.8,19867.15,19727.05,19819.95
2023-09-11,NIFTY,101791,5089550,10184.01,55774767,2788738350,5558667.9,5568851.91,92364.38,60.29220258,59914.7,29755212,32189951.5,545.8230992,19890,20008.15,19865.35,19996.35
2023-09-12,NIFTY,149036,7451800,14951.13,79627051,3981352550,7970133.61,7985084.74,108278.08,73.7460873,72999.98,37469245,31634442.3,533.0790121,20110.15,20110.35,19914.65,19993.2
2023-09-13,NIFTY,96830,4841500,9731.29,81905618,4095280900,8193383.81,8203115.1,85095.07,96.39941656,56677.47,29239365,31789842.29,841.9627624,19989.5,20096.9,19944.1,20070
2023-09-14,NIFTY,144392,7219600,14556.57,326206926,16310346300,32788389.59,32802946.16,76497.82,428.8089015,48540.12,27142417,31978237.17,2252.480467,20127.95,20167.65,20043.45,20103.1
2023-09-15,NIFTY,88783,4439150,8988.42,43624445,2181222250,4402538.26,4411526.68,112918.11,39.06837158,62764.88,28153311,32097506.97,489.8011286,20156.45,20222.45,20129.7,20192.35
2023-09-18,NIFTY,74754,3737700,7555.08,38107293,1905364650,3845445.4,3853000.48,78686.74,48.96632495,65251.73,25479423,32057831.87,508.9880451,20155.95,20195.35,20115.7,20133.3
2023-09-20,NIFTY,157467,7873350,15776.38,79820581,3991029050,8016082.49,8031858.87,90023.85,89.21923324,47116.61,27165630,31807787.21,508.1065802,19980.75,20050.65,19878.85,19901.4
2023-09-21,NIFTY,200175,10008750,19836.78,294675032,14733751600,29179321.26,29199158.04,74375.43,392.5914518,45219.2,25892090,31548043.83,1470.970655,19840.55,19848.75,19709.95,19742.35
2023-09-22,NIFTY,144442,7222100,14285.14,58011371,2900568550,5754822.88,5769108.02,73472.74,78.52038756,48018.56,24827585,31536717.54,402.8537963,19744.85,19798.65,19657.5,19674.25
2023-09-25,NIFTY,179143,8957150,17669.82,60056747,3002837350,5931792.66,5949462.48,67127.54,88.62923444,37331.86,23955167,31554076.02,335.7019291,19678.2,19734.15,19601.55,19674.55
2023-09-26,NIFTY,132417,6620850,13063.99,44148036,2207401800,4360173.14,4373237.13,62261.53,70.23979542,36574.75,22664931,31583911.28,333.7550886,19682.8,19699.35,19637.45,19664.7
2023-09-27,NIFTY,210775,10538750,20771.3,110525385,5526269250,10877934.48,10898705.78,67146.81,162.3115943,39008.9,23005766,31724608.47,523.7002248,19637.05,19730.7,19554,19716.45
2023-09-28,NIFTY,323429,16171450,31804.1,240621446,12031072300,23677492.25,23709296.35,86394.03,274.4321147,42610.52,26158894,31426434.48,744.4792417,19761.8,19766.65,19492.1,19523.55
2023-09-29,NIFTY,153684,7684200,15161.46,48193003,2409650150,4744588.03,4759749.49,67562.21,70.44987856,31672.14,23144806,31680850.64,312.9374104,19581.2,19726.25,19551.05,19638.3
2023-10-03,NIFTY,116732,5836600,11434.94,56222306,2811115300,5512567.38,5524002.32,70369.86,78.49954967,37662.03,25766998,31691761.82,482.0810061,19622.4,19623.2,19479.65,19528.75
2023-10-04,NIFTY,134805,6740250,13101.81,92126864,4606343200,8976838.05,8989939.86,77004.18,116.7461281,45404.34,26375561,31438653.63,685.1601458,19446.3,19457.8,19333.6,19436.1
2023-10-05,NIFTY,142483,7124150,13946.61,317556195,15877809750,31043020.63,31056967.24,66130.27,469.6331535,39254.51,23322406,31553229.12,2225.847043,19521.85,19576.95,19487.3,19545.75
2023-10-06,NIFTY,109696,5484800,10788.59,45369033,2268451650,4464033.44,4474822.03,60813.99,73.5821154,35874.72,22108171,31756208.29,413.7735737,19621.2,19675.75,19589.4,19653.5
2023-10-09,NIFTY,115844,5792200,11335.5,55389476,2769473800,5422479.76,5433815.26,57211.42,94.97780793,36688.99,24088638,31389834.05,478.3626448,19539.45,19588.95,19480.5,19512.35
2023-10-10,NIFTY,111555,5577750,10988.61,51797228,2589861400,5085150.26,5096138.87,62260.58,81.85177314,31175.99,23585950,31737053.82,462.76556,19565.6,19717.8,19565.45,19689.85
2023-10-11,NIFTY,103683,5184150,10293.24,75920843,3796042150,7507218.17,7517511.41,67586.9,111.2273445,36560.56,23783456,31924534.64,729.3348032,19767,19839.2,19756.95,19811.35
2023-10-12,NIFTY,91208,4560400,9055.63,294775240,14738762000,29201248.28,29210303.91,66769.21,437.4816463,34936.11,23642538,31965695.48,3224.651215,19822.7,19843.3,19772.65,19794
2023-10-13,NIFTY,126854,6342700,12527.77,48313331,2415666550,4781779.65,4794307.42,71146.9,67.38603397,35356.27,24015828,31955051.96,381.6943997,19654.55,19805.4,19635.3,19751.05
2023-10-16,NIFTY,84553,4227650,8356.28,42776710,2138835500,4232811.54,4241167.82,64444.14,65.8115357,36558.84,24427646,31980368.81,506.5425692,19737.25,19781.3,19691.85,19731.75
2023-10-17,NIFTY,80102,4005100,7945.62,44624250,2231212500,4422933.46,4430879.08,67587.03,65.55812676,38040.28,24001453,32135579.74,556.6505144,19843.2,19849.75,19775.65,19811.5
2023-10-18,NIFTY,117196,5859800,11580.44,84323128,4216156400,8345859.43,8357439.87,71374.93,117.092092,39673.76,25906249,31894553.38,720.685866,19820.45,19840.95,19659.95,19671.1
2023-10-19,NIFTY,143627,7181350,14094.7,347357227,17367861350,34121662.35,34135757.05,68994.85,494.7580443,38241.45,25337426,31854333.46,2420.886032,19545.2,19681.8,19512.35,19624.7
2023-10-20,NIFTY,106409,5320450,10417.63,38046334,1902316700,3738078.66,3748496.29,69828.34,53.6815896,41816.26,25421342,31645957.82,358.8223675,19542.15,19593.8,19518.7,19542.65
2023-10-23,NIFTY,203731,10186550,19819.44,59306202,2965310100,5791945.96,5811765.4,69967.79,83.06344105,40579.86,29805249,30899396.78,292.235601,19521.6,19556.85,19257.85,19281.75
2023-10-25,NIFTY,313032,15651600,30129.06,149652069,7482603450,14425634.69,14455763.75,68056.29,212.4089302,38139.56,29462683,30690168.78,478.7947148,19286.45,19347.3,19074.15,19122.15
2023-10-26,NIFTY,356767,17838350,33829.91,240014909,12000745450,22819762.3,22853592.21,80704.52,283.1761122,39272.12,33142721,30339832.1,674.5439849,19027.25,19041.7,18837.85,18857.25
2023-10-27,NIFTY,132179,6608950,12630.03,44470142,2223507100,4249996.63,4262626.66,64506.79,66.08027868,32582.19,24352745,30780297.79,336.4993298,18928.75,19076.15,18926.65,19047.25
2023-10-30,NIFTY,133574,6678700,12794.89,56273719,2813685950,5379401.49,5392196.38,57989.82,92.98522361,32351.44,23106607,30882754.98,420.4335864,19053.4,19158.5,18940,19140.9
2023-10-31,NIFTY,134120,6706000,12866.04,62749291,3137464550,6018041.69,6030907.73,60771.15,99.23965122,29012.53,23435850,30876187.83,467.7462288,19232.95,19233.7,19056.45,19079.6
2023-11-01,NIFTY,106706,5335300,10195.16,78459061,3922953050,7498684.46,7508879.62,60006.56,125.1343123,37366.18,23205473,30754731.78,735.5141518,19064.05,19096.05,18973.7,18989.15
2023-11-02,NIFTY,160325,8016250,15401.15,310094025,15504701250,29666637.44,29682038.59,61403.72,483.391537,36403.41,22630810,31056249.4,1926.261184,19120,19175.25,19064.15,19133.25
2023-11-03,NIFTY,105802,5290100,10228.25,35770904,1788545200,3452265.74,3462493.99,62378.25,55.50803349,43130.07,21962804,31253296.33,337.5226202,19241,19276.25,19210.9,19230.6
2023-11-06,NIFTY,111756,5587800,10870.89,45445718,2272285900,4403253.67,4414124.56,66160.41,66.71851882,48180.32,24351255,31542085.11,405.0499701,19345.85,19423,19309.7,19411.75
2023-11-07,NIFTY,89982,4499100,8757.78,49970471,2498523550,4849773.01,4858530.79,70400.14,69.01308421,47345.04,25854425,31627909.94,553.7673942,19404.05,19423.5,19329.1,19406.7
2023-11-08,NIFTY,75703,3785150,7382.96,63604257,3180212850,6185154.37,6192537.33,66849.79,92.63360932,40241.23,24680309,31785808.82,837.7607856,19449.6,19464.4,19401.5,19443.5
2023-11-09,NIFTY,88742,4437100,8654.42,294302058,14715102900,28609086.05,28617740.47,67617.29,423.2311066,40611.62,24382378,31690247.34,3305.719627,19457.4,19463.9,19378.35,19395.3
2023-11-10,NIFTY,105006,5250300,10207.19,38558930,1927946500,3753198.61,3763405.8,58419.63,64.42022656,34221.44,21838166,31753377.6,367.7014546,19351.85,19451.3,19329.45,19425.35
2023-11-13,NIFTY,61516,3075800,6000.78,36583606,1829180300,3565420.67,3571421.45,59814.2,59.70858843,40091.47,21993811,31916418.55,594.1595376,19486.75,19494.4,19414.75,19443.55
2023-11-15,NIFTY,136730,6836500,13481.24,65722032,3286101600,6451152.15,6464633.39,81075.9,79.73557358,44793.69,27964748,32249315.37,478.528099,19651.4,19693.2,19579.65,19675.45
2023-11-16,NIFTY,152911,7645550,15171.33,378520298,18926014900,37429190.11,37444361.44,75341.81,496.9931229,40610.3,25785881,32412545.78,2467.100123,19674.7,19875.25,19627,19765.2
2023-11-17,NIFTY,89710,4485500,8895.52,45698245,2284912250,4532305.08,4541200.6,81496.58,55.72259106,50103.88,28302610,32461694.54,509.5042313,19674.75,19806,19667.45,19731.8
2023-11-20,NIFTY,82120,4106000,8119.78,47159559,2357977950,4666648.84,4674768.62,67378.25,69.38097413,39335.52,25920865,32437792.24,574.7260197,19731.15,19756.45,19670.5,19694
2023-11-21,NIFTY,84641,4232050,8405.36,46760805,2338040250,4633962.95,4642368.31,68206.35,68.06357927,35873.71,25410958,32519097.8,551.3104674,19770.9,19829.1,19754.05,19783.4
2023-11-22,NIFTY,102259,5112950,10158.34,88674332,4433716600,8782931.78,8793090.12,64783.26,135.730899,32235.01,24504973,32494709.49,864.6030533,19784,19825.55,19703.85,19811.85
2023-11-23,NIFTY,94830,4741500,9433.12,328321780,16416089000,32563904.67,32573337.79,60299.26,540.1946523,35196.12,22708191,32536159.5,3452.082097,19828.45,19875.15,19786.75,19802
2023-11-24,NIFTY,85737,4286850,8516.93,34136123,1706806150,3393958.34,3402475.27,63603.29,53.49527155,32793.83,23197046,32575117.45,398.4955072,19809.6,19832.85,19768.85,19794.7
2023-11-28,NIFTY,176919,8845950,17626.11,44807564,2240378200,4447091.41,4464717.52,81134.08,55.0288796,35873.18,29694869,32805475.92,252.3013535,19844.65,19916.85,19800,19889.7
2023-11-29,NIFTY,231023,11551150,23251.13,99766425,4988321250,9979084.97,10002336.1,84511.85,118.3542438,44658.06,28506653,33038083.67,429.1870963,19976.55,20104.65,19956.3,20096.6
2023-11-30,NIFTY,308470,15423500,31104.36,266933643,13346682150,26813532.81,26844637.17,167934.29,159.85203,66309.06,38500614,33264104.42,862.0506196,20108.5,20158.7,20015.85,20133.15
2023-12-01,NIFTY,115093,5754650,11730.17,33754965,1687748250,3428549.81,3440279.98,96596.89,35.61481099,39873.15,30226997,33472374.49,292.2847503,20194.1,20291.55,20183.7,20267.9
2023-12-04,NIFTY,165221,8261050,17122.08,59389442,2969472100,6115499.87,6132621.95,106840.91,57.3995668,45448.79,34356950,34047046.6,357.1703829,20601.95,20702.65,20507.75,20686.8
2023-12-05,NIFTY,145329,7266450,15185.39,64731062,3236553100,6732870.84,6748056.23,119921.29,56.27071081,51521.59,35402509,34346603.95,443.3781971,20808.9,20864.05,20711.15,20855.1
2023-12-06,NIFTY,135557,6777850,14252.37,93729095,4686454750,9793368.32,9807620.69,117701.28,83.32637241,48374.14,35051449,34583198.69,687.139635,20950.75,20961.95,20852.15,20937.7
2023-12-07,NIFTY,109008,5450400,11456.15,324125133,16206256650,33878154.33,33889610.48,102709.16,329.9570406,51749.11,33191288,34703867.35,2957.202405,20932.4,20941.25,20850.8,20901.15
2023-12-08,NIFTY,143288,7164400,15082.49,51723653,2586182650,5437753.26,5452835.75,106096.21,51.39519828,60503.49,34261590,34616871.37,360.5341863,20934.1,21006.1,20862.7,20969.4
2023-12-11,NIFTY,86964,4348200,9171.18,44180381,2209019050,4648627.8,4657798.98,87652.85,53.13916182,53100.9,30139700,34793164.91,506.8734667,20965.3,21026.1,20923.7,20997.1
2023-12-12,NIFTY,97795,4889750,10305.75,52040776,2602038800,5480331.83,5490637.58,102963.45,53.32608396,62286.33,34214748,34662614.23,531.7741872,21018.55,21037.9,20867.15,20906.4
2023-12-13,NIFTY,143255,7162750,15039.22,108505243,5425262150,11363744.89,11378784.11,102347.35,111.1781019,55696.31,32673515,34798151.66,755.6073314,20929.75,20950,20769.5,20926.35
2023-12-14,NIFTY,187043,9352150,19916.11,320612040,16030602000,33901532.43,33921448.54,115971.77,292.4974633,62172.67,35483099,35179194.78,1702.216569,21110.4,21210.9,21074.45,21182.7
2023-12-15,NIFTY,179670,8983500,19297.77,53807024,2690351200,5748505.18,5767802.95,135962.07,42.42214722,59126.69,36428499,35466354.48,297.8844281,21287.45,21492.3,21235.3,21456.65
2023-12-18,NIFTY,115080,5754000,12386.26,48855366,2442768300,5253276.95,5265663.21,97853.83,53.81151877,53471.45,33480776,35551940.58,424.1213207,21434.8,21482.8,21365.35,21418.65
2023-12-19,NIFTY,152479,7623950,16423.68,63445470,3172273500,6810154.19,6826577.87,94306.68,72.38700238,50249.74,32523975,35587046.01,414.6545835,21477.65,21505.05,21337.75,21453.1
2023-12-20,NIFTY,281293,14064650,30206.75,147228765,7361438250,15797181.14,15827387.89,127351.25,124.2813705,69199.26,46362716,34710078.4,522.9685795,21543.5,21593,21087.35,21150.15
2023-12-21,NIFTY,246783,12339150,26248.23,467224411,23361220550,49475916.25,49502164.48,98121.75,504.4973666,48931.68,36423398,35079473.94,1884.923907,21033.95,21288.35,20976.8,21255.05
2023-12-22,NIFTY,238998,11949900,25621.65,55159596,2757979800,5907539,5933160.65,92672.11,64.0231527,42436.01,32912652,35349697.33,230.5682499,21295.85,21390.5,21232.45,21349.4
2023-12-26,NIFTY,227570,11378500,24516.44,56417964,2820898200,6043518.18,6068034.62,80764.11,75.1328111,38033.62,30704665,35538679.39,246.508799,21365.2,21477.15,21329.45,21441.35
2023-12-27,NIFTY,286103,14305150,31023.8,119684619,5984230950,12884854.88,12915878.68,87161.45,148.1833847,37598.12,32251397,35786281.41,415.3216202,21497.65,21675.75,21495.8,21654.75
2023-12-28,NIFTY,307561,15378050,33610.2,231642873,11582143650,25129542.16,25163152.36,110511.11,227.6979424,46207.18,34241102,35945369.26,747.6760674,21715,21801.45,21678,21778.7
2023-12-29,NIFTY,137609,6880450,15067.64,41309757,2065487850,4514112.09,4529179.73,96088.7,47.13540437,59856.07,31867809,36105547.97,299.5898555,21737.65,21770.3,21676.9,21731.4
2024-01-01,NIFTY,120422,6021100,13194.08,51516253,2575812650,5618421.85,5631615.93,77272.13,72.88029889,60864.99,29050461,36261278.61,425.8289968,21727.75,21834.35,21680.85,21741.9
2024-01-02,NIFTY,181216,9060800,19729.39,70646417,3532320850,7680875.89,7700605.28,98688.35,78.02952709,66485.65,35474693,36206637.38,389.311372,21751.35,21755.6,21555.65,21665.8
2024-01-03,NIFTY,148671,7433550,16106.13,94835676,4741783800,10266341.28,10282447.41,108020.52,95.18976033,60011.96,35761674,36195300.15,637.418255,21661.1,21677,21500.35,21517.35
2024-01-04,NIFTY,132482,6624100,14409.31,286186489,14309324450,30945119.16,30959528.47,109287.52,283.2851223,65449.97,36315491,36517533.33,2147.578139,21605.8,21685.65,21564.55,21658.6
2024-01-05,NIFTY,145729,7286450,15868.51,44359091,2217954550,4828632.6,4844501.11,108328.67,44.72039683,76896.95,36825597,36614207.39,304.2902327,21705.75,21749.6,21629.2,21710.8
2024-01-08,NIFTY,159664,7983200,17311.57,63965217,3198260850,6949901.98,6967213.55,92893.77,75.00194631,64163.77,35226579,36318156.53,401.4599473,21747.6,21763.95,21492.9,21513
2024-01-09,NIFTY,175390,8769500,19052.27,72124699,3606234950,7818445.28,7837497.55,97185.54,80.64468799,63595.88,35070698,36427331.73,410.3681756,21653.6,21724.45,21517.85,21544.85
2024-01-10,NIFTY,151854,7592700,16420.33,110270773,5513538650,11904648.84,11921069.17,96184.51,123.9395945,60535.76,34155437,36546678.08,724.994494,21529.3,21641.85,21448.65,21618.7
2024-01-11,NIFTY,122599,6129950,13309.52,351304208,17565210400,38049929.26,38063238.78,108283.56,351.5144753,54340.87,37550616,36715047.97,2858.850602,21688,21726.5,21593.75,21647.2
2024-01-12,NIFTY,176732,8836600,19358.8,55332184,2766609200,6056293.14,6075651.94,103686.61,58.59630226,53751.2,35683096,36993665.04,312.8444501,21773.55,21928.25,21715.15,21894.55
2024-01-15,NIFTY,125113,6255650,13832.98,49665918,2483295900,5472712.05,5486545.03,113116.01,48.50370014,59394.33,38117897,37274586.33,395.6278437,22053.15,22115.55,21963.55,22097.45
2024-01-16,NIFTY,122353,6117650,13510.24,59794174,2989708700,6593569.03,6607079.27,115142.85,57.38158531,67102.29,39815033,37169885.47,488.0423316,22080.5,22124.15,21969.8,22032.3
2024-01-17,NIFTY,282279,14113950,30704.98,107580732,5379036600,11734454.79,11765159.77,132045.29,89.0994277,58385.39,41464144,36705213.91,382.1678044,21647.25,21851.5,21550.45,21571.95
2024-01-18,NIFTY,295030,14751500,31725.74,473885944,23694297200,50868612.76,50900338.5,127190.81,400.1888069,58020.56,43600263,36615713.62,1603.38617,21414.2,21539.4,21285.55,21462.25
2024-01-19,NIFTY,159192,7959600,17260.27,41296298,2064814900,4477047.23,4494307.5,123746.8,36.31857551,55667.7,39732522,37022718.39,259.3845421,21615.2,21670.6,21575,21622.4
2024-01-23,NIFTY,395684,19784200,42566.22,78952624,3947631200,8516532.34,8559098.56,151534.49,56.48284137,71110.06,52833352,36259034.66,200.0772523,21716.7,21750.25,21192.6,21238.8
2024-01-24,NIFTY,406165,20308250,43509.26,148993031,7449651550,15932649.99,15976159.25,134520.01,118.7641842,64860.46,43401556,36780612.52,366.1898637,21185.25,21482.35,21137.2,21453.95
2024-01-25,NIFTY,337710,16885500,36143.92,256103118,12805155900,27356431.8,27392575.72,128473.01,213.2165793,61945.29,39867516,36760960.35,756.875065,21454.6,21459,21247.05,21352.6
2024-01-29,NIFTY,196511,9825550,21395.38,39393774,1969688700,4283899.61,4305294.99,126082.6,34.14662285,66276.39,42620213,37370989.68,200.225451,21433.1,21763.25,21429.6,21737.6
2024-01-30,NIFTY,175233,8761650,19081.92,47936877,2396843850,5222415.03,5241496.95,124222.68,42.19436378,66089.19,43259500,37179689.17,273.683939,21775.75,21813.05,21501.8,21522.1
2024-01-31,NIFTY,157025,7851250,17086.6,64123785,3206189250,6971760.54,6988847.14,134827.6,51.83543384,62528.47,43090750,37638048.48,408.0250337,21487.25,21741.35,21448.85,21725.7
2024-02-01,NIFTY,192751,9637550,21029.07,386788704,19339435200,42140750.31,42161779.38,135499.38,311.1584671,68479.61,47118645,37600189.59,2003.928386,21780.65,21832.95,21658.75,21697.45
2024-02-02,NIFTY,259586,12979300,28611.15,60771120,3038556000,6694385.57,6722996.72,145168.2,46.31177296,72744.03,48626837,37928298.21,233.9782067,21812.75,22126.8,21805.55,21853.8
2024-02-05,NIFTY,173411,8670550,19005.1,54529381,2726469050,5995602.86,6014607.96,148635.4,40.46551468,79082.79,53083447,37906341.95,315.4733656,21921.05,21964.3,21726.95,21771.7
2024-02-06,NIFTY,140805,7040250,15448.29,54824055,2741202750,6010536.45,6025984.74,130863.8,46.04775912,68910.39,46798666,38329365.98,389.0745481,21825.2,21951.4,21737.55,21929.4
2024-02-07,NIFTY,142889,7144450,15724.81,91896318,4594815900,10108203.63,10123928.44,132563.37,76.37048183,82850.69,47204200,38572196.66,642.8188086,22045.05,22053.3,21860.15,21930.5
2024-02-08,NIFTY,237368,11868400,26002.98,439471281,21973564050,47962996.94,47988999.92,146914.22,326.6463922,85422.4,48402481,38458944.02,1844.519241,22009.65,22011.05,21665.3,21717.95
2024-02-09,NIFTY,163465,8173250,17819.82,44009963,2200498150,4804336.89,4822156.71,132841.97,36.2999488,81983.86,48389583,38287173.54,269.6063647,21727,21804.45,21629.9,21782.5
2024-02-12,NIFTY,147847,7392350,16092.97,54485782,2724289100,5937309.2,5953402.17,113821.69,52.30463693,60666.49,47189624,37539299.61,368.9380643,21800.8,21831.7,21574.75,21616.05
2024-02-13,NIFTY,150890,7544500,16428.18,59224917,2961245850,6443030.91,6459459.09,108525.5,59.52019654,56423.15,43645401,37729092.78,392.1938346,21664.3,21766.8,21543.35,21743.25
2024-02-14,NIFTY,206939,10346950,22526.5,99379584,4968979200,10795048.34,10817574.84,106640.31,101.4398293,51563.74,39394871,38132175.52,479.2155168,21578.15,21870.85,21530.2,21840.05
2024-02-15,NIFTY,181960,9098000,19987.07,398634403,19931720150,43628346.13,43648333.2,110650.93,394.4687424,54145.59,40109555,38413366.67,2182.828505,21906.55,21953.85,21794.8,21910.75
2024-02-16,NIFTY,126450,6322500,13983.99,32394479,1619723950,3581917.34,3595901.33,110879.48,32.43071964,48640.81,39511033,38629937.29,256.1441577,22020.3,22068.65,21968.95,22040.7
2024-02-19,NIFTY,126571,6328550,14048.42,44124745,2206237250,4888213.24,4902261.66,95050.87,51.57513719,46916.38,35049855,38840106.79,347.9546625,22103.45,22186.65,22021.05,22122.25
2024-02-20,NIFTY,133891,6694550,14846.16,51543581,2577179050,5713539.67,5728385.83,93856.42,61.03350021,43789.46,34515493,38820703.16,384.8496628,22099.2,22215.6,22045.85,22196.95
2024-02-21,NIFTY,164630,8231500,18265.89,95728788,4786439400,10607780.02,10626045.91,105968.15,100.2758462,50152.84,37468960,38555474.8,580.7425765,22248.85,22249.4,21997.95,22055.05
2024-02-22,NIFTY,258627,12931350,28619.16,469431778,23471588900,51781010.61,51809629.77,101758.61,509.1424674,46946.41,35920062,38880028.04,1809.312733,22081.55,22252.5,21875.25,22217.45
2024-02-23,NIFTY,157850,7892500,17602.19,35256522,1762826100,3934684.87,3952287.06,104811.96,37.70835943,58971.9,34853299,38969537.46,223.5338256,22290,22297.5,22186.1,22212.7
2024-02-26,NIFTY,181556,9077800,20158.47,38794660,1939733000,4316242.47,4336400.94,97405,44.51928484,43572.75,35951972,38863960.44,214.1155787,22169.2,22202.15,22075.15,22122.05
2024-02-27,NIFTY,212552,10627600,23620.4,48801773,2440088650,5418526.05,5442146.45,97554.75,55.78556093,43132.86,34519407,38869820.23,229.4002663,22090.2,22218.25,22085.65,22198.35
2024-02-28,NIFTY,274804,13740200,30374.51,128235369,6411768450,14184200.49,14214575,93572.23,151.9101875,54118.12,35685789,38282297.43,466.9770966,22214.1,22229.15,21915.85,21951.15
2024-02-29,NIFTY,334819,16740950,36908.56,281874506,14093725300,30990043.42,31026951.98,144688.83,214.4391656,66066.64,38679789,38456806.13,839.6437959,21935.2,22060.55,21860.65,21982.8
2024-03-01,NIFTY,197523,9876150,22100.33,40164312,2008215600,4483934.97,4506035.3,92374.91,48.77986133,40306.24,32898078,38893232.13,202.8899555,22048.3,22353.3,22047.75,22338.75
2024-03-04,NIFTY,86026,4301300,9688.18,34857581,1742879050,3901091.16,3910779.34,91170.75,42.89510989,36896.09,32798614,39042192.96,402.6650165,22403.5,22440.9,22358.3,22405.6
2024-03-05,NIFTY,157915,7895750,17746.33,54769943,2738497150,6127144.51,6144890.84,95499.79,64.34454819,38244.05,34053976,38965773.78,345.2626267,22371.25,22416.9,22269.15,22356.3
2024-03-06,NIFTY,202651,10132550,22772.33,105240676,5262033800,11769957.68,11792730.01,110204.13,107.0080587,48869.95,39680408,38802295.61,516.8534656,22327.5,22497.2,22224.35,22474.05
2024-03-07,NIFTY,115641,5782050,13060.59,280994695,14049734750,31578576.59,31591637.18,105275.38,300.0857103,37333.74,31926360,38949791.22,2417.852225,22505.3,22525.65,22430,22493.55
2024-03-11,NIFTY,140183,7009150,15777.31,45466184,2273309200,5119071.08,5134848.39,99341.83,51.68868331,35997.15,37683668,38636445.46,324.4577865,22517.5,22526.6,22307.25,22332.65
2024-03-12,NIFTY,134590,6729500,15127.38,52704543,2635227150,5912285.47,5927412.85,98273.82,60.31527878,38462.55,38784739,38253645.75,390.8334074,22334.45,22452.55,22256,22335.7
2024-03-13,NIFTY,265832,13291600,29573.3,137127909,6856395450,15250539.4,15280112.7,128247.09,119.1458824,57150.97,53698754,36920667.17,515.6860885,22432.2,22446.75,21905.65,21997.7
2024-03-14,NIFTY,199017,9950850,22124.28,417300461,20865023050,46166807.71,46188931.99,115235.26,400.8229078,55391.29,44228708,37683010.96,2086.703283,21982.55,22204.6,21917.5,22146.65
2024-03-15,NIFTY,228508,11425400,25292.12,48923754,2446187700,5414804.84,5440096.96,150344.05,36.1843183,55749.23,42198016,37536914.88,214.0905879,22064.85,22120.9,21931.7,22023.35
2024-03-18,NIFTY,154025,7701250,17070.48,51135606,2556780300,5653124.05,5670194.53,79440.57,71.37655898,33239.21,32102316,37573515.07,331.1637429,21990.1,22123.7,21916.55,22055.7
2024-03-19,NIFTY,192210,9610500,21136.51,62761260,3138063000,6911372.39,6932508.9,82667.21,83.86044358,31564.29,30493388,37079630.86,326.9873972,21946.45,21978.3,21793.1,21817.45
2024-03-20,NIFTY,180307,9015350,19794.73,93428746,4671437300,10245588.99,10265383.72,80845.54,126.9752632,34341.95,30311434,37107955.32,517.5917525,21843.9,21930.9,21710.2,21839.1
2024-03-21,NIFTY,168845,8442250,18679.81,366751983,18337599150,40364899.65,40383579.46,89313.34,452.1561892,32821.8,29757547,37675274.51,2160.883845,21989.9,22080.95,21941.3,22011.95
2024-03-22,NIFTY,225611,11280550,25007.67,51721487,2586074350,5723747.78,5748755.45,98226.61,58.52543878,38023.71,30878004,37916626.77,228.8796909,21932.2,22180.7,21883.3,22096.75
2024-03-26,NIFTY,208438,10421900,23104.73,46852410,2342620500,5181066.14,5204170.87,98576.32,52.79331659,34713.66,32374309,37940833.42,224.2426611,21947.9,22073.2,21947.55,22004.7
2024-03-27,NIFTY,218601,10930050,24323.71,76922512,3846125600,8509636.74,8533960.45,119877.1,71.18924674,42262.54,36140345,38053415.91,349.8494572,22053.95,22193.6,22052.85,22123.65
2024-03-28,NIFTY,431714,21585700,48502.91,392359931,19617996550,43843076.83,43891579.74,111696.91,392.9524974,38817.45,33987430,38421667.54,903.92673,22163.6,22516,22163.6,22326.9
2024-04-01,NIFTY,181832,9091600,20586.16,39210022,1960501100,4417586,4438172.16,84466.86,52.5433544,36119.85,30518405,39038513.22,214.5900935,22455,22529.95,22427.75,22462
2024-04-02,NIFTY,89558,4477900,10105.78,43616633,2180831650,4908912.03,4919017.81,101388.1,48.51671754,40975.42,32402790,39279870.39,485.7529087,22458.8,22497.6,22388.15,22453.3
2024-04-03,NIFTY,134861,6743050,15208.2,82975513,4148775650,9324538.78,9339746.98,107960.08,86.51111578,45587.89,33985333,39442700.08,613.1257335,22385.7,22521.1,22346.5,22434.65
2024-04-04,NIFTY,236944,11847200,26749.63,453678801,22683940050,50993884.95,51020634.58,113884.78,448.0022228,47755.1,36924336,39525844.51,1906.339824,22592.1,22619,22303.8,22514.65
2024-04-05,NIFTY,94842,4742100,10706.05,36149846,1807492300,4080539.82,4091245.87,96980.46,42.18629062,45119.16,31512239,39625713.92,381.1433554,22486.4,22537.6,22427.6,22513.7
2024-04-08,NIFTY,125956,6297800,14316.46,48652859,2432642950,5504870.08,5519186.54,94971.9,58.1138899,39536.17,31769689,39775586.73,384.513356,22578.35,22697.3,22550.35,22666.3
2024-04-09,NIFTY,125730,6286500,14328.88,71880933,3594046650,8140794.88,8155123.76,89282.31,91.34086876,33740.72,29422471,39681019.89,568.1389529,22765.1,22768.4,22612.25,22642.75
2024-04-10,NIFTY,89619,4480950,10221.3,187043111,9352155550,21207577.8,21217799.1,95135.1,223.0280843,35676.6,30887660,39910412.62,2074.841537,22720.25,22775.7,22673.7,22753.8
2024-04-12,NIFTY,192591,9629550,21847.81,48518493,2425924650,5517431.01,5539278.82,115116.18,48.11902914,44608.21,36061201,39656129.53,252.5393168,22677.4,22726.45,22503.75,22519.4
2024-04-15,NIFTY,209549,10477450,23521.33,61527180,3076359000,6914920.78,6938442.11,104736.68,66.24653474,44579.03,38661850,39131028.25,293.9851097,22339.05,22427.45,22259.55,22272.5
2024-04-16,NIFTY,180868,9043400,20098.02,69430972,3471548600,7739456.84,7759554.86,95437.38,81.30519572,41572.9,32206905,39105040.35,385.0855378,22125.3,22213.75,22079.45,22147.9
2024-04-18,NIFTY,333100,16655000,36992.23,420101826,21005091300,46600162.47,46637154.7,118491.27,393.5914832,40755.03,37796694,38957250.65,1259.728394,22212.35,22326.5,21961.7,21995.85
2024-04-19,NIFTY,304414,15220700,33515.06,48756519,2437825950,5383146.07,5416661.13,100281.1,54.01477577,38001.01,34790922,39013127.6,160.618721,21861.5,22179.55,21777.65,22147
2024-04-22,NIFTY,173581,8679050,19377.72,46446022,2322301100,5168308.18,5187685.9,95524.95,54.30713023,48300.71,31220307,39440238.26,266.7139467,22336.9,22375.65,22198.15,22336.4
2024-04-23,NIFTY,170477,8523850,19127.17,52864081,2643204050,5922658.91,5941786.08,106029.2,56.03914846,61796.76,33835746,39646165.6,309.6463779,22447.05,22447.55,22349.45,22368
2024-04-24,NIFTY,210702,10535100,23697.82,63537068,3176853400,7109814.65,7133512.47,103160.75,69.14948243,49530.59,32947419,39809816.86,300.0197761,22421.55,22476.45,22384,22402.4
2024-04-25,NIFTY,434980,21749000,49034.15,357399696,17869984800,40178230.89,40227265.04,138700.51,290.0296837,118127.43,37820093,40067984.1,819.3928291,22316.9,22625.95,22305.25,22570.35
2024-04-26,NIFTY,269640,6741000,15244.4,77600347,1940008675,4392089.56,4407333.96,122432.11,35.99818675,76324.57,37017944,40057791.33,288.1116712,22620.4,22620.4,22385.55,22419.95
2024-04-29,NIFTY,252760,6319000,14338.01,86954267,2173856675,4909783.82,4924121.83,110960.02,44.3774418,53996.42,34631788,40289904.78,342.431329,22475.55,22655.8,22441.9,22643.4
2024-04-30,NIFTY,240582,6014550,13709.98,115876267,2896906675,6575796.86,6589506.84,125255.63,52.6084683,48476.54,36604424,40304405.96,479.6357734,22679.65,22783.35,22568.4,22604.85
2024-05-02,NIFTY,208282,5207050,11857.64,624830856,15620771400,35410455.64,35422313.28,124577.28,284.3400761,46556.17,40496649,40493352.13,2986.298761,22567.85,22710.5,22567.85,22648.2
2024-05-03,NIFTY,483087,12077175,27374.66,105417138,2635428450,5982908.25,6010282.91,126411.94,47.54521535,53753.76,38352863,40290442.47,218.5564405,22766.35,22794.7,22348.05,22475.85
2024-05-06,NIFTY,262440,6561000,14828.29,95486507,2387162675,5395217.63,5410045.92,110346.25,49.02790915,42403.05,36559678,39999402.85,363.8462446,22561.6,22588.8,22409.45,22442.7
2024-05-07,NIFTY,319427,7985675,17908.81,118484318,2962107950,6669071.07,6686979.88,108066.51,61.87837361,47758.23,38408910,39512717.27,372.3905201,22489.75,22499.05,22232.05,22302.5
2024-05-08,NIFTY,335905,8397625,18814.32,174657815,4366445375,9783356.21,9802170.53,98921.64,99.09025497,35848.75,32436001,39734710.43,519.9952063,22231.2,22368.65,22185.2,22302.5
2024-05-09,NIFTY,534283,13357075,29671.69,673347966,16833699150,37320416.83,37350088.52,102204.55,365.4444789,35944.34,37135714,39006378.03,1257.778604,22224.8,22307.75,21932.4,21957.5
2024-05-10,NIFTY,326470,8161750,18081.45,76258158,1906453950,4229434.32,4247515.77,89135.61,47.65228813,32307.2,31869587,39307242.68,233.91013,21990.95,22131.3,21950.3,22055.2
2024-05-13,NIFTY,408924,10223100,22580.45,113709628,2842740700,6277378.01,6299958.46,98437.19,63.99977955,33799.07,35204224,39386935.24,278.0005717,22027.95,22131.65,21821.05,22104.05
2024-05-14,NIFTY,337542,8438550,18813.94,100319168,2507979200,5572961.62,5591775.56,91459.69,61.13923588,35957.08,31184671,39833151.98,296.2144888,22112.9,22270.05,22081.25,22217.85
2024-05-15,NIFTY,257493,6437325,14356.06,151044976,3776124400,8399023.09,8413379.15,100589.7,83.6405631,33585.68,32323793,40066324.22,585.0507096,22255.6,22297.55,22151.75,22200.55
2024-05-16,NIFTY,645224,16130600,36019.32,806946744,20173668600,44826136.44,44862155.76,117014.24,383.3905665,34873.23,36755205,40376361.02,1244.502574,22319.2,22432.25,22054.55,22403.85
2024-05-17,NIFTY,251862,6296550,14175.04,67191567,1679789175,3773488.03,3787663.07,112104.57,33.78687479,37417.55,34296835,40663295.69,266.2065172,22415.25,22502.15,22345.65,22466.1
2024-05-21,NIFTY,233279,5831975,13191.04,84107558,2102688950,4733272.88,4746463.92,131883.4,35.98985104,50219.1,42036180,41097538.47,358.8248447,22404.55,22591.1,22404.55,22529.05
2024-05-22,NIFTY,188413,4710325,10670.89,107990954,2699773850,6082021.2,6092692.09,121461.99,50.16130635,41183.92,38561274,41233049.18,569.9638175,22576.6,22629.5,22483.15,22597.8
2024-05-23,NIFTY,541879,13546975,31008.27,651123250,16278081250,37116168,37147176.27,131821.01,281.8001187,46218.36,37277729,41657276.82,1196.97642,22614.1,22993.6,22577.45,22967.65
2024-05-24,NIFTY,294121,7353025,16946.22,65178697,1629467425,3757250.06,3774196.28,121758.61,30.99736667,64371.54,35854157,41604312.23,221.7161149,22930.75,23026.4,22908,22957.1
2024-05-27,NIFTY,377781,9444525,21826,79160822,1979020550,4567055.24,4588881.24,121808.13,37.67302921,48423.91,37512247,41591790.97,209.2483845,23038.95,23110.8,22871.2,22932.45
2024-05-28,NIFTY,350726,8768150,20188.65,70842120,1771053000,4077642.22,4097830.87,102737.47,39.88642965,39437.47,33649112,41298212.58,201.9769633,22977.15,22998.55,22858.5,22888.15
2024-05-29,NIFTY,528982,13224550,30212.42,129884615,3247115375,7434151.98,7464364.4,102704.17,72.67829924,35165.24,32113714,41115099.08,246.0627775,22762.75,22825.5,22685.45,22704.7
2024-05-30,NIFTY,741589,18539725,41978.55,638046439,15951160975,36103721.01,36145699.56,110321.89,327.6385091,45328.34,35573345,40638740.16,860.0516457,22617.45,22705.75,22417,22488.65
2024-05-31,NIFTY,548788,13719700,31143.59,32257507,806437675,1848362.51,1879506.1,228737.63,8.216864449,76699.42,45140855,40880529.74,59.34969315,22568.1,22653.75,22465.1,22530.7
2024-06-03,NIFTY,604649,15116225,35270.04,59268517,1481712925,3440612.46,3475882.5,172539.88,20.1453861,66714.47,48575144,42247755.55,97.5505687,23337.9,23338.7,23062.3,23263.9
2024-06-04,NIFTY,1746793,43669825,97369.76,141713738,3542843450,7976033.94,8073403.7,271245.43,29.76420174,112824.1,88505365,39157988.57,81.91489781,23179.5,23179.5,21281.45,21884.5
2024-06-05,NIFTY,846461,21161525,47215.56,159381199,3984529975,8960760.72,9007976.28,186799.85,48.22260981,68667.94,59613369,40480909.48,189.784061,22128.35,22670.4,21791.95,22620.35
2024-06-06,NIFTY,667185,16679625,38117.97,760073072,19001826800,43261395,43299512.97,150441.91,287.8154962,51312.17,47364696,41249263.19,1134.934389,22798.6,22910.15,22642.6,22821.4
2024-06-07,NIFTY,576348,14408700,33391.23,82767939,2069198475,4793076.88,4826468.11,136819.7,35.27611967,50968.33,40808522,42013709.28,143.5429866,22821.85,23320.2,22789.05,23290.15
2024-06-10,NIFTY,346645,8666125,20223.04,77126627,1928165675,4501809.65,4522032.69,127364.64,35.50461643,52950.96,39918298,42183279.26,222.6079585,23319.15,23411.9,23227.15,23259.2
2024-06-11,NIFTY,265608,6640200,15509.59,92040244,2301006100,5362843.07,5378352.66,124793.35,43.09807101,65230.31,40301351,42348551.75,345.7759406,23283.75,23389.45,23206.65,23264.85
2024-06-12,NIFTY,295939,7398475,17329.26,122514414,3062860350,7149617.7,7166946.96,120081.57,59.68398781,57309.39,38601671,42583964.85,412.5748993,23344.45,23441.95,23295.95,23322.95
2024-06-13,NIFTY,236140,5903500,13830.75,530671584,13266789600,31036493.57,31050324.32,129492.86,239.7840647,57353.07,38467094,42813871.13,2244.021009,23480.95,23481.05,23353.9,23398.9
2024-06-14,NIFTY,223326,5583150,13099.86,56255705,1406392625,3291591.32,3304691.18,134533.33,24.5641075,54620.43,40795466,43133790.44,251.2691983,23464.95,23490.4,23334.25,23465.6
2024-06-18,NIFTY,198606,4965150,11714.14,64288737,1607218425,3772745.97,3784460.11,142797.5,26.50228547,52681.89,44189468,43363696.24,322.0676866,23570.8,23579.05,23499.7,23557.9
2024-06-19,NIFTY,376054,9401350,22157.6,143031478,3575786950,8422592.23,8444749.83,176830.13,47.75628356,75514.04,45009214,43032376.56,380.1220453,23629.85,23664,23412.9,23516
2024-06-20,NIFTY,272255,6806375,16041.99,629368488,15734212200,37063460.9,37079502.89,141386.7,262.2559469,57072.26,42275053,43204897.13,2310.402943,23586.15,23624,23442.6,23567
2024-06-21,NIFTY,386743,9668575,22768.01,87459803,2186495075,5152726.17,5175494.18,186714.75,27.71872163,66964.06,47315547,43082167.68,226.3142967,23661.15,23667.1,23398.2,23501.1
2024-06-24,NIFTY,425870,10646750,25060.08,79677449,1991936225,4678057.06,4703117.14,120055.27,39.17459967,53998.34,41398640,43178227.18,186.6736682,23382.3,23558.1,23350,23537.85
2024-06-25,NIFTY,434187,10854675,25728.56,85857618,2146440450,5040004.58,5065733.14,125361.63,40.40896038,41232.21,38776397,43198353.9,195.8914366,23577.1,23754.15,23562.05,23721.3
2024-06-26,NIFTY,454243,11356075,27103.81,130768701,3269217525,7753969.34,7781073.15,137796.94,56.46767737,54856.15,40000897,43322743.61,286.0841092,23723.1,23889.9,23670.45,23868.8
2024-06-27,NIFTY,828038,20700950,49702.91,732075137,18301878425,43779676.87,43829379.78,175812.72,249.2958404,60223.43,47632254,43465623.49,880.8272367,23881.55,24087.45,23805.4,24044.5
2024-06-28,NIFTY,313292,7832300,18944.12,78177760,1954444000,4712720.21,4731664.33,144358.3,32.77722396,57114.85,41432294,43573919.23,248.7695501,24085.9,24174,23985.8,24010.6
2024-07-01,NIFTY,176686,4417150,10679.67,60513824,1512845600,3646750.33,3657430,120030.56,30.47082343,43045.07,40783203,43950858.08,341.4665743,23992.95,24164,23992.7,24141.95
2024-07-02,NIFTY,235211,5880275,14241.27,83711328,2092783200,5050702.69,5064943.96,132574.08,38.20463216,46109.85,44690099,43869520.38,354.6525478,24228.75,24236.35,24056.4,24123.85
2024-07-03,NIFTY,233298,5832450,14199.4,101300936,2532523400,6126164.92,6140364.32,135925.91,45.1743477,48743.03,39991829,44196054.26,431.4382946,24291.75,24309.15,24207.1,24286.5
2024-07-04,NIFTY,217294,5432350,13258.94,541814131,13545353275,32942706.74,32955965.68,138453.37,238.0293501,51086.92,40038124,44377924.18,2484.565639,24369.95,24401,24281,24302.15
2024-07-05,NIFTY,253370,6334250,15414.39,72213239,1805330975,4391225.5,4406639.89,155674.24,28.30680201,58906.34,45523125,44630196.74,284.8783182,24213.35,24363,24168.85,24323.85
2024-07-08,NIFTY,142043,3551075,8649.35,59427556,1485688900,3614297.26,3622946.61,144756.56,25.02785787,59053.74,46288852,44612743.36,417.8692341,24329.45,24344.6,24240.55,24320.55
2024-07-09,NIFTY,176349,4408725,10792.38,69058668,1726466700,4197279.06,4208071.44,135443.29,31.06888086,51249.29,44498631,44760655.61,388.9113486,24351,24443.6,24331.9,24433.2
2024-07-10,NIFTY,345725,8643125,21039.97,162896367,4072409175,9909900.33,9930940.3,147729.45,67.22383587,49609.09,47459125,44638133.05,471.003539,24459.85,24461.05,24141.8,24324.45
2024-07-11,NIFTY,254942,6373550,15521.66,557559114,13938977850,33896580.51,33912102.17,139708.83,242.7341362,50665.27,42174404,44749935.63,2183.824443,24396.55,24402.65,24193.75,24315.95
2024-07-12,NIFTY,310792,7769800,19055.48,78902540,1972563500,4834320.23,4853375.71,155554.74,31.200436,56754.69,46408000,44870350.2,253.6971113,24387.95,24592.2,24331.15,24502.15
2024-07-15,NIFTY,159865,3996625,9841.65,62031855,1550796375,3804001.89,3813843.54,131749.37,28.94771747,53062.4,43292700,45141299.88,386.520745,24587.6,24635.05,24522.75,24586.7
2024-07-16,NIFTY,154073,3851825,9503.12,76160636,1904015900,4680166.36,4689669.48,125150.25,37.47231412,59528.88,41570517,45158604.62,492.4873473,24615.9,24661.25,24587.65,24613
2024-07-18,NIFTY,459021,11475525,28373.17,751663983,18791599575,46381793.34,46410166.51,147781.21,314.0464644,52671.7,48274054,45071395.42,1634.706074,24543.8,24837.75,24504.45,24800.85
2024-07-19,NIFTY,402986,10074650,24850.8,49758284,1243957100,3067238.5,3092089.3,134887.16,22.92352586,54984.71,47244972,44280200.57,123.4261472,24853.8,24854.8,24508.15,24530.9
2024-07-22,NIFTY,324656,8116400,19921.08,50769705,1269242625,3108934.03,3128855.11,122366.58,25.56952323,52214.37,42387344,44464968.37,156.0625242,24445.75,24595.2,24362.3,24509.25
2024-07-23,NIFTY,782577,19564425,47754.3,127172965,3179324125,7786648.64,7834402.94,169336.37,46.26532942,69434.42,58835882,44263234.99,163.0564921,24568.9,24582.55,24074.2,24479.05
2024-07-24,NIFTY,637663,15941575,38942.41,138815012,3470375300,8496930.48,8535872.89,137297.85,62.17047747,48861.42,44622376,44557661.49,218.1922095,24444.95,24504.25,24307.25,24413.5
2024-07-25,NIFTY,755727,18893175,46066.66,640385066,16009626650,39003496.93,39049563.59,129363.37,301.8595108,52534.28,43365700,44590743.49,846.6751644,24230.95,24426.15,24210.8,24406.1
2024-07-26,NIFTY,450169,11254225,27867.37,87960937,2199023425,5427314.58,5455181.95,136773.3,39.88484558,64183.69,43750917,45293041.71,194.7551771,24423.35,24861.15,24410.9,24834.85
2024-07-29,NIFTY,309309,7732725,19306.21,96797256,2419931400,6023215.36,6042521.57,148104.16,40.79913468,60444.16,46062455,45578651.24,311.9833131,24943.3,24999.75,24774.6,24836.1
2024-07-30,NIFTY,227835,5695875,14217.36,80584776,2014619400,5018643.3,5032860.66,136557.36,36.85528675,50493.59,44268683,45682580.86,352.9940369,24839.4,24971.75,24798.65,24857.3
2024-07-31,NIFTY,179329,4483225,11207.33,101260270,2531506750,6303240.45,6314447.78,136355.26,46.30879498,51468.53,43508773,45865877.61,562.4212413,24886.7,24984.6,24856.5,24951.15
2024-08-01,NIFTY,247796,6194900,15524.93,595295870,14882396750,37199986.66,37215511.59,135582.04,274.4870308,52082.92,44337740,45791783.78,2396.14521,25030.95,25078.3,24956.4,25010.9
2024-08-02,NIFTY,361777,9044425,22434,73903659,1847591475,4599220.25,4621654.25,130458.61,35.42621104,52421.97,44117371,45312388.81,205.0111549,24789,24851.9,24686.85,24717.7
2024-08-05,NIFTY,786368,19659200,47519.46,115830515,2895762875,7060473.25,7107992.71,156833.47,45.3219119,64622.79,63128598,43792315.11,148.580671,24302.85,24350.05,23893.7,24055.6
2024-08-06,NIFTY,461525,11538125,27950.34,111212757,2780318925,6748765.96,6776716.3,124789.15,54.30533264,45229.7,47641816,43580435.4,241.4555945,24189.85,24382.6,23960.4,23992.55
2024-08-07,NIFTY,360870,9021750,21947,138693795,3467344875,8430782.24,8452729.24,118107.97,71.56781409,42803.35,42143336,44456713.08,384.1428095,24289.4,24337.7,24184.9,24297.5
2024-08-08,NIFTY,411408,10285200,24920.77,724699724,18117493100,43881280.32,43906201.09,115117.83,381.4022649,43141.89,43186203,44191907.61,1760.83164,24248.55,24340.5,24079.7,24117
2024-08-09,NIFTY,285349,7133725,17408.34,63876170,1596904250,3899776.76,3917185.1,113940.29,34.37927971,45275.15,39462116,44623028.27,224.0177271,24386.85,24419.75,24311.2,24367.5
2024-08-12,NIFTY,294093,7352325,17950.9,104122656,2603066400,6356916.66,6374867.56,124307.1,51.28321359,47831.81,45392964,44575689.41,354.1280192,24320.05,24472.8,24212.1,24347
2024-08-13,NIFTY,258414,6460350,15680.52,124052682,3101317050,7555321.59,7571002.11,118875.76,63.68835926,48501.71,44243048,44141051.2,481.8285102,24342.35,24359.95,24116.5,24139
2024-08-14,NIFTY,196235,4905875,11866.34,327732754,8193318850,19833489.5,19845355.84,109272.72,181.6130855,39584.66,41794835,44040961.26,1671.407485,24184.4,24196.5,24099.7,24143.75
2024-08-16,NIFTY,439756,10993900,26883.93,96076713,2401917825,5864155.64,5891039.57,111622.55,52.77642887,38564.65,40046577,44765725.69,218.1286605,24334.85,24563.9,24204.5,24541.15
2024-08-19,NIFTY,177671,4441775,10936.2,72985235,1824630875,4479968.16,4490904.36,108403.03,41.42784902,41274.87,38297991,45039201.69,409.6457782,24636.35,24638.8,24522.95,24572.65
2024-08-20,NIFTY,186219,4655475,11517.59,82100027,2052500675,5054600.36,5066117.95,116805.13,43.37239255,41692.3,39320890,45287228.22,438.8592023,24648.9,24734.3,24607.2,24698.85
2024-08-21,NIFTY,152119,3802975,9426.16,104786856,2619671400,6473039.16,6482465.32,117623.75,55.11187426,43307.35,38813379,45524567.1,686.7100877,24680.55,24787.95,24654.5,24770.2
2024-08-22,NIFTY,173532,4338300,10791.37,530806080,13270152000,32922678.94,32933470.31,118638.86,277.5942917,46631.42,39555551,45650260.4,3050.834041,24863.4,24867.35,24784.45,24811.5
2024-08-23,NIFTY,187877,4696925,11686.47,47303658,1182591450,2936336.81,2948023.28,117927.16,24.99867952,48468.22,37623249,45587755.23,251.2595172,24845.4,24858.4,24771.65,24823.15
2024-08-26,NIFTY,344878,8621950,21617.2,78824392,1970609800,4915371.86,4936989.06,111305.26,44.35539758,42672.49,39602261,45815229.67,227.3824482,24906.1,25043.8,24874.7,25010.6
2024-08-27,NIFTY,312738,7818450,19620.7,69935712,1748392800,4364510.3,4384131,115234.42,38.04532535,40109.41,37301047,45906211.22,222.4441687,25024.8,25073.1,24973.65,25017.75
2024-08-28,NIFTY,441463,11036575,27744.83,137088945,3427223625,8577111.21,8604856.04,117801.06,73.04565884,47365.03,38318272,45889799.18,309.1426839,25030.8,25129.6,24964.65,25052.35
2024-08-29,NIFTY,731086,18277150,46033.91,761636330,19040908250,47782195.66,47828229.57,131401.72,363.9848061,46084.01,41055435,45841439.27,1037.978213,25035.3,25192.9,24998.5,25151.95
2024-08-30,NIFTY,245130,6128250,15538.75,59210408,1480260200,3729226.56,3744765.31,224107.98,16.70964733,87433.35,43032408,46109615.54,239.9952738,25249.7,25268.35,25199.4,25235.9
2024-09-02,NIFTY,219567,5489175,13927.64,69924577,1748114425,4416291.36,4430219,110146.86,40.22101946,41075.33,39564220,46151855.83,317.0882763,25333.6,25333.65,25235.5,25278.7
2024-09-03,NIFTY,139377,3484425,8838.93,58556783,1463919575,3698412.8,3707251.73,111673.69,33.19718127,33437.3,36418460,46228435.63,418.4231349,25313.4,25321.7,25235.8,25279.85
2024-09-04,NIFTY,242488,6062200,15290.51,118660920,2966523000,7468852.52,7484143.03,114786.42,65.20059629,40091.42,38904002,46181767.19,488.4632704,25089.95,25216,25083.8,25198.7
2024-09-05,NIFTY,171152,4278800,10814.06,551916680,13797917000,34772738.44,34783552.5,119706.21,290.5743361,45247.77,39625527,46234570.7,3215.511884,25250.5,25275.45,25127.75,25145.1
2024-09-06,NIFTY,460874,11521850,28803.42,97901216,2447530400,6119360.14,6148163.56,128602.52,47.807489,61434.88,44663459,45681966.94,212.4525539,25093.7,25168.75,24801.3,24852.15
2024-09-09,NIFTY,235028,5875700,14652.95,79396603,1984915075,4949294.5,4963947.45,106251.5,46.71884585,43068.25,40520749,45659214.73,337.7677874,24823.4,24957.5,24753.15,24936.4
2024-09-10,NIFTY,263841,6596025,16540.4,108602067,2715051675,6788452.06,6804992.46,107403.44,63.35916671,40189.53,39282075,45957451.84,410.4164385,24999.4,25130.5,24896.8,25041.1
2024-09-11,NIFTY,217521,5438025,13617.8,146385609,3659640225,9169360.9,9182978.7,107692.89,85.27005543,41356.72,38411491,45691861.05,673.3364347,25034,25113.7,24885.15,24918.45
2024-09-12,NIFTY,497335,12433375,31379.67,818860041,20471501025,51441182.53,51472562.2,122765.29,419.276183,39354.42,38547345,46353167.91,1639.315599,25059.65,25433.35,24941.45,25388.9
2024-09-13,NIFTY,200803,5020075,12750.59,67669111,1691727775,4281495.36,4294245.95,110708.86,38.78863851,37944.29,37149569,46478311.86,335.7880192,25430.45,25430.5,25292.45,25356.5
2024-09-16,NIFTY,166943,4173575,10623.46,62557347,1563933675,3967967.15,3978590.61,107496.57,37.01132613,41461.95,39147489,46654076.5,373.5098687,25406.65,25445.7,25336.2,25383.75
2024-09-17,NIFTY,128980,3224500,8208.89,56603944,1415098600,3592520.35,3600729.24,107675.46,33.44057448,35649.08,37719665,46638053.71,437.6377744,25416.9,25441.65,25352.25,25418.55
2024-09-18,NIFTY,237040,5926000,15076.6,111021410,2775535250,7044975.05,7060051.65,113945.72,61.95977918,38960.4,39585808,46395142.86,467.2787664,25402.4,25482.2,25285.55,25377.55
2024-09-19,NIFTY,372198,9304950,23769,752317613,18807940325,47873378.34,47897147.34,133899.52,357.7096269,65887.2,48981429,46151726.41,2014.109905,25487.05,25611.95,25376.05,25415.8
2024-09-20,NIFTY,667810,16695250,42910.68,131398625,3284965625,8395337.63,8438248.31,191597.71,44.04148834,61102.65,49234807,46766221.62,195.6468094,25525.95,25849.25,25426.6,25790.95
2024-09-23,NIFTY,421966,10549150,27379.54,79423057,1985576425,5104119.31,5131498.85,112766.26,45.50562243,53484.96,39418408,47200158.73,186.42093,25872.55,25956,25847.35,25939.05
2024-09-24,NIFTY,420589,10514725,27362.14,74424558,1860613950,4794101.82,4821463.96,125748.06,38.34225323,42995.93,40416326,47212725.97,175.2093155,25921.45,26011.55,25886.85,25940.4
2024-09-25,NIFTY,400715,10017875,26059.08,113883563,2847089075,7352629.75,7378688.83,109967,67.0991191,49273.52,37853323,47127809.99,282.152315,25899.45,26032.8,25871.35,26004.15
2024-09-26,NIFTY,685378,17134450,44899.07,579694169,14492354225,37761828.36,37806727.43,126554.83,298.7379259,49783.21,38588537,47311806.33,841.0380963,26005.4,26250.9,25998.4,26216.05
2024-09-27,NIFTY,218627,5465675,14414.61,63126591,1578164775,4143045.97,4157460.58,172476.29,24.1045339,60938.21,43450447,47383695.36,287.4199142,26248.25,26277.35,26151.4,26178.95
2024-09-30,NIFTY,362260,9056500,23636.83,97216928,2430423200,6322714.41,6346351.24,117510.94,54.00647157,47006.53,41216323,47064725.36,267.4941779,26061.3,26134.7,25794.1,25810.85
2024-10-01,NIFTY,198510,4962750,12896.75,108857104,2721427600,7052366.83,7065263.58,104772.07,67.43460905,39889.18,35848491,47116925.91,546.8328711,25788.45,25907.6,25739.2,25796.9
2024-10-03,NIFTY,523690,13092250,33544.17,733254888,18331372200,46706316.84,46739861.01,137062.64,341.0109495,45443.23,47590772,46138914.53,1392.382546,25452.85,25639.45,25230.3,25250.1
2024-10-04,NIFTY,518365,12959125,32884.96,108615429,2715385725,6915876.88,6948761.84,127530.48,54.48706725,41473.13,43565446,45727910.6,210.3051632,25181.9,25485.05,24966.8,25014.6
2024-10-07,NIFTY,433906,10847650,27206.31,92776843,2319421075,5836478.61,5863684.92,127522.35,45.98162534,47676.5,49996953,44842163.42,214.5266525,25084.1,25143,24694.35,24795.75
2024-10-08,NIFTY,327678,8191950,20555.56,99803327,2495083175,6263269.39,6283824.95,113419.76,55.40326439,41113.96,40062709,45585915.15,304.6995261,24832.2,25044,24756.8,25013.15
2024-10-09,NIFTY,335533,8388325,21161.69,147048290,3676207250,9258113.5,9279275.19,107912.12,85.98918444,39726.9,36513942,45845163.4,437.4940518,25065.8,25234.05,24947.7,24981.95
2024-10-10,NIFTY,205756,5143900,12952.84,595544134,14888603350,37350504.15,37363456.99,93973.46,397.5958424,31625.55,32065525,45829089.17,2883.576432,25067.05,25134.05,24979.4,24998.45
2024-10-11,NIFTY,143845,3596125,9020.72,48882826,1222070650,3076828.72,3085849.44,81980.59,37.6412202,28602.53,28291599,45860895.08,341.0846052,24985.3,25028.65,24920.05,24964.25
2024-10-14,NIFTY,168763,4219075,10642.03,54926892,1373172300,3460061.69,3470703.72,91179.11,38.06468082,30094.77,32462515,45999314.71,325.1317361,25023.45,25159.75,25017.5,25127.95
2024-10-15,NIFTY,179129,4478225,11272.69,80765099,2019127475,5078688.32,5089961.01,103530.06,49.16408829,28751.66,34069720,46024448.14,450.5302922,25186.3,25212.05,25008.15,25057.35
2024-10-16,NIFTY,210416,5260400,13200.02,140683218,3517080450,8830835.7,8844035.72,103521.3,85.43203882,28830.96,35257263,45973224.35,669.0016909,25008.55,25093.4,24908.45,24971.3
2024-10-17,NIFTY,228622,5715550,14238.98,602546804,15063670100,37550840.94,37565079.92,99898.22,376.0335261,28867.29,34566935,45363963.54,2637.186157,25027.4,25029.5,24728.9,24749.85
2024-10-18,NIFTY,288420,7210500,17927.36,74097240,1852431000,4622560.48,4640487.84,104145.4,44.55778018,30075.4,35538164,45464316.62,257.8494815,24664.95,24886.2,24567.65,24854.05
2024-10-21,NIFTY,241002,6025050,14983.78,89050649,2226266225,5547329.7,5562313.48,102475.68,54.27935174,31095.46,35225657,45011281.31,370.2223137,24956.15,24978.3,24679.6,24781.1
2024-10-22,NIFTY,312817,7820425,19351.06,109379556,2734488900,6784438.42,6803789.48,115108.96,59.10738382,38463.17,46235474,44100389.41,350.5977667,24798.65,24882,24445.8,24472.1
2024-10-23,NIFTY,266652,6666300,16394.61,147377409,3684435225,9066397.09,9082791.7,116764.39,77.78734338,39720.69,42795387,44190002.28,553.0108426,24378.15,24604.25,24378.1,24435.5
2024-10-24,NIFTY,194244,4856100,11892.75,530998014,13274950350,32478050.8,32489943.55,96692.7,336.0123727,28332.05,35975455,44038069.71,2730.911757,24412.7,24480.65,24341.2,24399.4
2024-10-25,NIFTY,390555,9763875,23678.81,79209179,1980229475,4844741.5,4868420.31,114725.74,42.43529229,38100.7,46351300,43368971.02,204.6024061,24418.05,24440.25,24073.9,24180.8
2024-10-28,NIFTY,394372,9859300,24068.53,93969755,2349243875,5740557.45,5764625.98,104980.09,54.9116121,41118.6,41981903,43781374.87,238.5088516,24251.1,24492.6,24134.9,24339.15
2024-10-29,NIFTY,439819,10995475,26811.01,116901100,2922527500,7136486.57,7163297.58,103952.51,68.90932773,33186.01,39132220,44056999.48,266.1774611,24328.85,24484.5,24140.85,24466.85
2024-10-30,NIFTY,401384,10034600,24568.24,130637387,3265934675,8002446.05,8027014.29,101466.73,79.1098155,38862.83,36783766,44172727.26,325.7232122,24371.45,24498.2,24307.3,24340.85
2024-10-31,NIFTY,478518,11962950,29093.23,492562059,12314051475,29997275.62,30026368.85,100483.98,298.8174717,33338.54,37097056,44137974.23,1031.074089,24349.85,24372.45,24172.6,24205.35
2024-11-01,NIFTY,53466,1336650,3262.09,9115026,227875650,559280.55,562542.64,18224.98,30.86657105,10069.32,9693913,0,171.4485345,24315.75,24316.75,23816.15,23995.35
2024-11-04,NIFTY,352565,8814125,21236.6,83371968,2084299200,5054057.09,5075293.69,98171.71,51.69812862,34412.54,38353225,43866107.64,237.9880532,24315.75,24316.75,23816.15,23995.35
2024-11-05,NIFTY,276232,6905800,16690.94,86157601,2153940025,5208667.47,5225358.41,99925.82,52.29237458,32798.46,36816567,44143147.76,312.0655559,23916.5,24229.05,23842.75,24213.3
2024-11-06,NIFTY,343274,8581850,21046.42,168114873,4202871825,10245935.56,10266981.98,115422.19,88.95154372,33637.35,37646244,44914669.39,486.825577,24308.75,24537.6,24204.05,24484.05
2024-11-07,NIFTY,266300,6657500,16235.83,639391063,15984776575,38839949.81,38856185.64,101311.19,383.5330099,32128.05,36784396,44507425.16,2392.236788,24489.6,24503.35,24179.05,24199.35
2024-11-08,NIFTY,216048,5401200,13107.53,66834659,1670866475,4067987.17,4081094.7,100043.17,40.79333652,29360.87,35503411,44094711.83,310.3549769,24207.7,24276.15,24066.65,24148.2
2024-11-11,NIFTY,267973,6699325,16271.06,100403669,2510091725,6097238.82,6113509.88,91097.72,67.10936212,29666.98,36645733,43916614.03,374.7290478,24087.25,24336.8,24004.6,24141.3
2024-11-12,NIFTY,241653,6041325,14580.13,109715092,2742877300,6640083.64,6654663.77,90244.39,73.7404704,29837.32,37101338,43402234.35,455.4200573,24225.8,24242,23839.15,23883.45
2024-11-13,NIFTY,313087,7827175,18618.97,177934919,4448372975,10639977.19,10658596.16,101536.12,104.9734435,35631.72,44262610,42614554.65,571.4589577,23822.45,23873.6,23509.6,23559.05
2024-11-14,NIFTY,257403,6435075,15225.21,582680948,14567023700,34441737.93,34456963.14,85953.11,400.8809354,29099.71,37921370,42737596.47,2262.151913,23542.15,23675.9,23484.15,23532.7
2024-11-18,NIFTY,280809,7020225,16528.53,135042605,3376065125,7971771.7,7988300.23,89842.21,88.91477881,31365.88,37908239,42583335.89,482.3037318,23605.3,23606.8,23350.4,23453.8
2024-11-19,NIFTY,343816,8595400,20387.64,192365039,4809125975,11386968.35,11407355.99,92273.39,123.6256302,28247.4,34859471,42748783.79,558.5231223,23529.55,23780.65,23464.8,23518.5
2024-11-21,NIFTY,277862,6946550,16250.92,651129858,16278246450,38159315.73,38175566.65,110779.62,344.6082109,35287.97,40259656,42215798.29,2348.132643,23488.45,23507.3,23263.15,23349.9
2024-11-22,NIFTY,545195,13629875,32370.84,110577884,2764448750,6590731.57,6623102.41,101525.18,65.23605681,30992.62,35808629,42929333.17,203.6008818,23411.8,23956.1,23359,23907.25
2024-11-25,NIFTY,474663,11866575,28864.41,124746302,3118663550,7563580.83,7592445.24,199663.97,38.02611578,46287.81,42946796,43598379.68,262.0382966,24253.55,24351.55,24135.45,24221.9
2024-11-26,NIFTY,320782,8019550,19474.36,110866589,2771670875,6724374.33,6743848.69,87510.3,77.06348498,42264.93,32425418,43628859.61,345.2937262,24343.3,24343.3,24125.4,24194.5
2024-11-27,NIFTY,409031,10225775,24896.78,150332484,3758320050,9123847.78,9148744.56,107332.16,85.23768235,43995.27,35561267,44099296.32,366.4669801,24204.8,24354.55,24145.65,24274.9
2024-11-28,NIFTY,858627,21465675,51883.94,679352807,16983847875,40994355.55,41046239.49,116893.73,351.1414983,45470.76,39730669,43939308.11,790.1164705,24274.15,24345.75,23873.35,23914.15
2024-11-29,NIFTY,285922,7215350,17509.47,105573471,2639685125,6392649.26,6410158.73,108458.77,59.10226282,36419.51,36393694,44320059.88,365.096674,23927.15,24188.45,23927.15,24131.1
2024-12-02,NIFTY,248492,6272800,15272.96,184832695,4621226925,11220189.89,11235462.85,99059.85,113.4209556,32137.09,35878888,44617444.47,734.6440958,24140.85,24301.7,24008.65,24276.05
2024-12-03,NIFTY,222397,5637475,13833.15,186395942,4660327950,11358483.57,11372316.72,115560.45,98.41011107,36606.15,39462725,44997187.35,821.10608,24367.5,24481.35,24280,24457.15
2024-12-04,NIFTY,259580,6569750,16152.67,285933011,7148865525,17462642.57,17478795.24,119361.32,146.4360082,41659.11,40055437,45182521.88,1081.099445,24488.75,24573.2,24366.3,24467.45
2024-12-05,NIFTY,542275,13737075,33946.62,801022888,20026725750,49195049.2,49228995.82,132760.85,370.809586,42662.18,40476900,45458617.12,1449.188438,24539.15,24857.75,24295.55,24708.4
2024-12-06,NIFTY,194762,4935050,12241.54,95835851,2396713325,5930081.44,5942322.98,108779.08,54.62744289,41207.01,36913356,45555196.31,484.4228292,24729.45,24751.05,24620.5,24677.8
2024-12-09,NIFTY,157102,3975550,9833.05,131694260,3293185150,8142177.88,8152010.93,106673.96,76.41987726,37214.6,37216875,45558653.09,828.0419483,24633.9,24705,24580.05,24619
2024-12-10,NIFTY,173920,4397250,10858,175497339,4388270375,10826222.84,10837080.84,108764.94,99.63762992,36005.65,37052267,45575963.9,997.0733874,24652.65,24677.8,24510.65,24610.05
2024-12-11,NIFTY,168166,4235450,10484.91,216585950,5415630750,13341387.75,13351872.66,97652.67,136.7281884,31827.32,34041951,45670345.75,1272.437031,24620.5,24691.75,24583.85,24641.8
2024-12-12,NIFTY,153383,3871525,9559.75,534412767,13361701025,32953885.52,32963445.27,106112.97,310.6448276,31354.34,34485652,45429242.35,3447.1493,24604.45,24675.25,24527.95,24548.7
2024-12-13,NIFTY,536224,13629650,33507.87,159969650,4009942150,9841057.64,9874565.51,100830.25,97.93256994,34438.38,35359200,45547684,293.6939185,24498.35,24792.3,24180.8,24768.3
2024-12-16,NIFTY,210050,5331450,13205.57,146294685,3662924975,9060724.9,9073930.47,89195.79,101.7304793,28047.71,31622720,45612789.75,686.1290274,24753.4,24781.25,24601.75,24668.25
2024-12-17,NIFTY,366149,9300575,22811.93,233028271,5834864525,14324127.42,14346939.35,108064.26,132.763037,33976.56,35909058,45126459.29,627.9226449,24584.8,24624.1,24303.45,24336
2024-12-18,NIFTY,264381,6733925,16393.11,286612256,7176124350,17552953.78,17569346.89,104385.9,168.311495,36793.51,36948918,44861506.08,1070.751906,24297.95,24394.45,24149.85,24198.85
2024-12-19,NIFTY,248468,6359100,15291.88,510882256,12791983000,30861063.56,30876355.44,103052.83,299.6167639,31780,35395966,44577172.54,2018.13404,23877.15,24004.9,23870.3,23951.7
2024-12-20,NIFTY,424820,10858850,25934.72,110000849,2817854725,6751100.66,6777035.38,141777.78,47.80040554,41101.12,40546500,43707079.3,260.3112993,23960.7,24065.8,23537.35,23587.5
2024-12-23,NIFTY,343264,8780400,20936.15,173943923,4447982775,10591569.33,10612505.48,82921.6,127.9824012,27272.84,33506551,43803421.7,505.898617,23738.2,23869.55,23647.2,23753.45
2024-12-24,NIFTY,471695,11966375,28579.66,146560174,3786242400,9041201.01,9069780.67,76436.14,118.658277,23868.77,28280015,43781472.1,316.3508947,23769.1,23867.65,23685.15,23727.65
2024-12-26,NIFTY,465875,11880375,28340.99,518745473,13303113275,31681724.86,31710065.85,82061.36,386.4189656,26395.63,29960152,43817280.81,1117.876435,23775.8,23854.5,23653.6,23750.2
2024-12-27,NIFTY,201895,5277325,12692.73,30009098,2125055900,5101361.04,5114053.77,79107.7,64.64672554,24107.12,29539502,43843994.92,401.9120426,23801.4,23938.85,23800.6,23813.4
2024-12-30,NIFTY,236567,6243325,14929.5,51347687,3685513375,8808304.85,8823234.35,140017.26,63.01533361,42538.58,42332681,43720007.4,589.9932918,23796.9,23915.35,23599.3,23644.9
2024-12-31,NIFTY,212150,5606350,13314.43,56769186,4104369200,9729625.3,9742939.73,83252.78,117.0284011,31552.61,33440685,43893973.61,730.7579296,23560.6,23689.85,23460.45,23644.8
2025-01-01,NIFTY,179798,4698400,11213.5,80902286,5951240200,14152710.92,14163924.42,66507.28,212.9680303,24780.44,27696323,44137887.67,1262.113606,23637.65,23822.8,23562.8,23742.9
2025-01-02,NIFTY,348685,9200325,22211.72,224015178,16549834400,39751710.49,39773922.21,99415.85,400.0762676,31538.1,34631542,44740280.28,1789.672771,23783,24226.7,23751.55,24188.65
2025-01-03,NIFTY,269783,7133525,17240.67,43642675,3089871225,7491122.33,7508363,106093.57,70.77114098,36053.49,35701589,44670497.15,434.5029706,24196.4,24196.45,23976,24004.75
2025-01-06,NIFTY,394700,10532800,25151.67,77978409,5525640375,13207899.83,13233051.5,105241.3,125.7400992,40077.47,45292441,43577785.49,525.1301337,24045.8,24089.95,23551.9,23616.05
2025-01-07,NIFTY,177038,4776200,11388.02,58172168,4198445500,9993938.85,10005326.87,94300.11,106.1009035,31418.78,36199692,43870508.49,877.5835352,23679.9,23795.2,23637.8,23707.9
2025-01-08,NIFTY,248848,6768450,16071.21,131830344,9682821050,22976319.52,22992390.73,95369.45,241.0875886,31284.2,37690276,43663825.78,1429.657102,23746.65,23751.85,23496.15,23688.95
2025-01-09,NIFTY,191468,5212550,12345.65,210395486,15636897200,36968137.29,36980482.94,89207.16,414.5461299,27277.16,34776894,43248591.14,2994.426157,23674.75,23689.5,23503.05,23526.5
2025-01-10,NIFTY,277229,7707025,18173.24,58793439,4161851325,9846482.39,9864655.63,93383.55,105.635903,31256.17,40739288,42677508.44,541.8121584,23551.9,23596.6,23344.35,23431.5
2025-01-13,NIFTY,297053,8339875,19412.94,61904526,4352592350,10224122.18,10243535.12,105027.76,97.53169181,40207.65,47973003,41423556.34,526.665316,23195.4,23340.95,23047.25,23085.95
2025-01-14,NIFTY,207552,5831450,13581.5,55248088,3965050900,9253644.46,9267225.96,103214.71,89.78590319,36261.54,40913379,42032868.02,681.3418591,23165.9,23264.95,23134.15,23176.05
2025-01-15,NIFTY,150371,4088325,9521.99,102419069,7521066525,17505176.04,17514698.03,92452.92,189.4445089,40781.98,36940589,42152967.39,1838.39471,23250.45,23293.65,23146.45,23213.2
2025-01-16,NIFTY,181490,5051850,11825.35,176205834,13042394300,30464773.79,30476599.14,95670.54,318.557825,31796.6,35316750,42553739.18,2576.225971,23377.25,23391.65,23272.05,23311.8
2025-01-17,NIFTY,231014,6406650,14915.42,52401536,3588419500,8387790.46,8402705.88,86331.32,97.33090934,30084.8,32346904,42594440.57,562.3569742,23277.1,23292.1,23100.35,23203.2
2025-01-20,NIFTY,172694,4766450,11145.16,48421798,3350290800,7835887.91,7847033.07,91454.57,85.80252545,45754.58,33556387,42878163.54,703.0754076,23290.4,23391.1,23170.65,23344.75
2025-01-21,NIFTY,417221,11869875,27623.82,86518028,5778291250,13498222.3,13525846.12,99502.09,135.9352966,34261.07,36998051,42131505.73,488.6443041,23421.65,23426.3,22976.85,23024.65
2025-01-22,NIFTY,231040,6739150,15608.44,111472336,7627660700,17682911.98,17698520.42,96643.55,183.1319361,30981.08,39865382,41908964.63,1132.907067,23099.15,23169.55,22981.3,23155.35
2025-01-23,NIFTY,174747,5044925,11747.89,204616809,14243696925,33048266.33,33060014.22,94927.46,348.2660783,27066.41,34335147,42180988.09,2813.123576,23128.3,23270.8,23090.65,23205.35
2025-01-24,NIFTY,303239,8968725,20852.31,123062144,3141830050,7348010.45,7368862.76,87530.93,84.18581592,25154.04,34691122,41677614.02,352.3835225,23183.9,23347.3,23050,23092.2
2025-01-27,NIFTY,292032,9804600,22500.77,118618549,3068256575,7105683.32,7128184.09,95150.83,74.91457605,34016.69,44308097,40754329.05,315.7973403,22940.15,23007.45,22786.9,22829.15
2025-01-28,NIFTY,409109,14484825,33402.75,135624644,3523733300,8144517.76,8177920.51,115503.17,70.80256334,37669.95,49517372,40629907.11,243.8277615,22960.45,23137.95,22857.65,22957.25
2025-01-29,NIFTY,377653,13417825,31092.61,170801244,4409528000,10229263.33,10260355.94,91470.93,112.1706748,28737.19,37974054,41395423.28,328.9933952,23026.75,23183.35,22976.5,23163.1
2025-01-30,NIFTY,380294,15060000,35119.59,438495980,11278915250,26227235.44,26262355.03,103561.27,253.5924389,28650.4,38966839,41496826.06,746.7978823,23169.5,23322.05,23139.2,23249.5
2025-01-31,NIFTY,96870,7265250,17122.3,26235563,1967667225,4641422.03,4658544.33,103890.63,44.84085167,32921.68,38302517,42122795.92,271.0746821,23296.75,23546.8,23277.4,23508.4
2025-02-03,NIFTY,89446,6708450,15693.47,51913967,3893547525,9141638.19,9157331.66,104886.08,87.30740686,31497.14,43737229,41673184.23,582.512229,23319.35,23381.6,23222,23361.05
2025-02-04,NIFTY,147025,11026875,26096.74,67849545,5088715875,11998487.54,12024584.28,104198.59,115.4006429,31271.81,38985803,42259145.35,459.7695934,23509.9,23762.75,23423.15,23739.25
2025-02-05,NIFTY,55352,4151400,9891.5,80214212,6016065900,14263368.39,14273259.89,94511.59,151.0212651,29911.9,36962831,42443581.2,1441.982347,23801.75,23807.3,23680.45,23696.3
2025-02-06,NIFTY,59147,4436025,10522.44,190579346,14293450950,33825478.52,33836000.96,90769.15,372.7698338,26756.82,34519322,42223954.09,3214.604077,23761.95,23773.55,23556.25,23603.35
2025-02-07,NIFTY,101595,7619625,18028.67,52612672,3945950400,9341385.64,9359414.31,88907.85,105.2709554,30231.51,35580982,42131569.51,518.1405861,23649.5,23694.5,23443.2,23559.95
2025-02-10,NIFTY,74380,5578500,13099.27,48332426,3624931950,8538948.41,8552047.68,74020.11,115.536814,23492.04,33910717,41523839.85,651.8644482,23543.8,23568.6,23316.3,23381.6
2025-02-11,NIFTY,99328,7449600,17322.73,69552198,5216414850,12168127.97,12185450.7,87197.43,139.7455258,27667.2,39171607,40602455.09,702.4370853,23383.55,23390.05,22986.65,23071.8
2025-02-12,NIFTY,146561,10992075,25377.98,140689161,10551687075,24389024.51,24414402.49,104609.92,233.3851559,38265.75,48265195,40493265.51,961.0309611,23050.8,23144.7,22798.35,23045.25
2025-02-13,NIFTY,92434,6932550,16086.94,250229800,18767235000,43408995.34,43425082.28,84394.95,514.5459803,30808.54,37104254,40477650.21,2698.399779,23055.75,23235.5,22992.2,23031.4
2025-02-14,NIFTY,124851,9363825,21559.26,63965195,4797389625,11074232.79,11095792.05,85658.47,129.5352585,31924,41298962,39786154.51,513.6647914,23096.45,23133.7,22774.85,22929.25
2025-02-17,NIFTY,105791,7934325,18219.72,61395656,4604674200,10600982.64,10619202.36,82681.35,128.4352803,31706.51,45382650,39788152.69,581.8411392,22809.9,22974.2,22725.45,22959.5
2025-02-18,NIFTY,85633,6422475,14744.36,56868815,4265161125,9819009.72,9833754.08,84876.07,115.8601486,27830.01,37474472,39606430.66,665.9502155,22963.65,22992.5,22801.5,22945.3
2025-02-19,NIFTY,100529,7539675,17356.58,100325956,7524446700,17311031.45,17328388.03,84203.85,205.7909232,28589.15,38570327,39952591.77,997.3757186,22847.25,23049.95,22814.85,22932.9
2025-02-20,NIFTY,71032,5327400,12231.83,177356681,13301751075,30522345.72,30534577.55,80372.2,379.9146664,25648.34,35402622,40256747.9,2495.321282,22821.1,22923.85,22812.75,22913.15
2025-02-21,NIFTY,128423,9631725,22029.92,45554058,3416554350,7841306.41,7863336.33,85627.7,91.83168916,28113.3,37127840,39992897.93,355.9389417,22857.2,22921,22720.3,22795.9
2025-02-24,NIFTY,181104,13582800,30811.42,51374491,3853086825,8808282.31,8839093.73,71947.32,122.8550797,22678.09,33751495,39555109.82,285.8771946,22609.35,22668.05,22518.8,22553.35
2025-02-25,NIFTY,168498,12637350,28634.85,49137157,3685286775,8390001.15,8418636,75029.98,112.2036285,22137.04,31256790,39412665.26,292.9996543,22516.45,22625.3,22513.9,22547.55
2025-02-27,NIFTY,200709,15053175,34061.83,108171267,8112845025,18360079.53,18394141.36,94080.41,195.5151063,27652.51,37820206,39080260.99,539.0221116,22568.95,22613.3,22508.4,22545.05
2025-02-28,NIFTY,134641,10098075,22598.46,56481809,4236135675,9516850.08,9539448.54,153463.52,62.16101742,43647.16,49683390,38167414.24,421.1282574,22433.4,22450.35,22104.85,22124.7
2025-03-03,NIFTY,101231,7592325,16904.88,64654075,4849055625,10809369.15,10826274.03,94975.36,113.9903448,36099.68,46740283,38164585.4,639.4230039,22194.55,22261.55,22004.7,22119.3
2025-03-04,NIFTY,71751,5381325,11944.65,52301372,3922602900,8723163,8735107.65,87916.39,99.35698736,31425.06,39015715,38270986.36,730.298753,21974.45,22105.05,21964.6,22082.65
2025-03-05,NIFTY,99158,7436850,16675.03,110655150,8299136250,18520271.64,18536946.67,96043.58,193.005578,32818.76,38758542,39060955.14,1110.65897,22073.05,22394.9,22067.8,22337.3
2025-03-06,NIFTY,128721,9654075,21769.03,279749137,20981185275,47056945.82,47078714.85,94950.1,495.8258585,31365.27,37796080,39517017.12,2161.646422,22476.35,22556.45,22245.85,22544.7
2025-03-07,NIFTY,88017,6601275,14973.75,59725540,4479415500,10144293.64,10159267.39,82344.2,123.375628,30749.89,34589242,39581519.25,677.4718183,22508.65,22633.8,22464.75,22552.5
2025-03-10,NIFTY,78805,5910375,13373.16,69157586,5186818950,11728661.98,11742035.14,77908.07,150.716545,29387.22,33614463,39137878.94,877.02996,22521.85,22676.75,22429.05,22460.3
2025-03-11,NIFTY,84829,6362175,14321.45,67520530,5064039750,11391551.7,11405873.15,86056.61,132.5391873,29555.33,34044936,39172403.43,795.4188787,22345.95,22522.1,22314.7,22497.9
2025-03-12,NIFTY,88167,6612525,14882.7,126418910,9481418250,21334354.22,21349236.92,85531.56,249.606542,31296.4,31766484,39044775.33,1433.500253,22536.35,22577.4,22329.55,22470.5
2025-03-13,NIFTY,72581,5443575,12258.81,247454953,18559121475,41726745.39,41739004.2,72307.78,577.2408474,27702.37,29245163,38873600.45,3403.81696,22541.5,22558.05,22377.35,22397.2
2025-03-17,NIFTY,76821,5761575,13021.93,59056844,4429263300,9983848.34,9996870.27,75425.05,132.5404527,28294.23,31373491,39025185.04,766.6949784,22353.15,22577,22353.15,22508.75
2025-03-18,NIFTY,108517,8138775,18579.88,67097847,5032338525,11430066.17,11448646.05,89218.8,128.3210047,34119.26,33085876,39727853.12,615.1851449,22662.25,22857.8,22599.2,22834.3
2025-03-19,NIFTY,78873,5915475,13600.29,94126009,7059450675,16146506.41,16160106.7,103795.94,155.6911253,43257.41,37473882,40248267.84,1187.217803,22874.95,22940.7,22807.95,22907.6
2025-03-20,NIFTY,132507,9938025,23029.47,245888793,18441659475,42547329.97,42570359.44,104175.74,408.6398565,36490.35,38640625,40616014.13,1847.516681,23036.6,23216.7,22973.95,23190.65
2025-03-21,NIFTY,120829,9062175,21190.23,64667800,4850085000,11318698.18,11339888.41,159843.62,70.9436411,55705.07,45315736,41078594.67,534.1470187,23168.25,23402.7,23132.8,23350.4
2025-03-24,NIFTY,151429,11357175,26897.37,69290674,5196800550,12247863.25,12274760.62,108223.07,113.4209242,41900.47,40080244,41564842.12,455.3554214,23515.4,23708.75,23433.5,23658.35
2025-03-25,NIFTY,184265,13819875,32912.18,71756940,5381770500,12778196.96,12811109.14,108835.64,117.710606,39425.94,40441385,41235300.9,388.2513088,23751.5,23869.6,23601.4,23668.65
2025-03-26,NIFTY,210057,15754275,37322.24,104841684,7863126300,18634428.94,18671751.18,93603.74,199.4765506,38312.09,35984254,40907500.09,499.2848484,23700.95,23736.5,23451.7,23486.85
2025-03-27,NIFTY,161617,12121275,28709.08,182392905,13679467875,32234656.68,32263365.76,149836.57,215.3237074,61653.62,45132786,41220696.76,1122.803541,23433.95,23646.45,23412.2,23591.95
2025-03-28,NIFTY,111317,8348775,19779.96,60429864,4532239800,10707353.62,10727133.58,104168.33,102.978838,43922.65,37302312,41086929.01,541.3233202,23600.4,23649.2,23450.2,23519.35
2025-04-01,NIFTY,141008,10575600,24800,70695513,5302163475,12411316.27,12436116.27,85431,145.5691291,50641.28,32428624,40728184.35,500.4563012,23341.1,23565.15,23136.4,23165.7
2025-04-02,NIFTY,70783,5308725,12426.57,102834973,7712622975,17964046.73,17976473.3,79816.05,225.2237902,35502.17,29343001,41079103,1445.615864,23192.6,23350,23158.45,23332.35
2025-04-03,NIFTY,73170,5487750,12816.2,206713455,15503509125,36056649.55,36069465.75,90488.87,398.6066546,35796.05,33239388,41111961.77,2813.365081,23150.3,23306.5,23145.8,23250.1
2025-04-04,NIFTY,119908,8993100,20744.72,66717668,5003825100,11581886.9,11602631.62,103513.15,112.0884798,37733.3,39174451,40110381.47,558.3052892,23190.4,23214.7,22857.45,22904.45
2025-04-07,NIFTY,297183,22288725,49287.41,73103403,5482755225,12469625.51,12518912.92,124335.3,100.686715,46361.42,52721588,38682706.59,252.9981898,21758.4,22254,21743.65,22161.6
2025-04-08,NIFTY,175605,13170375,29753.55,88024818,6601861350,14995067.68,15024821.23,94247.4,159.4189466,33052.65,35089561,39434053.04,503.9757501,22446.75,22697.2,22270.85,22535.85
2025-04-09,NIFTY,99861,7489575,16842.67,210670916,15800318700,35514426.51,35531269.18,80976.59,438.7844583,28264.34,31960808,39168800.14,2108.59837,22460.3,22468.7,22353.25,22399.15
2025-04-11,NIFTY,136442,10233150,23453.05,47879960,3590997000,8264582.61,8288035.66,94849.81,87.3806248,32761.56,35265310,39941092.41,352.3883934,22695.4,22923.9,22695.4,22828.55
2025-04-15,NIFTY,104189,7814175,18261.72,45031760,3377382000,7843569.45,7861831.17,101771.39,77.24991444,34118.63,36664109,40960962.99,429.5088004,23368.35,23368.35,23207,23328.55
2025-04-16,NIFTY,87889,6591675,15419.01,101589045,7619178375,17804884.3,17820303.31,92099.85,193.4889504,34206.17,34334416,41243459.74,1154.735894,23344.1,23452.2,23273.05,23437.2
2025-04-17,NIFTY,179336,13450200,31836.53,293949838,22046237850,52046950.92,52078787.45,102749.6,506.851486,36200.72,35780070,41704280.82,1634.818585,23401.85,23872.35,23298.55,23851.65
2025-04-21,NIFTY,127567,9567525,23093.8,56907800,4268085000,10205823.55,10228917.35,105396.09,97.05215203,45679.54,37284550,42321655.12,441.9291563,23949.15,24189.55,23903.65,24125.55
2025-04-22,NIFTY,151509,11363175,27539.68,47214464,3541084800,8509669.19,8537208.87,109084.29,78.26249655,41710.1,35851928,42476972.88,308.9966619,24185.4,24242.6,24072,24167.25
2025-04-23,NIFTY,190044,14253300,34678.84,103490986,7761823950,18793566.24,18828245.08,116245.45,161.969738,39084.97,36725407,42793271.19,541.9318016,24357.6,24359.3,24119.95,24328.95
2025-04-24,NIFTY,135274,10145550,24700.69,151149585,11336218875,27470233.72,27494934.41,108518.96,253.365259,37356.9,34965353,42709218.15,1112.124144,24277.9,24347.85,24216.15,24246.7
2025-04-25,NIFTY,180257,13519275,32707.4,73868595,5540144625,13358405.86,13391113.26,113850.06,117.6206078,53726.66,41760702,41920752.17,408.421515,24289,24365.45,23847.85,24039.35
2025-04-28,NIFTY,112951,8471325,20660.12,68497795,5137334625,12419163.23,12439823.35,90099.31,138.0679092,29841.48,32746676,42358234.09,601.1176716,24070.25,24355.1,24054.05,24328.5
2025-04-29,NIFTY,86279,6470925,15839.41,73419370,5506452750,13372285.23,13388124.64,102696.54,130.3658783,31128.3,32358973,42367215.32,844.241372,24370.7,24457.65,24290.75,24335.95
2025-04-30,NIFTY,73841,5538075,13530.6,226825350,17011901250,41332339.12,41345869.72,110087.58,375.5725189,30666.42,35895123,42138112.92,3054.730693,24342.05,24396.15,24198.75,24334.2
2025-05-02,NIFTY,172438,12932850,31702.48,70950323,5321274225,12974130.51,13005832.99,100895.16,128.904429,29739.97,35535581,42069142.5,409.2465482,24311.9,24589.15,24238.5,24312.7
2025-05-05,NIFTY,82774,6208050,15247.79,60047564,4503567300,10997565.64,11012813.43,89885.27,122.5207804,29372.13,31302821,42527035.44,721.2563683,24419.5,24526.4,24400.65,24461.15
2025-05-06,NIFTY,71092,5331900,13054.79,53795796,4034684700,9817264.86,9830319.65,90454.16,108.6773638,33032.63,32311289,41922884.2,752.004809,24500.75,24509.65,24331.8,24379.6
2025-05-07,NIFTY,107331,8049825,19692.94,110189332,8264199900,20083504.04,20103196.98,101223.47,198.6021323,33196.94,34982257,42137383.09,1019.832693,24233.3,24449.6,24220,24414.4
2025-05-08,NIFTY,123574,9268050,22591.29,250081888,18756141600,45594328.93,45616920.22,105605.86,431.954441,34036.45,35376179,41669211.8,2018.226003,24431.5,24447.25,24150.2,24273.8
2025-05-09,NIFTY,166520,12489000,30103.55,47123805,3534285375,8522149.89,8552253.44,94550.76,90.45145105,38760.13,35231406,41423496.14,283.0945151,23935.75,24164.25,23935.75,24008
2025-05-12,NIFTY,183387,13754025,34134.82,68553750,5141531250,12673351.59,12707486.41,106751,119.0385702,42041.12,35316605,43036445.51,371.2734267,24420.1,24944.8,24378.85,24924.7
2025-05-13,NIFTY,183819,13786425,34180.72,75797857,5684839275,14088629.23,14122809.95,114942.87,122.8680818,37468.79,36175835,42890197.76,412.1805869,24864.05,24973.8,24547.5,24578.35
2025-05-14,NIFTY,99950,7496250,18543.29,121303288,9097746600,22456070.51,22474613.8,115868.99,193.9657349,37632.44,36706649,43270059,1211.007891,24613.8,24767.55,24535.55,24666.9
2025-05-15,NIFTY,213764,16032300,39950.07,323623530,24271764750,60277452.47,60317402.54,127890.61,471.6327691,42584.52,37207826,43800604.04,1508.819696,24694.45,25116.25,24494.45,25062.1
2025-05-16,NIFTY,75149,5636175,14142.23,42874471,3215585325,8046128.11,8060270.34,149817.59,53.80056067,46059.56,38324594,44063788.43,568.9433781,25064.65,25070,24953.05,25019.8
2025-05-19,NIFTY,62099,4657425,11668.76,43980113,3298508475,8259877.24,8271546,116116.49,71.23489523,53672.26,37944224,44137313.14,707.862467,25005.35,25062.95,24916.65,24945.45
2025-05-20,NIFTY,141929,10644675,26507.88,62896242,4717218150,11776890.26,11803398.14,116850.89,101.0124796,43037.36,36335457,43578694.52,444.2788431,24996.2,25010.35,24669.7,24683.9
2025-05-21,NIFTY,144297,10822275,26935.97,119396951,8954771325,22302710.45,22329646.42,98948.36,225.669697,37462.01,32456194,43894373.15,827.9898756,24744.25,24946.2,24685.35,24813.45
2025-05-22,NIFTY,149441,11208075,27629.38,289715758,21728681850,53558440.2,53586069.58,106355.19,503.8406643,34776.6,32585230,43661984.55,1938.459719,24733.95,24737.5,24462.4,24609.7
2025-05-23,NIFTY,142364,10677300,26583.15,49197718,3689828850,9187250.3,9213833.45,95245.46,96.73777049,38222.41,31184391,43970501.17,345.6042756,24639.5,24909.05,24614.05,24853.15
2025-05-26,NIFTY,131080,9831000,24649.24,46437426,3482806950,8704947.9,8729597.14,93170.47,93.69489217,38481.96,32060907,44233178.23,353.1527909,24919.35,25079.2,24900.5,25001.15
2025-05-27,NIFTY,261691,19626825,48918.2,63001377,4725103275,11823612.66,11872530.86,119285.46,99.530411,37393.55,32541062,44111961.57,241.7017114,24956.65,25062.9,24704.1,24826.2
2025-05-28,NIFTY,148523,11139225,27677.15,75517098,5663782350,14103250.34,14130927.49,112538.56,125.5652062,48646.99,31772963,44132780.65,509.562955,24832.5,24864.25,24737.05,24752.45
2025-05-29,NIFTY,232790,17459250,43410.19,212288290,15921621750,39543208.76,39586618.95,107376.52,368.6710926,38479.04,33671165,44299760.81,910.9199651,24825.1,24892.6,24677.3,24833.6
2025-05-30,NIFTY,78616,5896200,14689.43,36609409,2745705675,6852368.81,6867058.24,168794.74,40.68289237,66046.94,38839073,44201539.44,466.4829616,24812.6,24863.95,24717.4,24750.7
2025-06-02,NIFTY,103492,7761900,19218.19,50873125,3815484375,9491802.09,9511020.28,107705.36,88.30591421,52708.86,36653661,44328433.39,493.8967764,24669.7,24754.4,24526.15,24716.6
2025-06-03,NIFTY,123079,9230925,22855.3,62637612,4697820900,11666480.04,11689335.34,116211.91,100.58638,57937.28,36193669,44111769.56,510.4496568,24786.3,24845.1,24502.15,24542.5
2025-06-04,NIFTY,61267,4595025,11364.69,72339022,5425426650,13421440.57,13432805.26,110840.02,121.1909314,43913.6,33412226,44315432.84,1180.97727,24560.45,24644.25,24530.45,24620.2
2025-06-05,NIFTY,126308,9473100,23587.32,277571584,20817868800,51605068.55,51628655.87,117115.84,440.8340996,39603.29,34199340,44545427.26,2187.830943,24691.2,24899.85,24613.1,24750.9
2025-06-06,NIFTY,123697,9277275,23194.35,56137784,4210333800,10532361.34,10555555.69,132540.83,79.64003009,44492.1,36279544,44906078.4,454.0916792,24748.7,25029.5,24671.45,25003.05
2025-06-09,NIFTY,53999,4049925,10208.39,35021982,2626648650,6603395.94,6613604.33,117745.56,56.16860908,52108.51,36138088,45296365.89,646.859685,25160.1,25160.1,25077.15,25103.2
2025-06-10,NIFTY,53036,3977700,10028.67,44139845,3310488375,8314763.13,8324791.8,115862.94,71.85034145,49807.68,34684430,45332098.57,829.0992853,25196.05,25199.3,25055.45,25104.25
2025-06-11,NIFTY,70087,5256525,13274.37,92682027,6951152025,17493283.01,17506557.38,124232.01,140.9182495,67735.73,38583307,45345700.08,1317.823973,25134.15,25222.4,25081.3,25141.4
2025-06-12,NIFTY,137723,10329225,25897.84,296279673,22220975475,55632413.66,55658311.5,117580.76,473.3624064,57080.44,36875664,44750079.39,2148.14879,25164.45,25196.2,24825.9,24888.2
2025-06-13,NIFTY,102772,7707900,19047.62,45735627,3430172025,8514509.21,8533556.83,104981.8,81.28605939,47810.3,35010631,44492529.03,447.0117112,24473,24754.35,24473,24718.6
2025-06-16,NIFTY,108451,8133825,20288.4,55633973,4172547975,10406543.59,10426831.99,91120.68,114.4288211,42680.7,31582137,44823585.12,512.9307185,24732.35,24967.1,24703.6,24946.5
2025-06-17,NIFTY,72169,5412675,13488.27,49941592,3745619400,9342901.93,9356390.2,103108.95,90.74275511,45949.63,30440002,44567079.11,692.6686617,24977.85,24982.05,24813.7,24853.4
2025-06-18,NIFTY,86501,6487575,16145.02,96967394,7272554550,18073375.57,18089520.59,89892.68,201.2346343,35550.97,28588803,44404837.85,1119.439652,24788.35,24947.55,24750.45,24812.05
2025-06-19,NIFTY,67459,5059425,12572.25,260463130,19534734750,48505703.33,48518275.58,90377.46,536.8404421,40375.84,32244850,44064143.21,3858.156124,24803.25,24863.1,24733.4,24793.25
2025-06-20,NIFTY,147706,11077950,27752.91,53189440,3989208000,9947428.43,9975181.34,159097.27,62.69863298,49194.13,37023932,44545233.22,358.4283028,24787.65,25136.2,24783.65,25112.4
2025-06-23,NIFTY,170935,12820125,32047.16,60827360,4562052000,11399667.3,11431714.46,90775.26,125.9342519,33803.46,30175766,44559207.37,355.7153676,24939.75,25057,24824.85,24971.9
2025-06-24,NIFTY,251849,18888675,47695.55,93030532,6977289900,17553290.63,17600986.18,111594.12,157.7232401,45216.77,34644904,44782018.34,368.0278481,25179.9,25317.7,24999.7,25044.35
2025-06-25,NIFTY,149085,11181375,28274.41,93851881,7038891075,17685661.18,17713935.59,101657.64,174.2509032,48678,33685311,45166670.43,625.5006269,25150.35,25266.8,25125.05,25244.75
2025-06-26,NIFTY,210828,15812100,40309.72,268030143,20102260725,50944200.94,50984510.66,118579.67,429.9599641,44604.74,34221161,45516258.62,1263.819271,25268.95,25565.3,25259.9,25549
2025-06-27,NIFTY,68448,5133600,13209.44,44791803,3359385225,8599257.79,8612467.23,153035,56.27776149,50496.51,39986711,45758788.88,650.9933646,25576.65,25654.2,25523.55,25637.8
2025-06-30,NIFTY,102040,7653000,19638.39,58123321,4359249075,11179098.77,11198737.16,108191.76,103.5082261,44041.13,36152212,45916941.86,569.2472127,25661.65,25669.35,25473.3,25517.05
2025-07-01,NIFTY,48426,3631950,9317.86,46830122,3512259150,8981829.24,8991147.1,100839.71,89.16276237,43804.4,33698987,45923048.32,963.9369168,25551.35,25593.4,25501.8,25541.8
2025-07-02,NIFTY,81578,6118350,15649.46,101150262,7586269650,19389863.57,19405513.03,105117.16,184.608422,44744.67,33703556,45884952.67,1239.01167,25588.3,25608.1,25378.75,25453.4
2025-07-03,NIFTY,97240,7293000,18659.64,312047121,23403534075,59730413.9,59749073.54,96738.82,617.6328545,39555.03,30985426,45833963.06,3201.048568,25505.1,25587.5,25384.35,25405.3
2025-07-04,NIFTY,66766,5007450,12769.26,49249654,3693724050,9420658.34,9433427.6,88820.82,106.2073915,36358.68,29784380,45916098.06,737.7607113,25428.85,25470.25,25331.65,25461
2025-07-07,NIFTY,50050,3753750,9591.68,44036563,3302742225,8434165.85,8443757.53,76916.2,109.7786621,46045.79,28763798,45904086.35,879.3210209,25450.45,25489.8,25407.25,25461.3
2025-07-08,NIFTY,50616,3796200,9715.81,43511970,3263397750,8334675.08,8344390.89,91044.19,91.65209653,47539.33,31431788,45915977.08,857.846652,25427.85,25548.05,25424.15,25522.5
2025-07-09,NIFTY,54535,4090125,10473.86,86202376,6465178200,16544656.89,16555130.75,95305.69,173.7055862,42347.42,31562537,45921273.76,1579.614095,25514.6,25548.7,25424.35,25476.1
2025-07-10,NIFTY,72984,5473800,13944.85,245310836,18398312700,46847998.38,46861943.23,86650.23,540.8172977,40396.74,29276609,45805409.76,3359.519707,25511.65,25524.05,25340.45,25355.25
2025-07-11,NIFTY,83286,6246450,15794.12,48500331,3637524825,9227403.97,9243198.09,97900.73,94.41398537,39220.41,31858874,45449899.89,584.2303319,25255.5,25322.45,25129,25149.85
2025-07-14,NIFTY,79413,5955975,14985.85,54848469,4113635175,10377171.42,10392157.27,99597.77,104.3412646,55572,32605514,45530588.68,692.464653,25149.5,25151.1,25001.95,25082.3
2025-07-15,NIFTY,60314,4523550,11425.05,61736880,4630266000,11701550.62,11712975.67,96302.03,121.6275054,42032.85,32388020,45808064.23,1024.201261,25089.5,25245.2,25088.45,25195.8
2025-07-16,NIFTY,50866,3814950,9627.73,93877824,7040836800,17790614.94,17800242.67,94737.64,187.889868,43504.97,31313085,45898477.4,1847.85146,25196.6,25255.3,25121.05,25212.05
2025-07-17,NIFTY,58477,4385775,11062.46,217236888,16292766600,41086770.7,41097833.16,95271.51,431.3758978,37760.41,30969770,45850627.2,3714.071798,25230.75,25238.35,25101,25111.45
2025-07-18,NIFTY,81219,6091425,15266.38,47482590,3561194250,8951552.69,8966819.07,93115.96,96.29733796,34373.63,31066835,45602184.56,586.3572563,25108.55,25144.6,24918.65,24968.4
2025-07-21,NIFTY,66610,4995750,12527.82,60458580,4534393500,11390984.78,11403512.6,91473.41,124.6647807,33449.54,32151726,45749955.04,909.2551442,24999,25111.4,24882.3,25090.7
2025-07-22,NIFTY,47561,3567075,8967.09,54066942,4055020650,10205807.49,10214774.58,100573.81,101.5649559,34045.03,31095531,45611341.21,1138.14041,25166.65,25182,25035.55,25060.9
2025-07-23,NIFTY,61505,4612875,11632.66,92190336,6914275200,17421522.19,17433154.85,93826.24,185.8025521,34959.87,30354172,45775326.25,1497.638734,25139.35,25233.5,25085.5,25219.9
2025-07-24,NIFTY,85530,6414750,16143.47,260449019,19533676425,49127256.04,49143399.51,100060.28,491.1379372,36226.1,31888938,45551928.99,3043.165815,25243.3,25246.25,25018.7,25062.1
2025-07-25,NIFTY,99622,7471650,18630.42,55796231,4184717325,10478415.79,10497046.21,96122.81,109.2045292,36025.67,33212852,44901481.69,562.4358329,25010.35,25010.35,24806.35,24837
2025-07-28,NIFTY,110743,8305725,20609.6,68035478,5102660850,12715889.52,12736499.12,92169.65,138.185391,34748.43,34886306,44514864.66,616.9886616,24782.45,24889.2,24646.6,24680.9
2025-07-29,NIFTY,151816,11386200,28234.55,62489157,4686686775,11643733.45,11671968,94794.5,123.1291689,32113.3,32053975,44866526.2,412.3930946,24609.65,24847.15,24598.6,24821.1
2025-07-30,NIFTY,134553,10091475,25139.18,97917131,7343784825,18304591.32,18329730.5,89523.19,204.7484065,31198.57,30534109,44951192.01,728.1300074,24890.4,24902.3,24771.95,24855.05
2025-07-31,NIFTY,215769,16182675,40208.79,293287173,21996537975,54624703.45,54664912.24,107992.32,506.1925907,36607.17,35136744,44697467.78,1358.526418,24642.25,24956.5,24635,24768.35
2025-08-01,NIFTY,90654,6799050,16823.98,62402446,4680183450,11624363.72,11641187.7,94819.41,122.7722014,35554.77,33267639,44180029.57,690.9401771,24734.9,24784.15,24535.05,24565.35
2025-08-04,NIFTY,62517,4688775,11606.68,57496996,4312274700,10680985.29,10692591.97,83320,128.3316367,31694.02,31102663,44598518.24,920.24466,24596.05,24736.25,24554,24722.75
2025-08-05,NIFTY,58367,4377525,10817.01,54251108,4068833100,10067822.98,10078639.99,88655.41,113.6833047,29045.21,30174641,44525744.79,930.7399161,24720.25,24733.1,24590.3,24649.55
2025-08-06,NIFTY,57110,4283250,10570.12,102295573,7672167975,18938282.78,18948852.9,89122.97,212.6146929,27925.29,31895095,44227807.71,1791.680963,24641.35,24671.4,24539.2,24574.2
2025-08-07,NIFTY,107785,8083875,19864.2,327673098,24575482350,60260854.69,60280718.89,98041.49,614.8490694,32075.98,32660166,44231837.69,3033.641158,24464.2,24634.2,24344.15,24596.15
2025-08-08,NIFTY,86441,6483075,15904.04,60284431,4521332325,11125891.77,11141795.81,100444.68,110.9246982,28389.16,30596780,43767323.31,699.5638699,24544.25,24585.5,24337.5,24363.3
2025-08-11,NIFTY,69870,5240250,12871.43,62901753,4717631475,11579304.53,11592175.96,81193.79,142.7717066,26128.35,31323937,44092095.02,899.6129047,24371.5,24600.85,24347.45,24585.05
2025-08-12,NIFTY,90678,6800850,16774.56,85486473,6411485475,15804530.79,15821305.35,79108.56,199.9948596,26785.25,29755013,44015318.39,942.1725989,24563.35,24702.6,24465.65,24487.4
2025-08-13,NIFTY,64653,4848975,11976.64,117978429,8848382175,21816407.24,21828383.88,87454.46,249.597149,33168.58,30574858,44230856.95,1821.579946,24586.2,24664.55,24535.25,24619.35
2025-08-14,NIFTY,53933,4044975,9995.64,245959124,18446934300,45479159.22,45489154.86,83349.66,545.7629324,31864.46,29004891,44165088.09,4549.899678,24607.25,24673.65,24596.9,24631.3
2025-08-18,NIFTY,104711,7853325,19652.63,59402988,4455224100,11144240.05,11163892.68,106993.56,104.3417256,36808.22,34634272,44766544.25,567.0610015,24938.2,25022,24852.85,24876.95
2025-08-19,NIFTY,54747,4106025,10276.18,57380322,4303524150,10761495.43,10771771.61,87634.99,122.916333,36830.28,31268534,45111668.01,1047.227222,24891.35,25012.65,24873.95,24980.65
2025-08-20,NIFTY,65697,4927275,12352.55,95685963,7176447225,17970340.28,17982692.83,96170.86,186.9869192,44516.65,31573449,45290787.13,1454.7879,24965.8,25088.7,24929.7,25050.55
2025-08-21,NIFTY,71689,5376675,13534.8,253290901,18996817575,47699039.52,47712574.32,97000.94,491.8774428,36834.25,31838998,45288386.19,3524.17764,25142,25153.65,25054.9,25083.75
2025-08-22,NIFTY,95549,7166175,17912.53,51831490,3887361750,9750648.76,9768561.29,82241.48,118.7790065,43515.5,28267736,45023123.99,544.3479374,25064.15,25084.85,24859.15,24870.1
2025-08-25,NIFTY,160158,12011850,30077.26,59419464,4456459800,11165450.25,11195527.51,81587.54,137.2210451,38907.01,29222882,45150646.28,371.2256452,24949.15,25021.55,24894.35,24967.75
2025-08-26,NIFTY,220520,16539000,41112.56,76088994,5706674550,14227451.31,14268563.87,146510.86,97.38912098,57844.81,35369835,44599264.65,346.0609437,24899.5,24919.65,24689.6,24712.05
2025-08-28,NIFTY,221969,16647675,41043.8,269307588,20198069100,49776976.86,49818020.66,102774.47,484.7314772,39980.69,33832060,44170137.91,1212.777006,24695.8,24702.65,24481.6,24500.9
2025-08-29,NIFTY,75374,5653050,13935.35,95339044,7150428300,17608909.62,17622844.97,90936.81,193.7922055,39412.56,31233434,44027517.35,1263.61445,24466.7,24572.45,24404.7,24426.85
2025-09-01,NIFTY,56463,4234725,10463.52,111350965,8351322375,20547251.67,20557715.19,84799.42,242.4275448,39362.58,30411569,44545530.3,1963.703579,24432.7,24635.6,24432.7,24625.05
2025-09-02,NIFTY,82807,6210525,15396.44,358968453,26922633975,66392214.34,66407610.78,93244.72,712.1862855,44721.94,32683267,44658374.62,4312.179591,24653,24756.1,24522.35,24579.6
2025-09-03,NIFTY,60548,4541100,11239.56,60547152,4541036400,11212724.3,11223963.86,95965.54,116.9582734,47017.23,32699708,44947410.66,997.6123887,24616.5,24737.05,24533.2,24715.05
2025-09-04,NIFTY,89408,6705600,16719.42,73653136,5523985200,13741153.96,13757873.38,105477.29,130.4344602,46031.41,33627809,44797913.17,821.8678614,24980.75,24980.75,24708.2,24734.3
2025-09-05,NIFTY,79527,5964525,14810.05,124791519,9359363925,23201837.62,23216647.67,81938.01,283.3440508,48412.14,29537294,44817970.33,1566.627906,24818.85,24832.35,24621.6,24741
2025-09-08,NIFTY,65644,4923300,12275.23,136963753,10272281475,25524824.24,25537099.47,80859.07,315.8223248,38321.76,30093593,44949620.34,2079.376455,24864.1,24891.8,24814,24868.6
2025-09-09,NIFTY,40300,3022500,7543.43,270143060,20260729500,50363521.78,50371065.21,79908.68,630.3578686,35396.66,28540150,45064781.53,6676.474996,24864.1,24891.8,24814,24868.6
2025-09-10,NIFTY,72836,5462700,13703.21,51342484,3850686300,9650256.24,9663959.45,102041.4,94.70626089,39896.37,32450008,45324750.79,704.2332592,24991,25035.7,24915.05,24973.1
2025-09-11,NIFTY,31710,2378250,5970.77,41399812,3104985900,7773008.79,7778979.56,96204.83,80.85851365,36576.74,30695559,45397361.27,1301.843613,24945.5,25037.3,24940.15,25005.5
2025-09-12,NIFTY,47267,3545025,8935.39,66812987,5010974025,12572421.6,12581356.99,92241.52,136.3958117,40786.42,29538384,45558417.21,1407.036693,25074.45,25139.45,25038.05,25114
2025-09-15,NIFTY,37881,2841075,7155.19,91144713,6835853475,17164567.86,17171723.05,85104.65,201.7718544,48570.43,30013484,45691006.27,2398.897564,25118.9,25138.45,25048.75,25069.2
2025-09-16,NIFTY,69400,5205000,13166.61,243914823,18293611725,46031143.35,46044309.96,91048.46,505.7121225,42442.88,29676179,45977258.19,3496.05125,25073.6,25261.4,25070.45,25239.1
2025-09-17,NIFTY,53560,4017000,10217.19,41435738,3107680350,7881666.11,7891883.3,101041.26,78.10555114,46604.07,32583231,46169724.99,771.4123071,25276.6,25346.5,25275.35,25330.25
2025-09-18,NIFTY,66221,4966575,12671.81,52237879,3917840925,9950421.42,9963093.23,97994.78,101.6696321,42768.19,29868740,46256608.25,785.2407367,25441.05,25448.95,25329.75,25423.6
2025-09-19,NIFTY,76608,5745600,14608.91,90817341,6811300575,17289804.41,17304413.32,138903.11,124.57902,67461.31,33133641,46307297.44,1183.510913,25410.2,25428.75,25286.3,25327.05
2025-09-22,NIFTY,63532,4764900,12081.22,128032424,9602431800,24314671.13,24326752.35,103101.44,235.9496856,42622.77,33439580,46177833.47,2012.600642,25238.1,25331.7,25151.05,25202.35
2025-09-23,NIFTY,78725,5904375,14921.29,321413030,24105977250,60824329.45,60839250.74,105317.21,577.6762482,45169.15,32074910,46024346.13,4076.345239,25209,25261.9,25084.65,25169.5
2025-09-24,NIFTY,89385,6703875,16878.26,54032677,4052450775,10219079.61,10235957.87,94297.85,108.5492179,36952.33,31103662,45722076.68,605.4581225,25108.75,25149.85,25027.45,25056.9
2025-09-25,NIFTY,126581,9493575,23809.11,56368517,4227638775,10641645.38,10665454.49,100235.74,106.4037088,36959.43,30602080,45400398.61,446.9568741,25034.5,25092.7,24878.3,24890.85
2025-09-26,NIFTY,176598,13244850,32897.85,104400390,7830029250,19505985.97,19538883.82,97349.73,200.708146,46425.91,35425733,44722855.21,592.925859,24818.55,24868.6,24629.45,24654.7
2025-09-29,NIFTY,192083,14406225,35735.21,155113934,11633545050,28830541.45,28866276.66,133255.38,216.623724,41868.83,38194638,44810313.87,806.7824829,24728.55,24791.3,24606.2,24634.9
2025-09-30,NIFTY,153402,11505150,28458.24,270996883,20324766225,50203497.61,50231955.85,102544.59,489.8547632,36231.17,32945420,44877977.22,1764.111119,24691.95,24731.8,24587.7,24611.1
2025-10-01,NIFTY,84209,6315675,15724.22,60459961,4534497075,11246183.74,11261907.96,99744.74,112.9072867,37912.58,30907090,45269241.55,715.2140927,24620.55,24867.95,24605.95,24836.3
2025-10-03,NIFTY,65472,4910400,12258.43,99443820,7458286500,18544524.05,18556782.48,112827.66,164.4701528,42515.53,33556746,45517743.48,1512.797646,24759.55,24904.8,24747.55,24894.25
2025-10-06,NIFTY,79839,5987925,15041.43,146138121,10960359075,27381283.54,27396324.97,96871.84,282.809999,44261.86,31650575,45727298.81,1820.390983,24916.55,25095.95,24881.65,25077.65
2025-10-07,NIFTY,70767,5307525,13410.19,345456540,25909240500,65187764.06,65201174.25,98573.03,661.4504419,45652.39,31022296,45771821.74,4861.061928,25085.3,25220.9,25076.3,25108.3
2025-10-08,NIFTY,79668,5975100,15047.07,77169884,5787741300,14583683.42,14598730.49,89602.56,162.9276049,42341.2,30954531,45549101.07,969.2041986,25079.75,25192.5,25008.5,25046.15
2025-10-09,NIFTY,72054,5404050,13639.38,67488369,5061627675,12744206.48,12757845.86,92463.58,137.9769836,40618.89,30794640,45788819.4,934.3684596,25074.3,25199.25,25024.3,25181.8
2025-10-10,NIFTY,66144,4960800,12607.65,98249530,7368714750,18619260.38,18631868.03,94005.11,198.2005875,46299.67,30936774,45961925.4,1476.822436,25167.65,25330.75,25156.85,25285.35
2025-10-13,NIFTY,79104,5932800,15012.94,135384471,10153835325,25620392.84,25635405.78,91723.49,279.4857215,43784.85,30723294,45999168.5,1706.554002,25177.3,25267.3,25152.3,25227.35
2025-10-14,NIFTY,100898,7567350,19107.83,359726621,26979496575,67986736.06,68005843.89,109664.78,620.1247464,44189.2,34685477,45726319.67,3558.05636,25277.55,25310.35,25060.55,25145.5
2025-10-15,NIFTY,92186,6913950,17567.81,61164803,4587360225,11625264.07,11642831.88,100716.49,115.600056,41237.62,32019841,46126154.84,661.7366689,25181.95,25365.15,25159.35,25323.55
2025-10-16,NIFTY,98488,7386600,18923.78,66508417,4988131275,12712112.71,12731036.49,111717.03,113.9578853,41962.26,34663233,46444860.34,671.7533553,25394.9,25625.4,25376.85,25585.3
2025-10-17,NIFTY,120548,9041100,23291.57,156685076,11751380700,30210872.43,30234164,111763.18,270.5198975,40532.9,34095231,46440958.83,1297.073251,25546.85,25781.5,25508.6,25709.85
2025-10-20,NIFTY,90812,6810900,17666.46,325101224,24382591800,63043778.73,63061445.19,100097.49,630.0002646,42775.26,33702743,46711842.98,3568.557523,25824.6,25926.2,25788.5,25843.15
2025-10-21,NIFTY,20264,1519800,3944.83,12035768,902682600,2342426.82,2346371.65,19714.12,119.0198523,11536.39,9044603,46832401.25,593.7966452,25901.2,25934.35,25825.8,25868.6
2025-10-23,NIFTY,155396,11654700,30463.84,67605178,5070388350,13199177.64,13229641.48,116842.34,113.2264338,53072.93,35819618,46774226.43,433.2736004,26057.2,26104.2,25862.45,25891.4
2025-10-24,NIFTY,141796,10634700,27550.77,121342984,9100723800,23593433.35,23620984.12,89132.4,265.0100762,40831.76,28741003,46640467.63,856.3620309,25935.1,25944.15,25718.2,25795.15
2025-10-28,NIFTY,226664,16999800,44224.95,321202411,24090180825,62499000.8,62543225.75,116153.19,538.4546542,50601.05,33701034,46854079.88,1413.206817,25939.95,26041.7,25810.05,25936.2
2025-10-29,NIFTY,87938,6582310,17268.18,51196363,3839543675,10039411.11,10056679.29,112298.42,89.55316816,45953.85,31843445,47167210.02,581.3821208,25982,26097.85,25960.3,26053.9
2025-10-30,NIFTY,89900,6730000,17553.47,55508896,4163025590,10862087.66,10879641.13,102485.84,106.1575056,61767.19,30741284,46978575.79,618.8000242,25984.4,26032.05,25845.25,25877.85
2025-10-31,NIFTY,95104,7119750,18495.13,103250673,7743655255,20120603.53,20139098.66,110386.57,182.4415657,44357.79,32154551,46766909.04,1087.88657,25863.8,25953.75,25711.2,25722.1
2025-11-03,NIFTY,68991,5164285,13370.98,128988729,9673950395,25000616.09,25013987.07,99211.02,252.129119,55562.5,32491942,46990776.11,1869.76692,25696.85,25803.1,25645.5,25763.35
2025-11-04,NIFTY,82485,6170035,15909.12,281018065,21076032365,54245445.59,54261354.71,103983.71,521.8255312,43779.53,31458078,46722936.63,3409.707488,25744.75,25787.4,25578.4,25597.65
2025-11-06,NIFTY,66853,5000335,12853.42,57203880,4290042390,11044932.38,11057785.8,114454.44,96.61299116,41848.14,36237314,46324005.92,859.2991111,25593.35,25679.15,25491.55,25509.7
2025-11-07,NIFTY,102249,7647805,19544.49,115356944,8651426500,22107115.42,22126659.91,118390.89,186.8949537,43674.99,33294438,46372214.72,1131.117538,25433.8,25551.25,25318.45,25492.3
2025-11-10,NIFTY,53437,3995885,10275.38,122953355,9221306195,23621545.86,23631821.24,101317.69,233.2447694,36163.79,33019837,46559562.22,2298.848885,25503.5,25653.45,25503.5,25574.35
2025-11-11,NIFTY,96502,7219020,18562.14,338231120,25367008590,64996555.91,65015118.05,104375.46,622.8965894,51122.26,32888070,46665392.85,3501.565871,25617,25715.8,25449.25,25694.95
2025-11-12,NIFTY,80814,6039760,15698.54,44917769,3368435985,8728986.32,8744684.86,115992.45,75.39012117,49132.24,34087629,47152565.56,556.0380978,25834.3,25934.55,25781.15,25875.8
2025-11-13,NIFTY,79517,5940375,15461.01,54847064,4113216840,10679233.1,10694694.11,110637.5,96.66427848,51517.12,33286805,47101974.74,690.7202764,25906.1,26010.7,25808.4,25879.15
2025-11-14,NIFTY,121937,9116635,23638.31,120522512,9038793590,23436856.06,23460494.37,112397.08,208.728682,56120.19,31193755,47186860.52,991.4776505,25767.9,25940.2,25740.8,25910.05
2025-11-17,NIFTY,64342,4809330,12538.11,113903000,8542382030,22187799.52,22200337.63,99600.19,222.8945309,47477.58,31451804,47434447.85,1769.628718,25948.2,26024.2,25906.35,26013.45
2025-11-18,NIFTY,81758,6113720,15897.84,284066462,21304644060,55340166.5,55356064.34,117064.74,472.8671019,44954.79,31257680,47219942.59,3480.986505,26021.8,26029.85,25876.5,25910.05
2025-11-19,NIFTY,85036,6355250,16557.88,48894767,3666638575,9543478.96,9560036.84,98010.09,97.54135355,44996.5,31382569,47328188.96,576.3708253,25918.1,26074.65,25856.2,26052.65
2025-11-20,NIFTY,145015,10833935,28451.9,49563764,3716658960,9702621.89,9731073.79,96628.32,100.7062297,47720.82,29327204,47388163.88,341.0184167,26132.1,26246.65,26063.2,26192.15
2025-11-21,NIFTY,182278,13615520,35668.24,92222720,6916205980,18083905.58,18119573.82,90836.23,199.4751854,41101.35,28420944,46968660.9,507.0030251,26109.55,26179.2,26052.2,26068.15
2025-11-24,NIFTY,191939,14352595,37552.84,115791438,8683856690,22683561,22721113.84,154230.67,147.3190374,45342.37,33483706,46688955.02,604.043822,26122.8,26142.8,25912.15,25959.5
2025-11-25,NIFTY,161560,12051720,31405.19,266869384,20014506410,52060162.74,52091567.93,87713.53,593.882927,36692.3,28621974,46704219.65,1657.692972,25998.5,26032.6,25857.5,25884.8
2025-11-26,NIFTY,104380,7760270,20419.64,51003777,3824006205,10012058.66,10032478.3,94725.02,105.9115986,34968.77,27722694,47252066.26,490.3151407,25842.95,26215.15,25842.95,26205.3
2025-11-27,NIFTY,71936,5327410,14077.9,59262983,4443514845,11668724.05,11682801.95,84815.42,137.7438436,35933.6,27297487,47195018.75,828.8682296,26261.25,26310.45,26141.9,26215.55
2025-11-28,NIFTY,43860,3258100,8606.86,80154090,6010867660,15781050.3,15789657.16,82568.35,191.2313515,34807.69,26826080,47209253.19,1833.543278,26237.45,26280.75,26172.4,26202.95
2025-12-01,NIFTY,70371,5224945,13789.4,135590516,10168336140,26695913.84,26709703.24,85216.3,313.434205,41278.53,30658622,47200401.62,1935.973562,26325.8,26325.8,26124.2,26175.75
2025-12-02,NIFTY,73378,5447230,14297.32,286305449,21471920465,56081136.54,56095433.86,93813.57,597.9458394,48777.82,28872582,47020220.01,3922.492925,26087.95,26154.6,25997.85,26032.2
2025-12-03,NIFTY,79784,5921110,15464.07,49915797,3742463335,9774978.48,9790442.55,93381.69,104.8432787,47700.97,30266133,46737987.21,632.1090424,26004.9,26066.45,25891,25986
2025-12-04,NIFTY,65605,4873065,12755.8,53374787,4002028765,10442011.51,10454767.31,88337,118.3509437,45819.19,28516989,46761120.48,818.6089081,25981.85,26098.25,25938.95,26033.75
2025-12-05,NIFTY,85209,6327525,16637.21,109136983,8183317695,21397774.34,21414411.55,91780.56,233.3218663,43824.51,27964526,46858491.09,1286.139583,25999.8,26202.6,25985.35,26186.45
2025-12-08,NIFTY,97167,7197315,18837.44,157571077,11815635245,30863704.14,30882541.58,96755.79,319.1802948,42661.54,33701554,46154190.16,1638.423487,26159.8,26178.7,25892.25,25960.55
2025-12-09,NIFTY,100662,7451900,19355.59,367371920,27550069180,71371355.66,71390711.25,106148.28,672.5564583,46336.56,34342857,46257605.56,3687.376911,25867.1,25923.65,25728,25839.65
2025-12-10,NIFTY,73747,5457875,14164.66,65042264,4875543340,12668058.51,12682223.17,95826.74,132.3453471,41719.31,31032482,46173431.59,894.3425758,25864.05,25947.65,25734.55,25758
2025-12-11,NIFTY,81665,6050695,15711.1,67753501,5079150445,13176229.37,13191940.47,79300.78,166.3532246,39357.71,26535992,46421113.6,838.6573423,25771.4,25922.8,25693.25,25898.55
2025-12-12,NIFTY,70759,5238935,13691.11,98997870,7422140040,19323962.13,19337653.24,86390.02,223.8412868,42776.6,27286400,46785599.54,1411.424065,25971.2,26057.6,25938.45,26046.95
2025-12-15,NIFTY,67301,4977345,12983.01,132569844,9939839750,25852825.46,25865808.47,79972.97,323.4318854,43305.48,28464885,46827255.87,1991.281333,25930.05,26047.15,25904.75,26027.3
2025-12-16,NIFTY,72686,5372490,13967.16,264954978,19868113490,51555999.72,51569966.88,83984.54,614.04119,39374.81,28265852,46532655.59,3691.229979,25951.5,25980.75,25834.35,25860.1
2025-12-17,NIFTY,54857,4046945,10495.31,47194778,3534874770,9189245,9199740.31,85179.75,108.0038426,40759.53,28077055,46381903.84,875.5572727,25902.4,25929.15,25770.35,25818.55
2025-12-18,NIFTY,76491,5653805,14654.75,55828329,4181345995,10850567.54,10865222.29,87865.32,123.6576876,43797.69,29913405,46350554.12,740.4130088,25764.7,25902.35,25726.3,25815.55
2025-12-19,NIFTY,71512,5271190,13721.42,83374250,6246259530,16218662.19,16232383.61,124141.41,130.7572035,52776.07,34096579,46887135.84,1181.995901,25911.5,25993.35,25880.45,25966.4
2025-12-22,NIFTY,64375,4662345,12227.67,82859906,6204163700,16176923.54,16189151.21,97458.45,166.1133664,50434.21,31967576,47284319.8,1322.976785,26055.85,26180.7,26047.8,26172.4
2025-12-23,NIFTY,56819,4104165,10779.03,248375438,18616462310,48724828.16,48735607.19,89155.76,546.6344204,46621.63,30592887,47347282.46,4520.335147,26205.2,26233.55,26119.05,26177.15
2025-12-24,NIFTY,68435,4889575,12841.89,41541487,3093638675,8113795.6,8126637.49,86241.02,94.23169496,43037.32,28546154,47263577.63,631.8225433,26170.65,26236.4,26123,26142.1
2025-12-26,NIFTY,141751,10008665,26171.73,62154169,4627155495,12108768.92,12134940.65,81553.79,148.7967714,42502.34,27145816,47158339.76,462.6659728,26121.25,26144.2,26008.6,26042.3
2025-12-29,NIFTY,186288,12971850,33828.6,102336145,7610830485,19846272.37,19880100.97,103927.9,191.2874307,54241.97,32394437,46950306.66,586.6714073,26063.35,26106.8,25920.3,25942.1
2025-12-30,NIFTY,187370,12896200,33564.95,254828366,18998047700,49345698.74,49379263.69,141795.39,348.2430824,56318.72,38942416,46918776.39,1470.155586,25940.9,25976.75,25878,25938.85
2026-01-01,NIFTY,33907,2203955,5799.65,49003536,3185229840,8337828.47,8343628.12,80232.39,103.9932641,60232.28,24411272,47479193.61,1437.643387,26173.3,26197.55,26113.4,26146.55
2026-01-02,NIFTY,69918,4544670,12010.65,89895195,5843187675,15340165.43,15352176.08,102438.51,149.8672333,57032.98,31153061,47902766.52,1277.213592,26155.1,26340,26118.4,26328.55
2026-01-05,NIFTY,87196,5667740,14971.97,171285592,11133563480,29300396.23,29315368.2,104602.45,280.255082,53878.58,33595563,47846939.33,1957.016761,26333.7,26373.2,26210.05,26250.3
2026-01-06,NIFTY,71778,4665570,12282.95,336112065,21847284225,57274476.97,57286759.92,109454.06,523.3863405,48452.63,33227364,47747633.82,4662.925191,26189.7,26273.95,26124.75,26178.7
2026-01-07,NIFTY,61148,3974620,10434.98,67203099,4368201435,11461814.99,11472249.97,106463.18,107.7579119,44627.54,31970919,47781322.41,1098.403158,26143.1,26187.15,26067.9,26140.75
2026-01-08,NIFTY,118330,7691450,20065.95,80218924,5214230060,13630192.7,13650258.65,108954.13,125.2844537,48825.02,35426819,47010495.61,679.269743,26106.5,26133.2,25858.45,25876.85
2026-01-09,NIFTY,103197,6707805,17362.31,144725740,9407173100,24375592.13,24392954.44,106746.84,228.5121924,62231.66,33708579,46556704.04,1403.937156,25840.4,25940.6,25623,25683.3
2026-01-12,NIFTY,136610,8879650,22880.04,231856657,15070682705,38812915.2,38835795.24,103691.69,374.5314137,52689.36,35546715,46636650.47,1696.365706,25669.05,25813.15,25473.4,25790.25
2026-01-13,NIFTY,97217,6319105,16309.87,473418096,30772176240,79311951.74,79328261.61,101636.97,780.5059676,48038.86,29941951,46576776.68,4862.819369,25897.35,25899.8,25603.3,25732.3
2026-01-14,NIFTY,79692,5179980,13352.19,67432340,4383102100,11328142.44,11341494.63,109538.1,103.5392674,48714.96,31138747,46607946.9,848.410818,25648.55,25791.75,25603.95,25665.6
2026-01-16,NIFTY,104640,6801600,17584.19,150947908,9811614020,25352521.02,25370105.21,125067.43,202.8514155,57419.68,35656568,46574929.24,1441.779293,25696.05,25873.5,25662.4,25694.35
2026-01-19,NIFTY,90939,5911035,15150.49,188068671,12224463615,31374199.47,31389349.96,111002.74,282.7799562,57757.5,32647305,46340469.72,2070.837278,25653.1,25653.3,25494.35,25585.5
2026-01-20,NIFTY,126980,8253700,20998.15,402755827,26179128755,66710251.36,66731249.51,125153.83,533.1938264,69708.55,39312494,45380631.51,3176.958511,25580.3,25585,25171.35,25232.5
2026-01-21,NIFTY,217951,14166815,35732.63,102791341,6681437165,16935242.81,16970975.44,134135.9,126.5207557,79069.05,42570096,45203073.73,473.9433624,25141,25300.95,24919.8,25157.5
2026-01-22,NIFTY,248941,16181165,41037.29,92735993,6027839545,15286981.68,15328018.97,129532.89,118.333027,67827.96,37892192,45622137.7,372.5144053,25344.15,25435.75,25168.5,25289.9
2026-01-23,NIFTY,211277,13733005,34699.72,153778416,9995597040,25295605.09,25330304.81,119314.12,212.2993055,56094.84,36037938,44927292.05,728.9858561,25344.6,25347.95,25025.3,25048.65
2026-01-27,NIFTY,279271,18152615,45767.36,403721820,26241918300,65997785.67,66043553.03,146643.67,450.3675681,63426.64,43501554,45109532.7,1442.027368,25063.35,25246.65,24932.55,25175.4
2026-01-28,NIFTY,118459,7699835,19580.74,48179918,3131694670,7981900.49,8001481.23,139330.51,57.42806245,61953.69,37192655,45725131.8,407.64039,25258.85,25372.1,25187.65,25342.75
2026-01-29,NIFTY,149862,9741030,24772.95,46293181,3009056765,7669684.85,7694457.8,154577.42,49.7773724,68627.6,40779473,45771476.54,309.5991737,25345,25458.15,25159.8,25418.9
2026-01-30,NIFTY,115372,7499180,19048.35,77175424,5016402560,12769376.39,12788424.74,172680.25,74.05840992,90353.82,46815437,45814429.73,670.3665352,25247.55,25370.7,25213.65,25320.65
2026-02-02,NIFTY,154607,10049455,25099.64,219247370,14251079050,35618087.43,35643187.07,129022.57,276.2554417,61248.67,42067299,45285555.17,1419.067661,24796.5,25108.1,24679.4,25088.4
2026-02-03,NIFTY,303280,19713200,51058.23,414452553,26939415945,69432357.98,69483416.21,174055.95,399.2016143,76263.95,47102015,46531427.93,1359.866137,26308.05,26341.2,25641.3,25727.55
2026-02-04,NIFTY,83317,5415605,13996.59,55509559,3608121335,9330159.93,9344156.52,135526.9,68.94687711,64293.66,39590271,46734590.11,666.6023603,25675.05,25818.55,25563.95,25776
2026-02-05,NIFTY,73363,4768595,12278.06,51278979,3333133635,8596270.09,8608548.15,114315.54,75.30514355,53156.82,35128969,46491524.29,700.1326016,25755.9,25757.65,25579.5,25642.8
2026-02-06,NIFTY,91068,5919420,15198.66,122500517,7962533605,20451228.75,20466427.41,108655.63,188.3604873,45091.73,32201702,46550471.12,1345.5942,25605.8,25703.95,25491.9,25693.7
2026-02-09,NIFTY,70547,4585555,11885.93,126350683,8212794395,21215256.6,21227142.53,114972.5,184.6279983,52449.48,35961327,47142702.46,1784.90506,25888.7,25922.25,25780.9,25867.3
2026-02-10,NIFTY,66613,4329845,11265.01,349434430,22713237950,58882015.26,58893280.27,118063.85,498.8256801,46103.35,34179733,47289983.91,5226.982955,25922.65,25989.45,25870.45,25935.15
2026-02-11,NIFTY,58454,3799510,9889.75,50988524,3314254060,8621054.24,8630943.99,112625.73,76.63385614,50104.2,33023640,47337913.51,871.7160939,25997.45,26009.4,25899.8,25953.85
2026-02-12,NIFTY,67052,4358380,11292.22,50895154,3308185010,8582031.55,8593323.77,119233.39,72.07145389,43449.12,34543982,47073345.69,759.9950718,25906.7,25906.7,25752.4,25807.2
2026-02-13,NIFTY,105126,6833190,17514.43,103286684,6713634460,17259816.96,17277331.39,123599.44,139.7848679,45725.04,36537677,46364937.4,985.4626705,25571.15,25630.35,25444.3,25471.1
2026-02-16,NIFTY,77439,5033535,12902.66,154375069,10034379485,25702976.5,25715879.16,89436.36,287.5327122,39215.78,29644831,46650857.59,1992.068031,25423.6,25697,25372.7,25682.75
2026-02-17,NIFTY,74684,4854460,12488.77,417332936,27126640840,69732968.82,69745457.59,95690.63,728.8640235,45671.12,29479854,46825430.62,5583.65386,25637.95,25764.4,25570.3,25725.4
2026-02-18,NIFTY,75101,4881565,12590.93,58285017,3788526105,9778362.79,9790953.72,92768.41,105.5418943,45521.93,28396581,47021581.8,776.6195817,25752.65,25828.05,25645.15,25819.35
2026-02-19,NIFTY,139888,9092720,23332.52,71209584,4628622960,11926682.06,11950014.58,93811.52,127.3832316,37440.37,28073528,46339942.99,511.1613345,25873.35,25885.3,25388.75,25454.35
2026-02-20,NIFTY,171606,11154390,28611.53,125859152,8180844880,20982500.71,21011112.24,92643.79,226.7946102,35098.33,27170013,46529271.1,733.3582199,25406.55,25663.55,25379.75,25571.25
2026-02-23,NIFTY,222598,14468870,37258.42,159043379,10337819635,26579119.91,26616378.33,101052.48,263.391639,49124.95,31051512,46707917.32,713.3721696,25678.4,25771.45,25609.35,25713
2026-02-24,NIFTY,209471,13615615,34809.52,371027304,24116774760,61510183.18,61544992.7,113004.6,544.6237826,49224.9,32472168,46385034.91,1767.050599,25641.8,25641.8,25327.6,25424.65
2026-02-25,NIFTY,96144,6249360,16068.29,68135241,4428790665,11361634.03,11377702.32,108503.78,104.8599627,41055.84,31214021,46569430.97,707.0842031,25512.6,25652.6,25428.2,25482.5
2026-02-26,NIFTY,64985,4224025,10834.8,69879810,4542187650,11626590.7,11637425.5,108665.76,107.0937662,45182.34,30748283,46681822.79,1073.078479,25556.3,25572.95,25400.95,25496.55
2026-02-27,NIFTY,112702,7325630,18656.62,136677163,8884015595,22603357.4,22622014.02,144962.74,156.0539903,54541.88,34269344,46175206.69,1211.546218,25459.85,25476.4,25141.3,25178.65
2026-03-02,NIFTY,160099,10406435,26013.24,469859984,30540898960,75922845.29,75948858.53,135372.72,561.0351815,61870.02,42815926,45488206.11,2918.623182,24659.25,24989.35,24603.5,24865.7
2026-03-04,NIFTY,190549,12385685,30422.59,52443732,3408842580,8481310.31,8511732.9,140954.35,60.38645065,58557.38,45563913,44559541.77,278.783309,24388.8,24602.45,24305.4,24480.5
2026-03-05,NIFTY,133276,8662940,21470.6,61056531,3968674515,9858058.73,9879529.33,124022.64,79.65907942,49299.99,37647908,45118729.23,459.1422098,24615.95,24854.2,24529.4,24765.9
2026-03-06,NIFTY,102361,6653465,16417.87,88761579,5769502635,14282578.9,14298996.77,110554.19,129.3392568,40833.39,33503488,44807154.51,869.9410399,24656.4,24700.9,24415.75,24450.45
2026-03-09,NIFTY,198639,12911535,30969.52,123314754,8015459010,19383469.6,19414439.12,116595.57,166.5109499,47095.97,40126768,43927757.31,625.8886027,23868.05,24078.15,23697.8,24028.05
2026-03-10,NIFTY,121651,7907315,19233,436431989,28368079285,68747727.41,68766960.41,114279.83,601.7418858,44557.14,35185542,44545953.24,3574.467187,24280.8,24303.8,24079.95,24261.6
2026-03-11,NIFTY,145906,9483890,22896.28,49137088,3193910720,7746758.96,7769655.24,110325.31,70.42495725,43425.85,36099737,44036647.27,338.3413795,24231.85,24299,23834.3,23866.85
2026-03-12,NIFTY,156498,10172370,24194.57,49102832,3191684080,7671168.62,7695363.19,123891.41,62.1137752,50348.45,40117363,43849735.2,317.0615812,23674.85,23833.15,23556.3,23639.15
2026-03-13,NIFTY,211668,13758420,32155.78,92384875,6005016875,14172702.84,14204858.62,121547.53,116.8666991,52708.04,41354345,42822900.4,440.7513312,23462.5,23492.4,23112,23151.1
2026-03-16,NIFTY,201333,13086645,30513.78,173474868,11275866420,26361331.64,26391845.42,124924.28,211.2627379,54879.88,41358036,42881607.96,863.9156355,23116.1,23502,22955.25,23408.8
2026-03-17,NIFTY,137637,8946405,21075.38,500247201,32516068065,76460550.59,76481625.97,107083.39,714.2249229,45017.62,35943126,43183496.13,3627.955965,23493.2,23656.8,23346.6,23581.15
2026-03-18,NIFTY,124615,8099975,19279.46,52398653,3405912445,8138390.11,8157669.57,107541.69,75.85588036,49697.41,35542598,43751362.52,422.1274927,23632.9,23862.25,23618.45,23777.8
2026-03-19,NIFTY,184277,11978005,27836.16,53555027,3481076755,8192434.2,8220270.36,112093.07,73.33433155,55121.36,36240698,42457690.08,294.3090642,23197.75,23378.7,22930.35,23002.15
2026-03-20,NIFTY,172251,11196315,26047.16,92244602,5995899130,14006326.62,14032373.78,140228.16,100.0681588,58650.75,37214734,42751115.77,537.7295114,23110.15,23345.15,23067.6,23114.5
2026-03-23,NIFTY,189147,12294555,27836.41,116356178,7563151570,17274570.72,17302407.13,130437.72,132.6488007,67223.78,46078096,41341689.92,620.5746617,22824.35,22851.7,22471.25,22512.65
2026-03-24,NIFTY,238137,15478905,35451.42,464134167,30168720855,69121024.92,69156476.34,128067.97,539.9982239,56339.25,39718597,42124961.33,1949.739247,22878.45,23057.3,22624.2,22912.4
2026-03-25,NIFTY,225166,14635790,34220.41,41351044,2687817860,6314961.14,6349181.55,126314.43,50.26489491,54749.96,39729955,42927811.41,184.5378574,23064.4,23465.35,23063.2,23306.45
2026-03-27,NIFTY,323397,21020805,48339.47,82206859,5343445835,12346645.15,12394984.62,157107.82,78.89476552,66583.13,48815341,42035071.48,255.4154017,23173.55,23186.1,22804.55,22819.6
2026-03-30,NIFTY,367478,23886070,53851.51,363607633,23634496145,53366400.58,53420252.09,146863.59,363.7406119,64740.61,45481735,41125214.61,990.9917211,22549.65,22714.1,22283.85,22331.4
2026-04-01,NIFTY,159564,10371660,23773.7,43017809,2796157585,6449113.41,6472887.11,127242.24,50.87058441,54175.39,38449296,42113927.06,271.2709174,22899,22941.3,22618.6,22679.4
2026-04-02,NIFTY,154417,10037105,22634.75,46651292,3032333980,6896787.62,6919422.37,117090.06,59.09487424,54919.87,37187328,42143699.57,304.6990853,22383.4,22782.3,22182.55,22713.1
2026-04-06,NIFTY,135271,8792615,20115.64,128150654,8329792510,19040070.62,19060186.26,116115.39,164.148665,51368.7,36150085,42639458.03,946.5306905,22780.3,22998.35,22542.95,22968.25
2026-04-07,NIFTY,125845,8179925,18841.88,429446106,27913996890,64147443.41,64166285.29,110461.9,580.8906536,42189.67,32575574,42836741.45,3404.513956,22838.7,23153.85,22719.3,23123.65
2026-04-08,NIFTY,141412,9191780,22053.8,47704514,3100793410,7391768,7413821.8,165926.19,44.6814442,68317.09,43017735,44462967.2,335.169812,23855.15,24025.15,23828.5,23997.35
2026-04-09,NIFTY,100874,6556810,15679.38,48522326,3153951190,7541613.44,7557292.82,133363.65,56.66681153,56899.3,37488343,44396642.81,480.9892636,23909.05,23990.75,23682.8,23775.1
2026-04-10,NIFTY,95940,6236100,15007.26,93104740,6051808100,14524881.02,14539888.28,131731.07,110.3755422,59827.14,36072250,45034195.2,967.8569586,23880.55,24074.05,23856.35,24050.6
2026-04-13,NIFTY,95784,6225960,14815.48,375643979,24416858635,58096014.49,58110829.97,129987.55,447.0491979,54076.63,36070752,44756017.56,3921.304911,23589.6,23907.4,23555.6,23842.65
2026-04-15,NIFTY,77679,5049135,12255.26,37423134,2432503710,5878995.97,5891251.23,145330.45,40.53693655,60364.92,40089770,45644197.97,479.7120559,24163.8,24280.9,24145.8,24231.3
2026-04-16,NIFTY,81779,5315635,12903.63,44628270,2900837550,7036541.37,7049445,152709.34,46.1625006,58095.58,39432979,45859671.95,545.3148742,24385.2,24400.95,24102.8,24196.75
2026-04-17,NIFTY,62683,4074395,9909.44,69646775,4527040375,11005428.42,11015337.86,151704.89,72.61030188,61629.48,39832018,46345007.41,1110.60044,24165.9,24371.9,24096.05,24353.55
2026-04-20,NIFTY,85208,5538520,13520.56,118507746,7703003490,18827043.95,18840564.51,129979.03,144.950801,53500.2,37552407,46474175.86,1392.47516,24391.5,24480.65,24241.25,24364.85
2026-04-21,NIFTY,77598,5043870,12395.32,343204404,22308286260,54688631.81,54701027.13,127825.49,427.9352039,47634.18,34128937,46792957.19,4412.038722,24374.55,24601.7,24354.9,24576.6
2026-04-22,NIFTY,74096,4816240,11777.36,34648194,2252132610,5518715.24,5530492.6,137113.19,40.33523398,51529.13,37122141,46858144.44,468.5867835,24470.85,24515.95,24352.9,24378.1
2026-04-23,NIFTY,129776,8435440,20451.33,38065236,2474240340,6030194.25,6050645.58,135481.36,44.66035461,48859.28,36379344,46557627.34,294.855848,24202.35,24310.2,24134.8,24173.05
2026-04-24,NIFTY,156646,10181990,24443.33,75194282,4887628330,11796887.91,11821331.24,130943.28,90.27825819,44965.11,36545589,46060297.15,482.6219631,24100.55,24206,23813.65,23897.95
2026-04-27,NIFTY,198772,12920180,31190.21,122350754,7952799010,19198584.38,19229774.59,131255.64,146.5062727,46173.99,36942015,46682719.63,615.532386,23945.45,24130.7,23936.2,24092.7
2026-04-28,NIFTY,154896,10068240,24282.62,349345686,22707469590,54668396.47,54692679.09,138087.33,396.0731161,52059.82,35565228,46613521.05,2251.338466,24049.9,24181.8,23957.05,23995.7
2026-04-29,NIFTY,94758,6159270,14986.25,45781463,2975795095,7243718.15,7258704.4,139280.09,52.11587959,51420.19,37113971,46784893.04,483.3576212,24096.9,24334.7,24059.95,24177.65
2026-04-30,NIFTY,105878,6882070,16530.64,50254735,3266557775,7869754.89,7886285.53,142553.51,55.32158086,47306.19,39483279,46347219.13,476.0707928,23996.95,24087.45,23796.85,23997.55
2026-05-04,NIFTY,81732,5312580,12887.58,173818696,11298215240,27341753.73,27354641.31,136831.09,199.9153943,55859.45,40989517,46711799.64,2121.55841,24063.55,24290.2,24004.75,24119.3
2026-05-05,NIFTY,71831,4669015,11235.75,442915266,28789492290,69278877.94,69290113.69,128629.18,538.6811429,49392.77,37251678,46693739.5,6165.932665,24052.6,24081.7,23882.05,24032.8
2026-05-06,NIFTY,111330,7236450,17589.59,60509041,3933087665,9538622.89,9556212.48,151681.61,63.00178697,58525.08,40907138,47302372.62,542.2879607,24171,24356.5,23997.9,24330.95
2026-05-07,NIFTY,74264,4827160,11787.64,50685806,3294577390,8054600.11,8066387.75,153598.59,52.51602733,55738.41,41857938,47522670.49,683.3089669,24398.5,24482.1,24284,24326.65
2026-05-08,NIFTY,66581,4327765,10493.86,81808828,5317573820,12935087.37,12945581.23,147669.21,87.66608306,51591.02,41122363,47362819.02,1232.63388,24233.65,24253.8,24126.65,24176.15
2026-05-11,NIFTY,85546,5560490,13319.81,137863771,8961145115,21558305.4,21571625.21,138987.18,155.2058629,66521.49,43253759,46719544.07,1618.514483,23970.1,23997.45,23799.1,23815.85
2026-05-12,NIFTY,105818,6878170,16220.88,408235732,26535322580,62752305.17,62768526.05,144731.74,433.6887406,62038.21,43456783,45627317.18,3868.612872,23722.6,23757.55,23348.4,23379.55
2026-05-13,NIFTY,90939,5911035,13894.33,50820448,3303329120,7803896.5,7817790.83,138604.95,56.40340284,65977.34,42195360,45856145.45,561.6605119,23362.45,23582.95,23262.55,23412.6
2026-05-14,NIFTY,98716,6416540,15183.93,50563454,3286624510,7796085.89,7811269.82,143017.67,54.61751558,56660.91,41039788,46314686.2,513.4432186,23530.25,23777.2,23426.55,23689.6
2026-05-15,NIFTY,96359,6263335,14875.13,97107619,6311995235,15015529.56,15030404.69,133227.25,112.8177958,61463.85,37954767,46092009.34,1009.438543,23731.4,23839.3,23610.3,23643.5
2026-05-18,NIFTY,101322,6585930,15505.1,164079160,10665145400,25193343.12,25208848.22,123450.3,204.2024055,53590.47,41172064,45845981.64,1624.84235,23482.2,23695.65,23317.1,23649.95
2026-05-19,NIFTY,62819,4083235,9682.83,417021327,27106386255,64241651.47,64251334.3,131116.02,490.0342025,54496.01,38972161,46012750.58,6634.594583,23675.3,23782.3,23587.2,23618
2026-05-20,NIFTY,71067,4619355,10897.55,44475382,2890899830,6853577.72,6864475.27,114524.98,59.93867251,45901.92,34905011,46147286.15,628.9099587,23457.25,23690.9,23397.3,23659
2026-05-21,NIFTY,120458,7829770,18567.01,48557800,3156257000,7491923.85,7510490.86,121251.1,61.94163072,49003.77,34301358,46252074.02,403.5072879,23830.05,23859.9,23596.6,23654.7
2026-05-22,NIFTY,154993,10074545,23982.57,76408681,4966564265,11829818.56,11853801.13,113338.48,104.5876134,45386.47,33645050,46323086.29,493.2673421,23671.2,23835.65,23671,23719.3
2026-05-25,NIFTY,144322,9380930,22531.95,105273473,6842775745,16408306.73,16430838.68,119581.17,137.4032273,52075.66,34440178,46880461.09,728.2239988,23940.25,24054.45,23922.85,24031.7
2026-05-26,NIFTY,144446,9388990,22558.35,314020332,20411321580,48981964.36,49004522.71,127513.37,384.308898,52480.56,35596118,46915279.91,2171.345172,24004.1,24089.8,23885.45,23913.7
2026-05-27,NIFTY,48758,3169270,7602.73,40070134,2604558710,6254006.32,6261609.05,135899.66,46.07523705,68384.39,37352411,47112216.44,822.6000818,23880.35,23983.2,23858.25,23907.15
2026-05-29,NIFTY,143179,9306635,22223.95,101681262,6609282030,15820571.06,15842795.01,287452.34,55.1145105,96168.72,51231294,46534794.3,711.8703498,23902.15,24002.8,23484.75,23547.75
2026-06-01,NIFTY,84714,5506410,12991.32,156201269,10153082485,24027255.86,24040247.18,132672.24,181.2002811,59110.15,40606252,46054325.52,1849.485338,23654.5,23733.7,23357.95,23382.6
2026-06-02,NIFTY,97926,6365190,14953.97,508112154,33027290010,77445125.2,77460079.17,143327.01,540.4429993,55472.64,40028030,46273226.88,5178.900667,23229.15,23556.95,23229.15,23483.55
2026-06-03,NIFTY,143517,9328605,21834.22,63684062,4139464030,9744689.63,9766523.85,135352,72.15647977,63275.66,37885532,46121002.68,446.3035377,23415.95,23459.65,23151.5,23405.6
2026-06-04,NIFTY,72257,4696705,11023.7,51441979,3343728635,7870246.59,7881270.29,128983.62,61.10287717,60476.9,36985442,46219451.96,713.9387492,23282.45,23465.3,23247.3,23416.55
2026-06-05,NIFTY,85746,5573490,13088.01,117503625,7637735625,17979162.86,17992250.87,128870.62,139.6148391,57232.26,36740162,46168497.82,1373.712494,23478.95,23516.35,23282.65,23366.7
2026-06-08,NIFTY,83936,5455840,12677.55,136890117,8897857605,20761119.83,20773797.38,109230.2,190.1836432,51841.65,36738201,45501984.77,1637.628708,23080.7,23267.3,23070.15,23123
2026-06-09,NIFTY,65656,4267640,9929.46,411057465,26718735225,62115412.8,62125342.26,123202.8,504.2526814,57339.61,34717812,45961148.73,6255.668767,23259.05,23279.4,23104.45,23242.1
2026-06-10,NIFTY,60527,3934255,9190.77,48065447,3124254055,7329414.72,7338605.49,119714.14,61.30107513,56852.78,35484856,45554989.83,797.4755891,23233.95,23425.35,23184.6,23214.95
2026-06-11,NIFTY,69612,4524780,10516.16,50274666,3267853290,7628450.38,7638966.54,112502.22,67.9005849,52289.6,35463899,45233059.16,725.4026546,23104.4,23327.45,23072.05,23161.6
2026-06-12,NIFTY,120981,7863765,18507.64,114546998,7445554870,17505422.42,17523930.06,118837.67,147.4610707,56006.69,35489036,46200261.9,945.8484399,23412.55,23645.35,23313.9,23622.9
2026-06-15,NIFTY,85151,5534815,13268.88,149727516,9732288540,23282080.9,23295349.78,138642.27,168.0248728,60957.87,41923281,47013907.91,1754.637988,23984.85,24011.4,23817.8,23853.9
2026-06-16,NIFTY,55543,3610295,8658.74,349200125,22698008125,54379169.81,54387828.55,119619.41,454.6739409,58961.49,37369306,47220089.48,6280.263619,23923.9,24002.6,23888.2,23989.15
2026-06-17,NIFTY,45802,2977130,7169.81,37892127,2462988255,5941128.24,5948298.05,133368.61,44.60043521,61173.72,36951566,47504110.37,828.6311966,24044.5,24108.2,23969.7,24085.7
2026-06-18,NIFTY,54063,3514095,8487.12,46175355,3001398075,7239039.41,7247526.53,133872.05,54.13771232,58573.05,37479951,47739693.78,852.9441566,24073.8,24189.25,24036.95,24168
2026-06-19,NIFTY,76529,4974385,11960.2,90472088,5880685720,14161671.38,14173631.58,159981.95,88.59519202,62786.56,40645289,47724901.16,1184.066435,23991.2,24047.2,23901.9,24013.1
2026-06-22,NIFTY,41100,2671500,6457.08,97707104,6350961760,15338500,15344957.08,118948,129.0055914,48527.53,37384975,48001084.64,2375.45454,24106.6,24168.05,24073.15,24102.9
2026-06-23,NIFTY,82374,5354310,12857.5,443434515,28823243475,69230867.3,69243724.8,131784.41,525.4318383,53838.02,39009862,47479957.8,5384.473444,24071.3,24135.5,23784.95,23824.1
2026-06-24,NIFTY,152847,9935055,23873.49,53737193,3492917545,8401454.05,8425327.54,122776.22,68.62344793,50788.64,37727066,47606684.71,351.9156206,23795.8,24090.05,23789.25,24021.65
2026-06-25,NIFTY,165218,10739170,25996.07,55683046,3619397990,8745258.96,8771255.03,136051.69,64.47001893,53226.65,37874452,47479950.52,336.4069631,24125.85,24261.6,24039,24056
2026-06-29,NIFTY,161244,10480860,25221.24,143542822,9330283430,22460058.04,22485279.28,183491.87,122.5410111,62895.22,47267541,47291818.38,890.521562,24061.75,24120,23924.55,23946.25
2026-06-30,NIFTY,198299,12889435,30914.53,375193609,24387584585,58455830.03,58486744.56,140407.22,416.5508338,56755.27,40258903,47408274.96,1890.88529,24032.05,24035.55,23829.2,23865.75
2026-07-01,NIFTY,40979,2663635,6418.98,44975370,2923399050,7046487.06,7052906.04,119242.61,59.14753157,55617.48,38104324,47657755.04,1097.758064,23897.65,24049.9,23895.1,24005.85
2026-07-02,NIFTY,48765,3169725,7681.05,48505028,3152826820,7615230.22,7622911.27,122377.81,62.28997945,55868.76,37820806,47980203.72,991.4308877,24062.2,24194.55,24058.8,24175.7
2026-07-03,NIFTY,55426,3602690,8791.63,88631778,5761065570,14013425.11,14022216.74,131653.67,106.508362,60523.05,38548364,48019864.19,1593.950736,24375.65,24378.15,24252.35,24270.85
2026-07-06,NIFTY,45765,2974725,7281.81,125484934,8156520710,19873819.18,19881100.99,112696.35,176.4129982,46558.65,35720128,48195903.38,2729.241656,24306.85,24458.65,24287.1,24430.35
2026-07-07,NIFTY,52012,3380780,8287.63,387084296,25160479240,61501165.96,61509453.59,127892.33,480.9471654,47076.94,38097829,48011196.13,7420.838763,24464.45,24530.9,24348.95,24398.7
2026-07-08,NIFTY,121559,7901335,19040.26,67613913,4394904345,10645368.42,10664408.68,138389.65,77.06073886,56741.56,44168652,47121582.51,559.0978495,24259.55,24300,23805.2,23882.05
2026-07-09,NIFTY,63721,4141865,9970,51667256,3358371640,8095322.69,8105292.69,124498.75,65.10340618,52705.58,38450400,47557244.66,811.9681735,23928.95,24134.7,23925.7,23962.8
2026-07-10,NIFTY,51141,3324165,8055.49,86037926,5592465190,13532462.04,13540517.53,122157.67,110.8445956,46230.87,37487660,48134040.56,1679.90551,24124.7,24228.45,24120.35,24206.9
2026-07-13,NIFTY,54405,3536325,8549.66,159656664,10377683160,25091013.22,25099562.88,121684.26,206.2679502,46056.55,37482180,48162578.52,2934.738132,24039.4,24259.8,24000.2,24211
2026-07-14,NIFTY,58450,3799250,9151,385703355,25070718075,60390536.51,60399687.51,120723.96,500.3123449,43193.73,36575761,47866401.61,6599.337396,24068,24157.1,24023.7,24052.05
2026-07-15,NIFTY,52974,3443310,8313.36,45691293,2969934045,7184708.34,7193021.7,120941.56,59.47518537,50182.62,36062367,48013250.03,864.2364026,24085.85,24220.35,24010.55,24078.5
2026-07-16,NIFTY,53275,3462875,8362.68,42724724,2777107060,6716640.18,6725002.86,122437.16,54.92615853,42114.8,35793295,47966554.41,803.1683838,24142.1,24186.5,24050,24072.75
2026-07-17,NIFTY,93962,6107530,14818.2,96196347,6252762555,15184696.48,15199514.68,114403,132.8594065,45647.11,34464808,48017663.89,1024.732861,24127.6,24367.3,24099.05,24334.3
2026-07-20,NIFTY,56686,3684590,8928.47,138857811,9025757715,21881242.72,21890171.19,107795.45,203.0713837,42777.09,34167108,48144567.04,2450.727025,24190.05,24266.1,24135.85,24238.5
2026-07-21,NIFTY,50724,3297060,7984.95,327924200,21315073000,51611679.21,51619664.16,113350.33,455.3993284,42929.45,35355780,48343129.98,6463.619586,24216.05,24262.2,24135.65,24187.7
2026-07-22,NIFTY,65044,4227860,10166.45,41738427,2712997755,6552201.63,6562368.08,111459.97,58.87645654,42662.67,35320601,47909998.2,644.4925839,24150.45,24166.3,23961.4,23996.25
2026-07-23,NIFTY,143453,9324445,22318.21,46396692,3015784980,7259056.13,7281374.34,111749.62,65.15793378,42307.8,35892377,47572808.85,325.2526134,23904.8,23990.75,23807.2,23869.6
2026-07-24,NIFTY,131349,8537685,20300.39,98625074,6410629810,15310648.78,15330949.17,110468.21,138.7815478,42198.45,35415629,47474922.11,754.2046621,23666.35,23823.6,23606.3,23767.45